brand,model,year,mileage,fuel_type,transmission,owner_count,region,price,listing_date,days_to_sale
BMW,M3,2015,138305,Petrol,Automatic,2,North,15550.0,2025-12-10,43
Ford,Mustang,2012,136031,Petrol,Automatic,1,Metro,4100.0,2026-07-31,34
Mercedes-Benz,C-Class,2021,31015,Hybrid,Automatic,1,East,30650.0,2026-02-15,15
BMW,5 Series,2020,44406,Hybrid,Automatic,1,Metro,32200.0,2026-06-01,9
Ford,Escape,2022,55722,Petrol,Automatic,1,North,20950.0,2025-11-30,18
Chevrolet,Silverado,2022,34365,Petrol,Manual,1,Metro,27450.0,2026-03-14,21
Ford,Explorer,2021,45103,Electric,Manual,2,South,20550.0,2025-11-22,3
Toyota,Camry,2017,119022,Hybrid,Automatic,2,Central,9600.0,2026-05-20,24
Hyundai,Sonata,2021,41015,Hybrid,Automatic,2,Metro,18200.0,2025-10-19,42
Ford,Explorer,2012,112301,Petrol,Automatic,1,South,4550.0,2026-06-10,13
Mazda,CX-9,2016,143595,Diesel,Automatic,4,East,11800.0,2025-11-20,36
Mercedes-Benz,GLE,2020,59498,Petrol,Automatic,1,Central,30500.0,2026-03-29,36
Chevrolet,Tahoe,2020,65970,Petrol,Automatic,2,South,31150.0,2026-02-12,16
Toyota,Highlander,2022,39344,Hybrid,Automatic,1,North,29950.0,2026-04-05,23
Nissan,Altima,2023,13010,Petrol,Manual,1,Metro,22200.0,2026-07-08,26
Honda,Accord,2019,54850,Diesel,Automatic,1,East,16200.0,2026-01-02,21
Audi,Q7,2020,38048,Electric,Automatic,2,East,34000.0,2026-04-26,30
Tesla,Model S,2020,117805,Electric,Automatic,1,South,44950.0,2025-12-22,26
Porsche,Panamera,2019,82887,Petrol,Manual,3,North,47800.0,2026-04-10,59
Nissan,Altima,2023,15601,Petrol,Automatic,1,West,23300.0,2026-05-31,46
Tesla,Model X,2013,151897,Electric,Automatic,2,West,14000.0,2025-09-28,48
Chevrolet,Malibu,2020,68952,Electric,Automatic,2,South,12750.0,2026-04-12,51
Mercedes-Benz,E-Class,2013,186477,Petrol,Automatic,1,South,8250.0,2026-03-08,76
Honda,Accord,2016,113838,Hybrid,Automatic,3,North,8500.0,2026-01-12,32
Mercedes-Benz,GLC,2018,136529,Hybrid,Automatic,4,Metro,19650.0,2026-04-16,66
Toyota,Corolla,2012,194786,Petrol,Automatic,2,West,2650.0,2026-02-26,140
Ford,Escape,2014,177826,Petrol,Automatic,1,South,3350.0,2025-11-25,124
Kia,Telluride,2022,20055,Hybrid,Automatic,2,East,31050.0,2026-02-10,46
Honda,CR-V,2022,30824,Petrol,Manual,1,Central,21650.0,2026-02-12,38
Porsche,911,2017,161013,Petrol,Automatic,2,Central,58450.0,2025-10-13,100
Tesla,Model Y,2021,42166,Electric,Automatic,1,Central,31750.0,2025-12-20,26
Audi,Q7,2018,49040,Petrol,Automatic,1,East,26350.0,2025-12-05,63
Tesla,Model X,2024,3000,Electric,Automatic,1,Metro,98150.0,2025-10-24,43
Honda,CR-V,2024,3000,Petrol,Automatic,1,Metro,33550.0,2026-06-19,65
Honda,Accord,2018,62429,Petrol,Automatic,1,East,12700.0,2025-11-15,9
Honda,Accord,2013,144130,Hybrid,Automatic,3,West,5300.0,2026-05-22,82
Honda,Civic,2022,22820,Hybrid,Automatic,1,North,20300.0,2026-04-24,65
Audi,A4,2024,3000,Petrol,Manual,1,South,41700.0,2025-11-01,27
Chevrolet,Malibu,2023,12397,Petrol,Manual,1,North,21600.0,2025-11-01,50
Nissan,Pathfinder,2012,217020,Petrol,Manual,2,East,4450.0,2026-07-06,140
Chevrolet,Malibu,2024,3000,Petrol,Automatic,2,East,24600.0,2026-06-18,29
Mercedes-Benz,GLE,2015,132089,Petrol,Manual,2,West,7900.0,2026-05-11,40
Ford,Mustang,2014,113388,Petrol,Automatic,2,East,4250.0,2026-07-30,32
BMW,3 Series,2017,109707,Petrol,Automatic,2,West,11750.0,2025-12-03,37
Toyota,RAV4,2024,3000,Hybrid,Automatic,1,East,31250.0,2026-04-24,8
Porsche,Cayenne,2018,132224,Petrol,Automatic,2,West,45700.0,2025-12-22,9
Nissan,Pathfinder,2020,71660,Electric,Automatic,1,North,18400.0,2026-08-23,19
Chevrolet,Tahoe,2024,3000,Electric,Automatic,1,Metro,61750.0,2026-04-30,21
Chevrolet,Malibu,2020,61848,Petrol,Automatic,1,South,11900.0,2026-06-14,23
Volkswagen,Jetta,2021,40018,Petrol,Automatic,1,North,12850.0,2025-12-25,16
Toyota,Camry,2021,43342,Petrol,Automatic,3,Central,17000.0,2025-10-27,19
BMW,3 Series,2022,34561,Hybrid,Automatic,1,North,32300.0,2025-11-10,44
Audi,A6,2023,13965,Petrol,Automatic,1,Central,48550.0,2025-11-08,25
Toyota,RAV4,2020,33856,Hybrid,Automatic,2,East,18500.0,2026-02-03,19
Honda,CR-V,2015,133681,Hybrid,Automatic,3,North,6050.0,2026-01-12,5
Chevrolet,Silverado,2019,96392,Petrol,Automatic,2,West,16050.0,2026-07-08,30
Mercedes-Benz,E-Class,2021,54470,Petrol,Automatic,1,Central,35850.0,2026-09-10,50
BMW,M3,2014,120434,Petrol,Automatic,2,South,9350.0,2026-07-27,25
Chevrolet,Silverado,2021,35929,Petrol,Manual,3,East,22500.0,2025-12-03,40
Honda,Pilot,2021,52393,Petrol,Automatic,1,Metro,26950.0,2026-01-23,15
Mercedes-Benz,C-Class,2017,89423,Petrol,Automatic,2,East,13000.0,2025-11-29,37
Volkswagen,Tiguan,2020,35113,Hybrid,Automatic,1,North,19700.0,2026-08-13,58
Toyota,Highlander,2023,12247,Petrol,Automatic,1,South,33600.0,2026-08-26,34
Hyundai,Tucson,2022,42013,Hybrid,Automatic,1,South,22150.0,2025-10-06,8
Chevrolet,Tahoe,2018,135363,Petrol,Automatic,3,South,21250.0,2025-10-23,29
Volkswagen,Passat,2014,145961,Petrol,Automatic,2,Central,3500.0,2026-04-07,36
Subaru,Forester,2024,3000,Petrol,Automatic,1,Central,27200.0,2026-06-04,14
Honda,Accord,2015,96324,Petrol,Automatic,2,West,6350.0,2026-07-07,35
Honda,CR-V,2015,59299,Hybrid,Automatic,3,East,9750.0,2026-04-02,83
Hyundai,Sonata,2015,74653,Petrol,Manual,3,Metro,5900.0,2026-07-17,27
Tesla,Model 3,2022,29683,Electric,Automatic,1,North,32750.0,2025-11-12,22
Mazda,CX-5,2020,67610,Petrol,Automatic,3,Metro,18150.0,2026-06-24,49
Tesla,Model 3,2016,109046,Electric,Automatic,3,North,12500.0,2025-12-10,75
Honda,Pilot,2019,68550,Petrol,Automatic,2,East,21050.0,2026-03-07,51
Honda,CR-V,2019,76989,Petrol,Automatic,1,Metro,19450.0,2026-07-13,26
Volkswagen,Golf,2018,127790,Petrol,Automatic,3,West,7600.0,2026-03-24,8
Honda,Accord,2023,7699,Petrol,Manual,2,West,24250.0,2025-12-18,15
Hyundai,Elantra,2014,126533,Diesel,Automatic,3,West,2650.0,2026-01-24,26
Tesla,Model X,2024,3000,Electric,Automatic,1,Metro,91000.0,2026-09-15,12
Nissan,Altima,2023,16694,Petrol,Automatic,1,North,22550.0,2025-12-19,14
Tesla,Model 3,2024,3000,Electric,Automatic,2,West,45800.0,2026-03-14,30
Porsche,Panamera,2023,17819,Petrol,Automatic,1,Central,89350.0,2026-07-04,28
Toyota,RAV4,2016,129464,Petrol,Automatic,3,South,8900.0,2026-05-29,22
Honda,Pilot,2012,150537,Petrol,Automatic,3,East,6000.0,2026-03-18,31
Tesla,Model Y,2022,28296,Electric,Automatic,1,Metro,42000.0,2025-10-17,21
Toyota,RAV4,2023,16578,Petrol,Automatic,1,Metro,28000.0,2026-01-25,29
Honda,Accord,2022,21299,Petrol,Manual,2,North,18400.0,2025-10-06,14
Honda,Civic,2016,121395,Petrol,Automatic,1,South,7650.0,2026-06-02,51
Hyundai,Santa Fe,2017,110415,Diesel,Automatic,2,North,7700.0,2026-03-19,33
Mercedes-Benz,GLC,2021,51438,Electric,Automatic,1,West,27900.0,2026-07-08,8
Porsche,Cayenne,2024,3000,Petrol,Automatic,1,West,81850.0,2026-01-06,22
Toyota,Highlander,2013,194422,Hybrid,Automatic,2,Metro,8500.0,2026-06-25,27
Toyota,RAV4,2014,161644,Hybrid,Automatic,2,South,5550.0,2026-01-01,49
Chevrolet,Equinox,2021,76336,Petrol,Automatic,1,East,17800.0,2026-09-15,20
Honda,CR-V,2019,60901,Hybrid,Automatic,1,North,15150.0,2026-03-04,46
Hyundai,Sonata,2018,69796,Hybrid,Automatic,4,East,8200.0,2026-03-21,11
Toyota,Camry,2020,36540,Petrol,Automatic,2,West,16000.0,2025-11-05,10
Hyundai,Tucson,2016,95330,Petrol,Automatic,2,East,9150.0,2026-05-24,38
Audi,Q7,2021,29252,Petrol,Manual,1,West,35900.0,2025-11-07,35
Honda,Accord,2013,150424,Hybrid,Automatic,1,West,3500.0,2026-02-10,14
Ford,Escape,2019,46947,Hybrid,Automatic,2,South,12950.0,2026-04-30,28
Toyota,RAV4,2019,64060,Petrol,Automatic,3,Metro,16700.0,2026-08-04,11
Ford,Mustang,2015,136132,Petrol,Automatic,1,West,5900.0,2026-07-23,25
Mazda,CX-5,2022,27710,Hybrid,Automatic,1,Metro,27650.0,2026-05-04,41
Hyundai,Elantra,2014,141700,Diesel,Automatic,4,East,2650.0,2026-04-06,140
Hyundai,Sonata,2018,110689,Hybrid,Automatic,3,North,9200.0,2026-06-28,59
Audi,Q5,2018,53379,Petrol,Automatic,1,North,18000.0,2026-01-20,89
Audi,Q7,2020,46280,Petrol,Automatic,1,East,31950.0,2026-09-01,71
Mercedes-Benz,C-Class,2016,114353,Hybrid,Manual,1,Metro,9150.0,2026-01-06,49
Honda,Pilot,2021,41808,Petrol,Automatic,1,Metro,29100.0,2026-08-22,38
Mercedes-Benz,GLC,2017,74404,Petrol,Manual,2,North,12150.0,2026-02-08,76
Honda,Civic,2021,42495,Petrol,Manual,2,West,16750.0,2025-12-17,16
Chevrolet,Equinox,2021,72808,Petrol,Manual,1,North,14600.0,2025-11-21,15
Honda,Civic,2021,33801,Diesel,Automatic,2,East,17000.0,2026-08-23,51
Chevrolet,Tahoe,2022,13774,Petrol,Manual,1,South,41800.0,2026-03-05,14
Hyundai,Santa Fe,2016,193672,Hybrid,Automatic,2,South,7350.0,2026-04-06,100
Ford,Mustang,2020,41205,Petrol,Automatic,2,South,18550.0,2026-07-30,5
Mazda,Mazda6,2024,3416,Petrol,Manual,1,West,26100.0,2026-06-28,26
Honda,Civic,2012,118921,Petrol,Manual,2,South,3000.0,2025-12-18,54
Audi,Q7,2016,96536,Petrol,Automatic,2,Metro,15600.0,2026-07-22,60
BMW,5 Series,2015,148918,Petrol,Automatic,2,North,7350.0,2025-11-14,42
Honda,Civic,2014,93325,Petrol,Automatic,1,Central,6050.0,2025-11-09,45
Toyota,Tacoma,2012,100971,Hybrid,Automatic,1,East,8200.0,2026-01-08,36
Ford,Explorer,2015,109827,Petrol,Automatic,1,South,8850.0,2026-04-15,20
Toyota,Highlander,2019,47467,Petrol,Automatic,1,Metro,25900.0,2025-11-03,26
Volkswagen,Jetta,2015,121935,Petrol,Automatic,2,South,3550.0,2025-09-26,25
Mercedes-Benz,GLE,2017,85947,Hybrid,Automatic,3,East,17950.0,2025-10-02,74
Honda,Accord,2024,3000,Hybrid,Automatic,1,East,31350.0,2026-06-06,20
Honda,Pilot,2024,3000,Hybrid,Automatic,1,North,40350.0,2025-10-23,13
Ford,Explorer,2024,3000,Petrol,Automatic,1,Central,36100.0,2026-08-21,19
Ford,Escape,2016,105473,Petrol,Manual,2,North,5600.0,2026-05-01,66
Chevrolet,Tahoe,2015,197431,Petrol,Automatic,1,East,8850.0,2025-10-03,20
Toyota,RAV4,2024,3000,Hybrid,Manual,2,South,29500.0,2025-12-15,31
Hyundai,Tucson,2017,118115,Petrol,Automatic,3,North,6250.0,2026-08-01,24
Audi,A4,2022,18441,Petrol,Automatic,1,East,31900.0,2026-03-01,26
Honda,Accord,2022,23799,Petrol,Automatic,1,East,23200.0,2026-04-29,29
Honda,Accord,2022,39746,Petrol,Automatic,1,East,23300.0,2026-08-27,30
BMW,M3,2012,207674,Petrol,Automatic,2,Metro,9350.0,2026-08-14,140
Audi,A6,2019,102014,Petrol,Automatic,1,West,27000.0,2026-06-11,68
BMW,X5,2014,165291,Petrol,Automatic,1,Central,8050.0,2025-12-04,96
Hyundai,Santa Fe,2015,157754,Petrol,Automatic,4,North,5900.0,2026-03-12,105
Volkswagen,Tiguan,2017,115527,Diesel,Manual,1,Central,6150.0,2026-01-16,24
Nissan,Sentra,2019,84120,Petrol,Automatic,2,West,8350.0,2026-08-02,52
BMW,5 Series,2023,9265,Petrol,Manual,1,West,45250.0,2026-07-22,12
Nissan,Rogue,2022,23105,Petrol,Automatic,1,West,22000.0,2026-02-11,38
Audi,Q5,2017,70089,Electric,Automatic,1,Central,13850.0,2026-07-12,27
Toyota,Corolla,2019,101370,Hybrid,Automatic,2,East,11100.0,2025-09-21,38
BMW,M3,2022,33101,Hybrid,Automatic,1,Metro,54350.0,2026-05-19,23
Ford,Mustang,2022,18598,Diesel,Automatic,1,West,26250.0,2025-10-05,41
Mercedes-Benz,E-Class,2018,78867,Petrol,Automatic,2,South,18150.0,2026-09-12,21
Ford,F-150,2018,79817,Petrol,Automatic,2,Metro,15550.0,2026-03-06,35
Toyota,Tacoma,2022,21413,Petrol,Automatic,2,Metro,26100.0,2026-04-04,42
Subaru,Outback,2022,26858,Petrol,Automatic,1,East,22800.0,2025-10-30,27
Tesla,Model X,2024,3210,Electric,Automatic,1,Central,84500.0,2026-03-11,25
Toyota,Tacoma,2019,69908,Hybrid,Automatic,1,Central,18150.0,2026-01-19,23
Toyota,Camry,2021,47949,Petrol,Automatic,1,Metro,19250.0,2026-06-08,22
Hyundai,Sonata,2024,3000,Hybrid,Automatic,1,North,26400.0,2026-08-26,6
Audi,Q5,2019,38098,Petrol,Automatic,1,North,20250.0,2026-04-03,23
Volkswagen,Golf,2023,14121,Petrol,Automatic,1,East,23100.0,2026-02-14,13
Toyota,Highlander,2017,97749,Petrol,Automatic,3,North,15500.0,2026-09-12,54
Subaru,Impreza,2013,178675,Petrol,Manual,3,East,2750.0,2026-02-23,57
Mercedes-Benz,C-Class,2021,29084,Diesel,Automatic,1,East,29500.0,2025-10-03,29
Honda,Accord,2021,58641,Petrol,Automatic,1,East,21200.0,2026-03-22,18
Subaru,Crosstrek,2021,27774,Petrol,Automatic,1,North,17450.0,2025-10-24,6
BMW,X5,2016,98038,Petrol,Automatic,1,South,13750.0,2025-12-10,28
Ford,Escape,2014,93626,Petrol,Automatic,2,Metro,4150.0,2026-03-30,21
Tesla,Model X,2024,3000,Electric,Automatic,1,North,96100.0,2026-04-15,44
Nissan,Rogue,2014,155894,Petrol,Automatic,1,East,3500.0,2026-04-27,101
Hyundai,Tucson,2021,45903,Hybrid,Automatic,2,North,18600.0,2025-11-29,38
BMW,M3,2018,108008,Hybrid,Automatic,2,Central,27350.0,2026-06-13,35
Ford,F-150,2023,8171,Petrol,Automatic,1,North,33400.0,2026-04-27,47
Tesla,Model S,2020,31227,Electric,Automatic,2,Metro,40600.0,2026-08-15,29
Toyota,RAV4,2017,122728,Petrol,Manual,2,West,12600.0,2025-11-14,20
Honda,CR-V,2018,80526,Petrol,Automatic,2,South,13300.0,2025-11-23,27
Audi,A4,2017,90787,Petrol,Automatic,1,West,12500.0,2026-04-06,57
Chevrolet,Silverado,2016,90594,Petrol,Automatic,4,West,8350.0,2026-08-06,30
Chevrolet,Tahoe,2018,111211,Petrol,Automatic,1,East,26150.0,2025-11-13,46
Ford,Explorer,2023,7192,Hybrid,Automatic,1,South,35000.0,2026-08-21,24
Mercedes-Benz,GLC,2018,64950,Petrol,Automatic,2,West,14600.0,2026-04-11,6
Audi,Q5,2024,3000,Petrol,Manual,1,Metro,48250.0,2025-12-03,3
Volkswagen,Jetta,2019,94009,Petrol,Automatic,1,Central,9650.0,2026-05-29,24
Volkswagen,Golf,2021,48030,Petrol,Manual,2,Central,13300.0,2025-10-18,29
Toyota,Highlander,2019,60872,Hybrid,Manual,1,Metro,22200.0,2026-01-27,18
Honda,Accord,2013,159739,Petrol,Automatic,1,South,3500.0,2026-07-30,61
Mercedes-Benz,C-Class,2020,50268,Petrol,Automatic,2,East,19450.0,2025-11-27,33
Honda,Civic,2023,25546,Petrol,Automatic,1,South,21150.0,2026-04-30,17
Ford,F-150,2017,90880,Petrol,Automatic,1,Central,12000.0,2026-05-03,35
Audi,A6,2024,3000,Diesel,Automatic,2,North,49250.0,2025-10-10,19
Toyota,Tacoma,2022,30575,Diesel,Automatic,1,North,25100.0,2026-03-09,25
Toyota,RAV4,2018,117269,Petrol,Automatic,2,Metro,13150.0,2026-07-07,42
Volkswagen,Jetta,2021,37838,Hybrid,Automatic,2,South,12950.0,2025-10-12,23
BMW,5 Series,2012,151898,Petrol,Automatic,2,North,6950.0,2026-01-20,140
Mercedes-Benz,GLE,2022,23718,Electric,Automatic,1,Central,45850.0,2025-12-20,19
Ford,Explorer,2020,34180,Petrol,Automatic,3,Metro,18950.0,2025-09-21,28
Honda,CR-V,2017,127042,Petrol,Automatic,2,Central,9700.0,2025-12-15,36
Volkswagen,Golf,2016,98209,Hybrid,Automatic,1,Central,5500.0,2026-06-08,39
Kia,Optima,2017,70549,Hybrid,Automatic,1,North,8250.0,2025-11-27,76
Ford,Mustang,2016,186936,Petrol,Automatic,2,West,6250.0,2026-05-13,58
Nissan,Pathfinder,2023,18054,Petrol,Manual,1,Metro,29550.0,2026-09-13,26
Honda,Accord,2021,47687,Petrol,Automatic,2,South,18600.0,2026-01-19,36
Chevrolet,Tahoe,2018,94448,Petrol,Automatic,1,South,21050.0,2026-08-20,33
BMW,X5,2021,35816,Diesel,Manual,1,Central,33150.0,2025-12-15,26
Hyundai,Elantra,2016,89981,Petrol,Automatic,1,South,5100.0,2025-12-29,18
Honda,Civic,2015,112016,Petrol,Automatic,2,East,5950.0,2025-11-16,35
Porsche,911,2019,51701,Petrol,Automatic,1,West,81050.0,2026-03-30,28
Ford,Mustang,2024,3000,Hybrid,Automatic,1,Central,34750.0,2026-02-19,3
Ford,F-150,2012,226771,Hybrid,Automatic,2,East,4550.0,2026-03-26,79
Toyota,Highlander,2024,3000,Hybrid,Automatic,1,South,40300.0,2026-04-16,14
Subaru,Crosstrek,2024,3000,Petrol,Automatic,1,North,25150.0,2026-09-08,28
Ford,Escape,2013,176537,Hybrid,Automatic,1,East,3350.0,2025-12-28,140
Honda,CR-V,2019,79902,Hybrid,Automatic,2,South,14450.0,2025-11-08,13
Porsche,Macan,2022,22530,Petrol,Automatic,1,East,58050.0,2025-10-07,32
Tesla,Model S,2022,30941,Electric,Automatic,1,East,64750.0,2026-06-04,33
Ford,Escape,2023,9348,Diesel,Manual,2,West,22350.0,2026-08-07,24
Ford,Explorer,2019,59909,Petrol,Manual,2,South,15600.0,2026-06-24,19
Toyota,Highlander,2024,3000,Hybrid,Automatic,1,Metro,45650.0,2026-03-22,28
Mercedes-Benz,C-Class,2014,133555,Electric,Automatic,1,West,5650.0,2026-03-29,45
Mercedes-Benz,GLE,2021,65552,Petrol,Automatic,3,North,35850.0,2025-10-09,73
Ford,Mustang,2022,38283,Petrol,Automatic,1,West,28500.0,2025-12-31,16
Nissan,Sentra,2022,14421,Petrol,Automatic,2,West,17150.0,2025-12-10,51
Tesla,Model X,2021,36867,Electric,Automatic,2,North,55800.0,2026-05-17,37
Toyota,Highlander,2021,29916,Petrol,Automatic,2,Central,27900.0,2026-07-20,15
Audi,Q7,2013,91397,Hybrid,Automatic,3,Metro,9150.0,2025-10-20,23
Subaru,Crosstrek,2013,180488,Petrol,Automatic,2,Metro,3100.0,2026-07-17,57
Hyundai,Sonata,2019,98395,Petrol,Manual,1,Central,10000.0,2026-04-10,27
BMW,X3,2020,48277,Petrol,Automatic,1,North,25700.0,2025-09-23,60
BMW,X5,2017,122045,Petrol,Automatic,2,South,17300.0,2026-02-17,55
Chevrolet,Silverado,2017,100329,Diesel,Automatic,2,West,8700.0,2026-07-28,43
Ford,Escape,2022,27328,Petrol,Automatic,1,North,19950.0,2025-11-15,20
Porsche,911,2022,15717,Petrol,Automatic,2,South,96650.0,2026-03-22,16
Ford,Explorer,2013,156597,Petrol,Automatic,4,West,4550.0,2025-12-16,14
BMW,5 Series,2015,61049,Petrol,Automatic,1,West,11200.0,2025-11-17,48
Toyota,Corolla,2024,3000,Hybrid,Automatic,1,Central,24350.0,2026-03-04,13
Tesla,Model X,2012,177932,Electric,Automatic,2,South,14550.0,2026-07-09,140
Mercedes-Benz,GLC,2013,149438,Hybrid,Manual,1,North,6000.0,2026-09-04,34
Audi,A4,2013,207274,Electric,Automatic,2,South,5150.0,2026-06-08,140
Ford,Explorer,2021,52496,Petrol,Automatic,2,East,24500.0,2025-12-01,40
Audi,A4,2021,51755,Petrol,Automatic,2,West,26400.0,2026-07-01,15
Honda,Pilot,2022,39713,Hybrid,Manual,1,West,33250.0,2026-06-06,26
Audi,A4,2016,100620,Petrol,Automatic,1,West,7400.0,2025-11-29,37
Audi,A4,2017,96419,Petrol,Automatic,1,South,11750.0,2026-08-20,16
Volkswagen,Tiguan,2023,7814,Petrol,Automatic,1,North,26500.0,2026-01-14,40
Hyundai,Sonata,2021,36834,Hybrid,Manual,1,Metro,17650.0,2026-08-20,32
Tesla,Model Y,2014,169727,Electric,Automatic,1,East,8100.0,2026-08-19,45
Ford,Mustang,2012,162450,Petrol,Automatic,1,Central,4100.0,2026-05-24,140
BMW,X5,2024,3000,Petrol,Automatic,1,Metro,75300.0,2026-07-09,61
BMW,5 Series,2021,61558,Hybrid,Automatic,1,East,32750.0,2026-04-11,56
Hyundai,Tucson,2022,34041,Petrol,Automatic,1,North,22000.0,2025-12-26,12
Toyota,Corolla,2023,26128,Hybrid,Automatic,1,Metro,19300.0,2026-06-03,16
Chevrolet,Malibu,2024,3000,Petrol,Automatic,1,North,27350.0,2026-07-09,38
Mercedes-Benz,GLC,2024,3000,Hybrid,Automatic,1,Metro,56050.0,2026-05-03,40
Kia,Forte,2013,132309,Hybrid,Manual,4,North,2500.0,2025-10-21,41
Toyota,Corolla,2013,135991,Hybrid,Manual,1,North,3450.0,2026-06-19,25
Honda,Pilot,2023,7503,Diesel,Automatic,2,Central,29900.0,2026-01-10,5
Chevrolet,Silverado,2019,66966,Petrol,Automatic,1,North,17750.0,2026-05-26,29
Toyota,Corolla,2019,79896,Hybrid,Manual,1,East,11850.0,2026-05-25,35
Hyundai,Santa Fe,2019,63869,Petrol,Manual,1,South,13850.0,2025-11-09,33
Chevrolet,Malibu,2020,50100,Petrol,Automatic,1,West,16850.0,2025-10-13,33
Mercedes-Benz,E-Class,2023,12682,Diesel,Manual,1,North,44550.0,2025-11-08,47
Tesla,Model 3,2023,13379,Electric,Automatic,1,South,36200.0,2026-03-07,18
Honda,Pilot,2019,68820,Petrol,Automatic,3,North,17700.0,2026-01-02,17
Toyota,Highlander,2022,26103,Hybrid,Manual,1,East,30150.0,2026-08-11,40
Hyundai,Tucson,2021,53252,Petrol,Automatic,1,North,18750.0,2026-04-23,26
Volkswagen,Passat,2016,114052,Petrol,Automatic,3,East,4950.0,2025-10-09,12
Porsche,Panamera,2024,3000,Petrol,Automatic,1,East,98450.0,2026-08-12,11
Ford,Escape,2024,3000,Petrol,Manual,2,Metro,25700.0,2026-04-03,17
Tesla,Model 3,2022,33363,Electric,Automatic,1,North,30150.0,2026-08-01,12
Subaru,Crosstrek,2018,63349,Petrol,Automatic,1,East,11700.0,2025-11-13,13
Ford,Explorer,2022,30736,Petrol,Automatic,1,East,28450.0,2026-03-11,33
BMW,5 Series,2015,98787,Petrol,Automatic,2,South,6950.0,2026-02-14,35
Audi,A6,2020,48308,Petrol,Automatic,2,Metro,33650.0,2026-05-02,61
Ford,F-150,2013,183312,Petrol,Automatic,1,West,4550.0,2026-05-25,100
Hyundai,Santa Fe,2016,130817,Hybrid,Automatic,2,South,7350.0,2026-03-17,43
Toyota,Highlander,2020,41457,Hybrid,Automatic,1,Metro,28150.0,2025-12-26,20
Toyota,Camry,2018,111634,Hybrid,Automatic,1,West,11350.0,2025-11-10,44
Toyota,Corolla,2022,23213,Petrol,Automatic,1,Metro,18400.0,2026-03-24,19
Mercedes-Benz,GLC,2024,3000,Petrol,Automatic,1,East,52150.0,2026-07-24,49
Mazda,CX-5,2018,132926,Petrol,Automatic,1,North,9900.0,2026-02-04,20
Tesla,Model S,2016,92912,Electric,Automatic,1,Metro,24700.0,2026-05-13,57
Toyota,Corolla,2013,129060,Hybrid,Automatic,1,Metro,5150.0,2026-07-13,76
Porsche,Panamera,2020,49063,Hybrid,Automatic,2,West,72700.0,2026-04-04,61
Tesla,Model 3,2023,9686,Electric,Automatic,1,Central,38350.0,2026-03-15,58
Kia,Sportage,2013,204468,Petrol,Automatic,3,Central,3350.0,2025-10-02,140
Toyota,Corolla,2018,67825,Petrol,Automatic,4,South,8300.0,2026-08-02,18
Audi,A6,2023,14953,Diesel,Automatic,1,South,49800.0,2026-07-23,7
Ford,Explorer,2020,46272,Petrol,Automatic,1,North,21150.0,2026-05-24,41
Toyota,Highlander,2013,128361,Petrol,Automatic,2,West,9800.0,2025-09-16,71
Mercedes-Benz,GLC,2016,92837,Petrol,Automatic,2,East,8450.0,2026-09-10,64
Hyundai,Elantra,2018,62373,Petrol,Automatic,1,West,8350.0,2026-08-05,35
BMW,X5,2021,28333,Electric,Automatic,1,East,42000.0,2026-05-22,42
Porsche,Macan,2024,3000,Petrol,Automatic,1,West,66900.0,2025-12-03,26
Toyota,Tacoma,2023,14280,Hybrid,Automatic,1,Metro,31800.0,2026-02-18,32
Hyundai,Sonata,2016,102815,Petrol,Automatic,3,North,5600.0,2026-08-28,6
Toyota,Corolla,2012,150018,Hybrid,Automatic,2,North,2650.0,2025-10-27,49
Mercedes-Benz,E-Class,2020,72936,Petrol,Automatic,2,North,23300.0,2025-12-03,40
Kia,Sportage,2016,104526,Petrol,Automatic,2,North,6900.0,2026-04-15,49
Toyota,Highlander,2024,3000,Petrol,Automatic,2,West,41350.0,2026-07-01,19
Ford,Explorer,2015,128259,Petrol,Automatic,4,South,8000.0,2026-03-07,31
Subaru,Crosstrek,2019,58971,Petrol,Manual,1,South,12150.0,2025-09-24,7
Ford,Explorer,2018,99515,Petrol,Automatic,3,East,14300.0,2026-08-07,17
Ford,Escape,2020,63614,Petrol,Automatic,1,East,13850.0,2026-07-05,13
Toyota,RAV4,2021,27350,Hybrid,Automatic,1,West,23400.0,2026-02-15,14
Audi,Q7,2022,29346,Petrol,Automatic,1,West,47750.0,2026-06-06,27
Kia,Forte,2022,21661,Petrol,Automatic,1,East,16950.0,2025-10-29,19
Ford,F-150,2013,197543,Petrol,Automatic,2,Metro,4550.0,2026-06-29,23
Subaru,Forester,2018,67600,Petrol,Automatic,4,West,12950.0,2026-02-11,28
Toyota,RAV4,2018,62374,Petrol,Automatic,3,South,15900.0,2026-05-08,73
Toyota,RAV4,2017,165661,Petrol,Automatic,3,West,9300.0,2026-04-20,21
Volkswagen,Tiguan,2020,54279,Petrol,Automatic,2,South,16000.0,2026-02-01,15
Mazda,Mazda3,2018,115310,Petrol,Manual,1,Metro,10100.0,2026-05-05,22
BMW,X5,2012,202133,Petrol,Automatic,2,Central,8050.0,2026-03-15,140
Audi,A4,2020,52706,Petrol,Automatic,2,North,21400.0,2026-08-05,62
Toyota,Tacoma,2022,46607,Petrol,Automatic,1,East,25800.0,2026-03-28,17
BMW,M3,2024,3000,Petrol,Automatic,1,West,83450.0,2026-01-12,29
Toyota,Corolla,2015,162153,Hybrid,Automatic,4,Metro,3100.0,2026-08-08,24
Tesla,Model 3,2024,3000,Electric,Automatic,1,West,44300.0,2026-06-04,57
Toyota,Camry,2014,105533,Hybrid,Automatic,2,East,7600.0,2025-09-18,69
Ford,Escape,2013,117761,Electric,Automatic,3,Central,3350.0,2025-10-30,87
Toyota,RAV4,2018,101632,Petrol,Automatic,3,Central,11800.0,2026-09-07,25
Mercedes-Benz,E-Class,2018,81728,Hybrid,Automatic,1,North,19200.0,2026-05-02,18
Ford,Explorer,2021,38334,Petrol,Automatic,1,West,28750.0,2026-07-03,14
Volkswagen,Passat,2016,93015,Petrol,Automatic,2,South,6750.0,2026-06-16,16
BMW,3 Series,2022,24192,Petrol,Automatic,2,South,29300.0,2026-03-13,22
Mercedes-Benz,GLE,2012,123292,Petrol,Automatic,1,East,8550.0,2025-12-31,102
BMW,X3,2016,137728,Petrol,Automatic,3,East,10850.0,2026-05-15,140
Toyota,Corolla,2022,28143,Petrol,Automatic,1,Metro,19600.0,2026-04-25,84
Tesla,Model 3,2012,108943,Electric,Automatic,2,South,5050.0,2026-05-22,22
Volkswagen,Passat,2020,62649,Diesel,Automatic,1,East,14850.0,2026-02-08,15
Tesla,Model S,2021,39211,Electric,Automatic,1,South,55950.0,2026-02-11,34
Chevrolet,Tahoe,2024,3650,Petrol,Automatic,1,East,59350.0,2026-07-28,25
Audi,A4,2023,13773,Hybrid,Automatic,1,Metro,40250.0,2026-05-27,6
Honda,Accord,2017,102012,Diesel,Automatic,2,Central,9200.0,2025-10-07,55
Subaru,Outback,2022,23589,Petrol,Manual,1,North,22950.0,2025-10-14,26
Chevrolet,Malibu,2020,64022,Petrol,Automatic,2,Central,11500.0,2026-03-25,15
Kia,Sportage,2023,8702,Petrol,Automatic,2,North,24550.0,2026-05-18,54
Hyundai,Elantra,2017,78705,Petrol,Automatic,4,East,7450.0,2025-10-02,33
Toyota,Tacoma,2019,57445,Petrol,Automatic,1,Metro,16350.0,2026-05-28,13
Chevrolet,Malibu,2022,20372,Diesel,Automatic,1,South,18050.0,2025-12-13,20
Honda,Civic,2023,12901,Petrol,Automatic,1,Central,21950.0,2026-04-04,30
BMW,X5,2020,39200,Hybrid,Automatic,1,Metro,32600.0,2026-08-27,16
Toyota,Tacoma,2022,36559,Hybrid,Manual,1,West,26000.0,2026-03-02,24
Subaru,Crosstrek,2017,103028,Hybrid,Automatic,2,Metro,9750.0,2025-10-31,47
Chevrolet,Malibu,2024,3611,Petrol,Automatic,1,East,26150.0,2025-11-11,9
Nissan,Altima,2022,36764,Petrol,Manual,1,West,18750.0,2025-12-11,30
Toyota,RAV4,2022,17414,Hybrid,Automatic,1,East,25300.0,2026-07-25,12
Mercedes-Benz,C-Class,2023,14692,Electric,Automatic,1,Metro,43450.0,2026-04-29,12
Honda,Civic,2019,73220,Hybrid,Automatic,2,North,11500.0,2026-07-24,38
Ford,Explorer,2017,115053,Hybrid,Automatic,3,East,11600.0,2025-11-13,23
Honda,Accord,2019,93959,Hybrid,Automatic,2,Metro,16200.0,2026-04-23,52
Honda,Accord,2022,16803,Diesel,Automatic,1,Metro,23700.0,2026-01-24,45
Mercedes-Benz,E-Class,2019,58319,Petrol,Automatic,1,East,26800.0,2026-08-06,45
Honda,Accord,2016,72740,Petrol,Manual,2,South,8650.0,2026-08-24,41
Audi,A4,2023,23280,Petrol,Automatic,1,Metro,38550.0,2026-05-22,24
Nissan,Altima,2017,64952,Petrol,Automatic,2,South,7350.0,2025-11-17,29
Volkswagen,Golf,2017,123079,Electric,Automatic,2,South,7050.0,2025-12-24,30
BMW,5 Series,2021,54724,Petrol,Automatic,2,South,31450.0,2026-03-05,93
Honda,Pilot,2020,86896,Petrol,Manual,1,West,19650.0,2026-01-26,20
Toyota,Camry,2018,72388,Petrol,Automatic,3,Metro,13800.0,2026-04-01,37
Audi,A6,2024,3000,Petrol,Manual,1,South,62500.0,2025-10-25,27
Toyota,RAV4,2022,33062,Hybrid,Automatic,1,North,24600.0,2026-07-02,7
Audi,Q7,2024,3000,Hybrid,Automatic,1,East,68700.0,2026-04-08,38
Toyota,Corolla,2015,140507,Hybrid,Manual,3,Metro,3200.0,2026-01-23,30
Toyota,Highlander,2020,30503,Petrol,Automatic,1,North,25900.0,2025-12-26,36
Toyota,Highlander,2024,3000,Petrol,Automatic,1,East,43450.0,2025-10-17,31
Tesla,Model 3,2020,36696,Electric,Automatic,1,Central,23350.0,2026-06-08,75
Audi,Q5,2023,12827,Petrol,Automatic,1,West,40850.0,2026-01-24,22
BMW,5 Series,2018,57490,Diesel,Automatic,2,Metro,21300.0,2025-12-30,51
Ford,Explorer,2022,34206,Petrol,Automatic,1,North,26200.0,2025-11-23,24
Ford,Mustang,2020,61379,Hybrid,Automatic,2,West,18600.0,2026-03-06,28
Audi,Q7,2023,13752,Petrol,Automatic,1,South,52700.0,2026-06-25,50
Tesla,Model S,2021,34056,Electric,Automatic,3,East,48150.0,2026-06-07,23
BMW,M3,2017,81469,Petrol,Automatic,1,East,25150.0,2026-03-11,100
Kia,Forte,2019,95756,Petrol,Automatic,1,West,8400.0,2026-06-07,39
Toyota,RAV4,2016,89184,Diesel,Manual,1,South,10400.0,2026-01-10,15
Volkswagen,Jetta,2016,148012,Petrol,Automatic,3,South,3250.0,2026-02-14,15
Toyota,RAV4,2013,100348,Hybrid,Automatic,2,West,6350.0,2026-05-04,73
Kia,Telluride,2021,43094,Petrol,Automatic,2,West,24500.0,2025-10-31,19
Ford,Mustang,2024,3000,Petrol,Manual,1,North,33100.0,2025-10-28,21
Honda,Pilot,2013,147361,Petrol,Manual,2,South,7350.0,2025-11-03,38
Toyota,Corolla,2018,63543,Petrol,Automatic,2,West,11050.0,2025-11-08,50
Volkswagen,Golf,2015,146450,Petrol,Automatic,1,West,3350.0,2026-02-08,10
Nissan,Altima,2023,28153,Hybrid,Automatic,2,North,22200.0,2026-03-08,30
Ford,F-150,2023,18932,Petrol,Automatic,1,South,35100.0,2026-04-03,19
Mazda,CX-5,2018,73422,Petrol,Automatic,2,Metro,15250.0,2026-05-15,73
Toyota,Corolla,2019,95603,Petrol,Automatic,1,East,11700.0,2025-10-29,24
Toyota,RAV4,2021,36222,Hybrid,Automatic,1,South,21850.0,2026-05-19,55
Chevrolet,Silverado,2023,10949,Petrol,Automatic,1,East,33650.0,2026-07-12,25
Nissan,Rogue,2023,12542,Petrol,Automatic,1,East,24950.0,2026-06-30,31
Audi,A6,2018,47956,Hybrid,Automatic,3,North,18850.0,2026-03-07,39
Kia,Telluride,2015,101117,Diesel,Automatic,2,West,9650.0,2026-05-24,20
BMW,5 Series,2013,224277,Hybrid,Automatic,3,East,6950.0,2025-11-02,117
Mercedes-Benz,C-Class,2021,45050,Petrol,Automatic,1,South,25300.0,2026-09-13,39
Porsche,Panamera,2024,3000,Petrol,Automatic,1,Central,98400.0,2025-11-09,19
Subaru,Outback,2019,54745,Petrol,Automatic,1,Central,16800.0,2026-06-11,28
Toyota,Camry,2021,47281,Hybrid,Automatic,1,East,19950.0,2025-11-13,16
Tesla,Model S,2013,171031,Electric,Automatic,1,East,11300.0,2025-10-08,12
Mercedes-Benz,E-Class,2022,31235,Hybrid,Automatic,1,Central,41550.0,2026-06-29,43
Chevrolet,Malibu,2013,124403,Petrol,Automatic,1,West,3100.0,2026-05-29,140
BMW,M3,2022,19323,Petrol,Automatic,2,North,55500.0,2025-10-26,57
Toyota,Camry,2024,3000,Petrol,Automatic,1,Central,24700.0,2026-07-11,10
Chevrolet,Malibu,2023,28990,Petrol,Automatic,1,South,23150.0,2025-12-10,21
BMW,X5,2023,26226,Petrol,Automatic,2,South,55400.0,2026-04-13,42
Ford,Escape,2018,62492,Petrol,Automatic,4,Metro,10300.0,2026-01-01,53
BMW,3 Series,2023,13602,Petrol,Automatic,1,Metro,39700.0,2026-08-02,49
Audi,A6,2022,16406,Petrol,Automatic,1,Metro,45150.0,2025-12-30,27
Audi,A4,2021,36295,Petrol,Automatic,2,West,24100.0,2025-10-31,38
Tesla,Model Y,2022,16431,Electric,Automatic,1,Central,36450.0,2026-07-27,41
Mazda,CX-9,2021,52475,Diesel,Automatic,1,North,23750.0,2026-01-02,17
Mercedes-Benz,GLE,2015,124926,Petrol,Automatic,1,North,13800.0,2026-04-30,40
BMW,5 Series,2012,222880,Diesel,Automatic,3,East,6950.0,2025-12-23,140
Nissan,Sentra,2016,181975,Petrol,Automatic,1,Central,2650.0,2026-04-15,55
Honda,Accord,2019,54145,Hybrid,Automatic,1,South,15300.0,2026-02-03,16
Tesla,Model S,2012,179488,Electric,Automatic,1,North,9850.0,2026-07-08,75
Volkswagen,Golf,2023,10879,Petrol,Automatic,1,West,24100.0,2026-05-19,24
Honda,Pilot,2023,10434,Hybrid,Automatic,1,East,35550.0,2025-10-18,20
Audi,A6,2017,102204,Electric,Automatic,1,West,16750.0,2026-07-13,57
Subaru,Outback,2024,3000,Petrol,Automatic,1,North,29000.0,2026-05-13,27
Nissan,Sentra,2023,4691,Petrol,Automatic,1,West,20650.0,2025-10-14,26
Hyundai,Santa Fe,2015,174578,Petrol,Automatic,4,East,3850.0,2026-01-11,14
Chevrolet,Tahoe,2021,26870,Petrol,Automatic,1,North,35200.0,2025-12-07,16
Hyundai,Sonata,2015,114890,Petrol,Automatic,1,West,6300.0,2026-01-12,61
Honda,Civic,2022,19682,Hybrid,Automatic,1,South,19950.0,2025-10-09,45
Toyota,RAV4,2019,46029,Petrol,Manual,1,East,15850.0,2026-01-27,44
Honda,Accord,2024,3000,Diesel,Automatic,1,West,28650.0,2026-06-29,18
Honda,CR-V,2016,102060,Hybrid,Automatic,2,North,7650.0,2026-01-10,52
BMW,3 Series,2015,82568,Petrol,Automatic,3,West,5400.0,2026-03-15,18
Audi,Q5,2022,20604,Petrol,Automatic,1,Metro,34450.0,2026-06-22,15
BMW,M3,2015,136515,Petrol,Automatic,2,Central,14850.0,2025-12-19,57
Toyota,Highlander,2024,3262,Petrol,Manual,1,Central,37350.0,2025-09-19,28
Honda,CR-V,2015,238303,Petrol,Manual,1,North,6450.0,2026-04-20,15
Nissan,Pathfinder,2020,69126,Petrol,Automatic,2,East,17100.0,2026-06-01,31
Hyundai,Elantra,2024,3000,Petrol,Automatic,1,Metro,23500.0,2025-12-15,31
Hyundai,Santa Fe,2014,150418,Hybrid,Manual,1,North,4400.0,2026-07-08,35
Nissan,Sentra,2016,77390,Hybrid,Automatic,3,West,5350.0,2026-06-24,20
Porsche,Macan,2020,54611,Hybrid,Automatic,3,East,42250.0,2026-02-19,59
Ford,F-150,2023,8344,Petrol,Automatic,1,East,32550.0,2026-06-03,24
BMW,3 Series,2012,147091,Petrol,Automatic,2,East,5400.0,2025-11-18,140
Ford,F-150,2016,159769,Petrol,Automatic,3,North,6450.0,2026-02-05,16
BMW,X3,2024,3000,Petrol,Automatic,1,South,49300.0,2025-11-24,29
Toyota,Tacoma,2022,30851,Petrol,Automatic,2,Central,23000.0,2025-12-19,16
Hyundai,Elantra,2022,30017,Petrol,Automatic,1,East,17450.0,2026-06-12,37
Subaru,Crosstrek,2023,11632,Petrol,Automatic,2,West,23550.0,2026-03-05,25
Honda,Accord,2022,41625,Hybrid,Automatic,1,South,22900.0,2025-11-12,8
Audi,A4,2015,123039,Hybrid,Automatic,2,West,6550.0,2026-01-11,63
Mercedes-Benz,E-Class,2024,3000,Hybrid,Automatic,1,North,64400.0,2025-11-28,28
Volkswagen,Jetta,2017,122743,Petrol,Automatic,2,North,6200.0,2026-07-25,28
Mercedes-Benz,GLC,2018,91775,Petrol,Automatic,1,West,15400.0,2025-12-02,29
Mercedes-Benz,C-Class,2020,43141,Petrol,Manual,2,West,21200.0,2026-07-17,18
BMW,3 Series,2015,142557,Petrol,Automatic,2,North,6800.0,2026-02-11,55
Honda,Accord,2023,18000,Diesel,Automatic,1,West,28050.0,2026-04-16,52
Hyundai,Elantra,2023,15981,Hybrid,Automatic,1,West,20250.0,2026-01-14,13
Volkswagen,Jetta,2024,3000,Diesel,Manual,1,North,21750.0,2026-05-29,16
Hyundai,Sonata,2018,44279,Petrol,Automatic,2,East,9850.0,2026-03-24,13
Audi,A6,2021,24443,Petrol,Automatic,1,South,33600.0,2026-07-02,4
Mazda,Mazda6,2020,36164,Petrol,Automatic,1,South,16250.0,2026-05-02,50
Chevrolet,Equinox,2017,144797,Petrol,Automatic,1,East,8250.0,2026-01-02,40
Mercedes-Benz,C-Class,2017,111255,Petrol,Automatic,1,Central,9800.0,2026-03-09,64
Ford,Escape,2021,42084,Petrol,Automatic,1,Metro,19750.0,2025-11-25,58
Hyundai,Tucson,2024,3000,Petrol,Automatic,1,North,27400.0,2026-08-17,4
Porsche,911,2020,56038,Petrol,Manual,2,East,68800.0,2026-07-06,17
Ford,Escape,2015,112387,Hybrid,Automatic,3,South,3650.0,2026-04-26,12
Volkswagen,Passat,2020,48225,Hybrid,Automatic,1,North,14700.0,2025-11-19,52
Mercedes-Benz,E-Class,2022,31195,Petrol,Manual,1,East,37700.0,2026-01-10,7
Honda,Civic,2022,20001,Hybrid,Manual,1,Metro,21750.0,2025-10-05,27
Toyota,RAV4,2024,3000,Hybrid,Automatic,1,Central,31200.0,2025-11-05,12
Mercedes-Benz,GLC,2019,72813,Petrol,Automatic,1,Central,18250.0,2026-02-04,29
Honda,Pilot,2019,60854,Petrol,Manual,2,Metro,20600.0,2026-05-07,35
Tesla,Model S,2016,113992,Electric,Automatic,3,West,22000.0,2026-02-03,15
Honda,Accord,2024,3000,Hybrid,Automatic,1,Metro,32500.0,2026-07-17,21
Nissan,Sentra,2022,26435,Electric,Automatic,1,East,17350.0,2026-07-26,51
BMW,3 Series,2017,53936,Petrol,Automatic,2,North,11250.0,2026-07-31,22
Audi,A4,2015,91143,Petrol,Automatic,2,Central,5150.0,2026-04-02,24
Tesla,Model X,2013,179006,Electric,Automatic,3,East,11300.0,2026-03-21,27
Chevrolet,Tahoe,2015,121664,Petrol,Automatic,2,Metro,14550.0,2025-11-06,41
Audi,Q7,2016,50377,Hybrid,Manual,3,South,18900.0,2026-03-27,69
BMW,5 Series,2016,92152,Petrol,Automatic,3,Central,9650.0,2025-12-19,31
Tesla,Model S,2023,20265,Electric,Automatic,1,South,73750.0,2026-07-01,41
Nissan,Sentra,2020,62964,Petrol,Automatic,2,East,8850.0,2026-08-31,8
BMW,5 Series,2015,126266,Petrol,Automatic,2,Central,7900.0,2026-01-19,67
Toyota,Camry,2021,35190,Petrol,Automatic,1,West,20200.0,2026-01-10,22
Ford,F-150,2020,35926,Petrol,Automatic,2,East,19700.0,2026-01-24,56
Ford,Mustang,2018,89438,Petrol,Automatic,1,East,11550.0,2026-01-10,42
Nissan,Pathfinder,2020,33024,Petrol,Automatic,2,South,18450.0,2026-06-09,23
Toyota,Tacoma,2020,79143,Petrol,Automatic,1,East,21800.0,2026-07-11,52
Honda,Accord,2015,150086,Hybrid,Automatic,3,East,6300.0,2025-12-06,29
Audi,Q7,2012,177704,Hybrid,Automatic,4,South,7450.0,2026-03-30,98
Audi,A6,2024,3000,Petrol,Manual,1,North,53850.0,2026-07-11,38
BMW,M3,2020,32081,Hybrid,Manual,3,Central,37200.0,2026-08-11,42
Toyota,Tacoma,2019,56822,Petrol,Automatic,1,East,18150.0,2026-02-02,32
Toyota,Camry,2021,60110,Hybrid,Automatic,1,Metro,20500.0,2026-01-14,37
Mazda,Mazda6,2016,105859,Diesel,Automatic,3,East,6650.0,2026-06-14,57
Mazda,Mazda3,2021,28270,Petrol,Automatic,1,Central,14350.0,2026-03-09,22
Kia,Forte,2022,21146,Petrol,Manual,1,East,15450.0,2026-06-23,6
Honda,Pilot,2015,130684,Petrol,Automatic,2,South,8250.0,2025-11-16,25
Ford,F-150,2012,167892,Petrol,Manual,1,Metro,4550.0,2026-02-16,140
BMW,5 Series,2019,62693,Petrol,Automatic,1,East,23800.0,2026-05-23,59
Toyota,Camry,2017,85489,Petrol,Automatic,4,West,11200.0,2026-05-25,57
BMW,X5,2023,10064,Diesel,Manual,1,West,56050.0,2026-01-17,16
Toyota,Highlander,2015,115252,Hybrid,Automatic,3,South,11050.0,2026-08-01,25
Volkswagen,Jetta,2015,127506,Electric,Automatic,1,Metro,4800.0,2025-10-17,44
Tesla,Model S,2018,49856,Electric,Automatic,2,West,33600.0,2026-08-13,28
Hyundai,Sonata,2021,75361,Petrol,Automatic,1,South,16150.0,2026-01-11,71
Chevrolet,Malibu,2019,61424,Hybrid,Automatic,2,North,12150.0,2026-07-13,48
Hyundai,Tucson,2021,42679,Petrol,Automatic,1,South,18250.0,2026-08-06,18
Chevrolet,Equinox,2021,48445,Diesel,Automatic,1,North,15650.0,2025-10-18,16
Mercedes-Benz,GLC,2023,14917,Petrol,Automatic,1,Central,39050.0,2026-02-09,31
Tesla,Model X,2012,162167,Electric,Automatic,2,East,10550.0,2026-06-29,119
Mercedes-Benz,GLC,2020,34548,Hybrid,Automatic,2,North,23400.0,2026-06-24,24
Toyota,Tacoma,2020,59782,Hybrid,Automatic,1,Central,18950.0,2025-10-25,44
Toyota,Highlander,2019,105946,Petrol,Automatic,1,South,18750.0,2026-08-19,39
Honda,Pilot,2024,3000,Hybrid,Automatic,2,Central,36900.0,2026-03-10,9
Nissan,Pathfinder,2017,81081,Petrol,Automatic,3,East,8950.0,2025-09-16,29
Ford,Mustang,2015,133291,Petrol,Automatic,1,Metro,7150.0,2026-05-21,57
Mercedes-Benz,GLC,2017,119786,Hybrid,Automatic,1,East,11550.0,2025-11-25,38
Chevrolet,Equinox,2023,4622,Petrol,Automatic,1,West,26800.0,2025-09-24,57
Volkswagen,Jetta,2016,159583,Diesel,Automatic,3,North,2900.0,2026-09-01,12
Toyota,RAV4,2022,16648,Hybrid,Automatic,1,East,27000.0,2025-09-27,23
Mercedes-Benz,E-Class,2024,3000,Petrol,Automatic,1,Metro,63000.0,2025-10-03,9
Kia,Optima,2015,121028,Petrol,Automatic,2,Metro,3000.0,2025-10-23,22
Mazda,CX-9,2024,3000,Petrol,Manual,1,North,35750.0,2026-01-23,15
Honda,Accord,2023,13426,Hybrid,Automatic,1,South,28700.0,2026-04-26,96
Ford,F-150,2024,3000,Diesel,Automatic,1,North,36200.0,2026-07-25,50
Chevrolet,Malibu,2012,142782,Petrol,Automatic,4,West,3100.0,2025-10-09,135
Volkswagen,Golf,2021,35175,Petrol,Automatic,2,South,14150.0,2026-02-17,26
Ford,Escape,2013,145043,Electric,Automatic,2,East,3350.0,2026-04-04,35
Hyundai,Santa Fe,2024,3000,Petrol,Automatic,1,Metro,33100.0,2026-03-28,8
Mazda,CX-9,2021,46232,Petrol,Automatic,2,North,24650.0,2026-03-14,12
Audi,Q7,2023,20073,Petrol,Automatic,1,North,53150.0,2026-08-06,77
Chevrolet,Equinox,2020,32747,Petrol,Automatic,3,South,14450.0,2026-04-07,32
Tesla,Model S,2023,13270,Electric,Automatic,1,East,82950.0,2025-12-02,29
Tesla,Model Y,2021,40028,Electric,Automatic,1,West,30900.0,2025-11-18,60
Audi,A6,2017,91526,Electric,Automatic,2,West,17750.0,2026-05-11,75
Chevrolet,Silverado,2024,3000,Petrol,Automatic,1,East,41200.0,2026-06-18,5
Toyota,Highlander,2019,64522,Hybrid,Automatic,1,South,23500.0,2025-10-31,22
Honda,Pilot,2019,33021,Petrol,Automatic,2,South,19650.0,2026-07-08,52
Mercedes-Benz,GLC,2016,98195,Petrol,Automatic,1,North,11750.0,2026-01-29,29
Honda,Civic,2014,67014,Petrol,Manual,4,West,6550.0,2026-08-02,59
Nissan,Altima,2018,112228,Petrol,Automatic,2,Central,7950.0,2026-03-09,54
Hyundai,Sonata,2020,51051,Hybrid,Automatic,2,Central,13650.0,2025-11-01,25
Ford,Mustang,2017,94714,Petrol,Automatic,3,Metro,10850.0,2026-02-01,35
Audi,A6,2022,31641,Petrol,Automatic,1,Metro,43200.0,2026-03-30,20
Volkswagen,Tiguan,2017,121522,Petrol,Manual,4,Central,7100.0,2026-06-22,28
Toyota,RAV4,2023,12900,Petrol,Automatic,1,Central,24900.0,2026-08-06,16
Mazda,Mazda3,2023,18226,Petrol,Automatic,2,East,23500.0,2026-04-16,20
Audi,Q7,2020,65241,Petrol,Automatic,1,Metro,34150.0,2025-10-08,57
Mazda,CX-9,2015,96017,Petrol,Automatic,2,West,11750.0,2026-03-19,77
Tesla,Model S,2020,44639,Electric,Automatic,1,Central,49400.0,2026-04-09,29
Volkswagen,Tiguan,2021,53667,Petrol,Manual,1,West,16650.0,2025-09-28,40
Ford,Escape,2024,3000,Petrol,Automatic,2,East,27200.0,2026-03-01,24
Tesla,Model X,2024,3000,Electric,Automatic,1,West,95750.0,2026-07-17,21
Audi,A6,2019,53546,Petrol,Automatic,1,South,20750.0,2026-07-04,28
Chevrolet,Tahoe,2022,36563,Petrol,Automatic,1,West,39700.0,2026-04-01,20
Tesla,Model Y,2023,19297,Electric,Automatic,1,West,43300.0,2026-03-21,13
Honda,Pilot,2021,31220,Petrol,Automatic,2,South,25550.0,2026-08-31,34
Toyota,RAV4,2019,48214,Diesel,Automatic,2,South,17050.0,2026-04-16,72
Porsche,911,2017,102861,Petrol,Automatic,1,North,60550.0,2026-09-07,21
Honda,Pilot,2022,29266,Petrol,Automatic,1,North,28800.0,2025-12-05,25
Tesla,Model X,2013,199126,Electric,Automatic,2,East,13100.0,2026-06-29,33
Toyota,Highlander,2022,23457,Hybrid,Automatic,2,Metro,32750.0,2026-04-25,25
Porsche,Macan,2021,30754,Petrol,Automatic,2,East,45250.0,2026-07-15,13
Volkswagen,Golf,2023,13310,Petrol,Manual,1,Metro,23300.0,2026-07-10,25
BMW,M3,2016,149833,Hybrid,Automatic,1,Metro,15400.0,2026-08-08,18
Mercedes-Benz,E-Class,2017,113811,Petrol,Automatic,1,North,15600.0,2026-03-01,72
Hyundai,Tucson,2020,31514,Petrol,Automatic,2,East,15550.0,2026-07-11,34
BMW,X5,2019,71455,Petrol,Automatic,2,East,25000.0,2026-07-01,48
Tesla,Model 3,2021,34128,Electric,Automatic,1,South,26000.0,2026-03-06,46
Audi,Q5,2016,95774,Petrol,Automatic,2,South,8900.0,2026-07-21,41
Audi,Q7,2012,163640,Diesel,Automatic,2,West,7450.0,2026-09-07,107
Toyota,Highlander,2020,87271,Hybrid,Automatic,1,Central,24400.0,2026-05-16,21
Tesla,Model 3,2018,35443,Electric,Automatic,3,Central,15050.0,2026-02-23,30
BMW,X3,2021,36876,Petrol,Automatic,1,East,31600.0,2026-08-05,71
Toyota,RAV4,2017,123639,Petrol,Automatic,1,North,10600.0,2026-03-21,23
Audi,A6,2024,3000,Petrol,Automatic,2,Metro,58600.0,2025-10-20,22
Toyota,RAV4,2023,18027,Hybrid,Manual,1,Central,26050.0,2026-07-15,27
Honda,CR-V,2024,3373,Hybrid,Automatic,1,South,32550.0,2025-10-24,6
Ford,F-150,2019,60767,Hybrid,Automatic,1,South,17800.0,2026-07-30,19
Ford,Mustang,2014,173340,Diesel,Automatic,2,Central,5100.0,2026-07-11,45
Porsche,Panamera,2016,114381,Petrol,Automatic,2,East,46450.0,2026-04-26,44
Mercedes-Benz,GLC,2019,58601,Hybrid,Automatic,2,South,20850.0,2026-06-07,46
Chevrolet,Equinox,2024,3837,Petrol,Automatic,1,East,28600.0,2026-09-05,20
Hyundai,Santa Fe,2018,58226,Petrol,Automatic,1,Metro,13600.0,2026-05-07,40
Honda,CR-V,2019,59711,Hybrid,Automatic,1,West,16800.0,2025-11-18,5
Volkswagen,Jetta,2014,188273,Hybrid,Automatic,3,Metro,2750.0,2026-07-26,140
Toyota,Tacoma,2022,27373,Petrol,Automatic,1,East,25100.0,2025-12-06,18
Mercedes-Benz,GLE,2023,12096,Hybrid,Automatic,1,West,59300.0,2026-05-20,15
Ford,Escape,2014,144786,Hybrid,Automatic,2,West,4500.0,2025-10-21,62
BMW,3 Series,2022,34836,Petrol,Automatic,1,West,32100.0,2025-10-22,24
Audi,A4,2016,129080,Petrol,Automatic,2,Metro,10050.0,2026-03-09,110
BMW,3 Series,2024,3893,Petrol,Automatic,1,South,45500.0,2026-03-07,14
Toyota,Camry,2023,9203,Petrol,Automatic,1,Metro,25200.0,2026-01-02,11
Nissan,Altima,2022,23566,Petrol,Automatic,1,West,19850.0,2026-02-03,34
Hyundai,Sonata,2019,68493,Petrol,Manual,2,Metro,11500.0,2026-08-07,39
Tesla,Model S,2017,109741,Electric,Automatic,2,West,28150.0,2025-10-25,30
Ford,Explorer,2023,21244,Petrol,Automatic,1,Central,32400.0,2026-06-14,15
Volkswagen,Jetta,2018,60176,Diesel,Automatic,4,Metro,8550.0,2026-06-18,27
Mercedes-Benz,GLC,2022,17656,Hybrid,Automatic,1,East,35450.0,2026-07-30,50
Toyota,Tacoma,2020,54422,Petrol,Automatic,1,Metro,23350.0,2025-11-16,43
Nissan,Rogue,2013,173967,Electric,Automatic,1,South,3500.0,2026-03-23,140
Honda,Civic,2023,14983,Petrol,Automatic,1,South,21200.0,2025-10-21,22
Porsche,Macan,2018,79655,Hybrid,Automatic,3,East,32150.0,2026-03-19,45
Honda,Civic,2014,215988,Hybrid,Automatic,3,East,3000.0,2025-12-23,140
Honda,Civic,2015,77051,Diesel,Automatic,3,North,6900.0,2026-01-12,55
Mercedes-Benz,C-Class,2016,78491,Petrol,Automatic,3,North,7450.0,2025-09-27,61
Mazda,Mazda3,2021,49042,Petrol,Automatic,1,Central,14900.0,2025-09-29,18
Honda,CR-V,2020,64800,Petrol,Automatic,3,South,15450.0,2026-04-15,6
Chevrolet,Silverado,2020,75256,Petrol,Automatic,1,South,20950.0,2026-05-20,9
Ford,Escape,2018,56074,Hybrid,Automatic,3,North,10050.0,2026-03-15,44
Volkswagen,Passat,2014,148261,Petrol,Automatic,1,West,3650.0,2026-08-05,11
Hyundai,Tucson,2017,111025,Petrol,Automatic,2,Metro,8000.0,2026-04-23,35
Volkswagen,Golf,2024,3000,Petrol,Automatic,2,South,25000.0,2026-08-12,28
Mazda,Mazda3,2019,36063,Petrol,Automatic,1,North,13000.0,2025-12-13,34
Honda,Civic,2012,282650,Hybrid,Manual,3,Central,3000.0,2025-11-30,140
Chevrolet,Silverado,2019,46091,Petrol,Automatic,1,Metro,19900.0,2026-08-17,24
Mazda,Mazda3,2015,131432,Petrol,Automatic,2,South,4350.0,2026-01-14,51
Mercedes-Benz,GLC,2015,166985,Petrol,Automatic,2,West,6000.0,2026-01-13,19
Honda,Pilot,2015,78593,Petrol,Manual,2,West,9300.0,2026-07-01,64
Chevrolet,Equinox,2018,86283,Petrol,Automatic,1,West,9350.0,2025-09-19,16
Tesla,Model X,2019,112083,Electric,Automatic,1,South,35700.0,2026-02-09,17
Subaru,Forester,2022,20048,Petrol,Automatic,2,South,20100.0,2025-12-02,28
Audi,Q5,2023,7855,Petrol,Manual,1,West,39750.0,2026-08-26,6
Mercedes-Benz,E-Class,2023,12148,Hybrid,Automatic,1,Metro,53300.0,2026-05-10,57
BMW,X5,2022,16291,Petrol,Automatic,1,West,51600.0,2026-02-06,40
Porsche,Macan,2019,46339,Petrol,Manual,2,West,36250.0,2026-05-15,70
BMW,M3,2020,84296,Petrol,Automatic,3,West,39050.0,2025-11-14,54
Toyota,Camry,2019,42551,Hybrid,Automatic,1,North,15550.0,2026-09-13,38
Toyota,Corolla,2015,91117,Petrol,Automatic,2,North,4750.0,2025-11-25,29
Subaru,Crosstrek,2021,51043,Petrol,Automatic,1,East,15750.0,2026-07-10,11
Hyundai,Sonata,2016,54283,Petrol,Automatic,2,North,6900.0,2025-09-18,47
Volkswagen,Tiguan,2023,26263,Petrol,Automatic,1,South,25950.0,2026-07-28,30
Honda,Accord,2017,125997,Hybrid,Automatic,2,East,8300.0,2026-03-27,25
Ford,Explorer,2019,56664,Petrol,Automatic,1,North,17450.0,2025-10-02,18
Chevrolet,Malibu,2023,13930,Petrol,Automatic,1,North,23050.0,2025-10-01,26
Toyota,Tacoma,2014,95487,Petrol,Automatic,2,Metro,9150.0,2026-05-19,28
Ford,Mustang,2023,9951,Petrol,Automatic,1,East,30450.0,2026-05-31,16
Mercedes-Benz,E-Class,2022,12379,Petrol,Automatic,1,Central,38400.0,2026-04-13,27
Ford,Mustang,2022,15897,Petrol,Automatic,1,Metro,28650.0,2025-09-27,46
Ford,Escape,2018,74276,Petrol,Automatic,1,South,10950.0,2025-12-07,15
Chevrolet,Silverado,2013,201665,Diesel,Automatic,3,North,4700.0,2025-11-30,140
Toyota,Camry,2019,47795,Petrol,Automatic,2,East,14350.0,2025-12-05,39
Chevrolet,Tahoe,2020,63447,Petrol,Manual,1,West,30300.0,2026-07-29,18
Chevrolet,Silverado,2019,69560,Petrol,Automatic,2,South,17250.0,2026-08-21,13
Ford,Escape,2015,107893,Petrol,Automatic,4,East,4900.0,2026-05-29,65
Nissan,Altima,2021,45801,Petrol,Manual,1,North,15000.0,2026-07-24,27
Toyota,Camry,2012,178619,Hybrid,Automatic,2,West,3250.0,2026-09-11,25
Honda,Accord,2021,25782,Petrol,Manual,3,South,16400.0,2025-09-29,7
Honda,Accord,2020,59769,Petrol,Automatic,2,West,16700.0,2026-06-02,8
Mazda,Mazda3,2021,62835,Petrol,Automatic,1,South,16850.0,2026-04-10,7
Hyundai,Santa Fe,2017,114234,Hybrid,Automatic,2,East,10600.0,2026-05-10,55
Honda,CR-V,2022,44752,Diesel,Automatic,1,West,25000.0,2026-01-01,64
Hyundai,Elantra,2020,56320,Petrol,Automatic,2,Metro,12550.0,2026-04-11,34
Toyota,Camry,2021,56228,Petrol,Automatic,1,Metro,18350.0,2026-02-25,6
Ford,F-150,2012,125473,Petrol,Automatic,2,West,4550.0,2026-02-09,34
Mercedes-Benz,GLC,2020,29167,Diesel,Automatic,1,Central,23950.0,2026-03-10,22
Kia,Forte,2023,13049,Petrol,Automatic,1,South,18950.0,2025-10-15,20
BMW,X3,2018,104240,Hybrid,Automatic,2,East,16200.0,2026-05-19,90
Porsche,Panamera,2016,96977,Petrol,Automatic,2,West,42650.0,2025-10-01,52
Mercedes-Benz,E-Class,2020,46890,Petrol,Automatic,1,Central,30350.0,2026-08-02,59
Honda,Pilot,2017,70453,Petrol,Manual,4,Metro,16400.0,2026-04-24,34
Nissan,Sentra,2019,108515,Petrol,Automatic,1,South,7700.0,2026-06-08,31
Ford,Escape,2019,98566,Electric,Automatic,2,East,10200.0,2026-05-27,7
Honda,Accord,2015,81798,Hybrid,Automatic,2,East,7800.0,2026-05-27,30
Mercedes-Benz,E-Class,2023,12945,Petrol,Automatic,1,Metro,53250.0,2026-04-30,22
Audi,Q7,2020,53098,Petrol,Automatic,2,Central,28900.0,2025-09-18,29
Porsche,911,2023,16007,Petrol,Manual,1,West,116300.0,2026-04-22,15
Toyota,Corolla,2022,23519,Hybrid,Automatic,1,West,19250.0,2026-06-23,42
Toyota,Corolla,2021,41656,Petrol,Manual,3,East,14400.0,2026-09-08,20
Volkswagen,Tiguan,2019,50484,Petrol,Automatic,2,South,14550.0,2026-02-27,17
BMW,M3,2019,65905,Petrol,Automatic,2,South,28200.0,2025-09-15,53
Subaru,Crosstrek,2014,154895,Petrol,Automatic,1,South,3100.0,2026-06-10,12
Volkswagen,Passat,2018,68510,Petrol,Automatic,2,North,11250.0,2026-01-30,31
Kia,Forte,2022,36785,Petrol,Automatic,1,East,16000.0,2026-03-03,46
Audi,Q7,2014,201525,Petrol,Manual,2,Central,8400.0,2025-10-18,34
Ford,F-150,2018,63391,Petrol,Automatic,2,West,16700.0,2026-08-06,37
Mercedes-Benz,E-Class,2024,3000,Petrol,Automatic,1,West,66550.0,2026-03-17,22
Tesla,Model X,2024,3000,Electric,Automatic,1,North,85500.0,2026-01-12,18
BMW,X3,2018,103406,Petrol,Automatic,3,Central,14150.0,2026-04-25,59
Audi,A4,2016,109591,Hybrid,Automatic,2,Central,6100.0,2026-02-21,85
Kia,Forte,2017,82755,Petrol,Automatic,2,East,5800.0,2025-11-14,38
Toyota,Tacoma,2022,27235,Hybrid,Automatic,1,East,27000.0,2025-10-18,31
Honda,Accord,2014,80697,Petrol,Automatic,1,West,7400.0,2026-07-08,28
Audi,Q7,2015,139522,Electric,Automatic,4,West,7450.0,2026-05-13,33
Tesla,Model S,2024,3000,Electric,Automatic,1,North,89450.0,2026-08-29,17
Mercedes-Benz,GLC,2021,27149,Hybrid,Manual,1,East,29500.0,2026-01-04,20
Hyundai,Tucson,2013,101574,Petrol,Automatic,2,South,3350.0,2026-09-07,54
Mercedes-Benz,GLE,2014,117739,Hybrid,Automatic,1,East,7900.0,2026-08-26,56
Nissan,Sentra,2013,93265,Petrol,Automatic,2,South,2650.0,2025-11-30,88
Mercedes-Benz,E-Class,2013,277891,Electric,Manual,2,Metro,7200.0,2025-12-23,140
Audi,A4,2015,149938,Hybrid,Automatic,1,West,5700.0,2026-07-24,19
Kia,Sportage,2017,84494,Petrol,Automatic,3,Metro,7250.0,2025-10-26,19
Hyundai,Tucson,2021,52339,Petrol,Automatic,1,Central,17350.0,2026-01-09,19
Mercedes-Benz,GLE,2014,100375,Diesel,Automatic,2,South,11200.0,2026-05-24,120
Tesla,Model 3,2021,45837,Electric,Automatic,2,East,27350.0,2025-10-28,17
Tesla,Model 3,2016,63041,Electric,Automatic,1,East,10200.0,2025-12-01,32
Volkswagen,Golf,2022,37971,Diesel,Automatic,1,South,19450.0,2025-11-18,30
Hyundai,Elantra,2023,13369,Petrol,Automatic,2,Metro,19600.0,2025-11-24,25
BMW,X3,2018,88287,Petrol,Automatic,2,Metro,13850.0,2025-09-17,23
Ford,F-150,2017,89515,Petrol,Automatic,2,North,11100.0,2025-10-04,55
Ford,F-150,2017,84211,Petrol,Automatic,2,West,12500.0,2026-05-10,17
BMW,X5,2017,117608,Petrol,Automatic,2,North,13800.0,2025-12-16,30
Mercedes-Benz,GLC,2020,35346,Petrol,Automatic,1,East,23200.0,2025-11-21,10
BMW,M3,2017,80633,Petrol,Automatic,2,South,22250.0,2026-07-29,66
Honda,Accord,2024,3000,Petrol,Automatic,1,West,30300.0,2025-12-14,10
Ford,Escape,2021,36463,Hybrid,Automatic,1,South,18600.0,2026-05-20,24
Volkswagen,Passat,2017,92160,Petrol,Automatic,2,West,8200.0,2026-04-19,61
Tesla,Model X,2021,59890,Electric,Automatic,2,South,51250.0,2026-05-16,17
Subaru,Crosstrek,2021,35190,Petrol,Automatic,2,Central,15700.0,2025-09-29,39
Ford,F-150,2015,134570,Petrol,Automatic,2,North,9000.0,2026-01-02,74
Volkswagen,Passat,2021,38697,Petrol,Automatic,2,West,20350.0,2025-12-12,30
Hyundai,Tucson,2015,153809,Petrol,Automatic,2,South,4150.0,2025-09-15,28
Chevrolet,Tahoe,2013,160628,Diesel,Automatic,1,East,10900.0,2026-03-07,89
Honda,CR-V,2024,3000,Petrol,Automatic,1,West,33550.0,2026-01-10,20
Chevrolet,Equinox,2023,14557,Hybrid,Automatic,1,Central,26150.0,2026-01-20,30
Mercedes-Benz,E-Class,2019,51151,Petrol,Automatic,2,Metro,23450.0,2026-02-17,13
Honda,Pilot,2016,100446,Petrol,Automatic,1,East,14050.0,2026-04-15,58
Audi,Q5,2024,3000,Petrol,Automatic,1,South,45850.0,2026-07-18,33
Toyota,Corolla,2020,66336,Hybrid,Automatic,1,East,13400.0,2026-01-20,36
Toyota,Highlander,2018,74171,Petrol,Manual,2,Metro,21100.0,2026-04-10,43
Audi,Q5,2021,54555,Hybrid,Automatic,1,West,31750.0,2026-01-28,25
Nissan,Altima,2022,22960,Hybrid,Automatic,1,Metro,20750.0,2025-12-25,15
Volkswagen,Golf,2023,14032,Electric,Automatic,1,Metro,26050.0,2026-07-09,16
Volkswagen,Golf,2018,117569,Hybrid,Manual,2,East,8200.0,2026-08-12,12
Ford,Explorer,2024,3000,Petrol,Automatic,1,South,39100.0,2025-10-20,25
Toyota,Camry,2015,102462,Hybrid,Automatic,1,Metro,9850.0,2026-03-17,86
Nissan,Pathfinder,2021,49005,Petrol,Automatic,1,West,23450.0,2026-08-31,33
Nissan,Pathfinder,2012,188615,Petrol,Automatic,4,West,4450.0,2026-07-23,140
Audi,Q7,2020,53599,Petrol,Automatic,2,East,30400.0,2025-12-29,30
Chevrolet,Tahoe,2022,33569,Petrol,Automatic,1,Metro,39100.0,2025-11-14,20
Honda,Civic,2016,97111,Hybrid,Manual,3,Metro,7050.0,2026-04-02,21
Honda,CR-V,2021,41401,Petrol,Automatic,2,East,20550.0,2025-10-28,54
Honda,Pilot,2018,70654,Diesel,Manual,2,South,15950.0,2026-06-05,9
Subaru,Outback,2016,59936,Petrol,Automatic,2,West,10200.0,2025-10-25,18
Toyota,RAV4,2014,136365,Petrol,Automatic,3,West,7100.0,2026-02-13,70
Hyundai,Santa Fe,2024,3000,Petrol,Automatic,1,West,32050.0,2026-08-07,10
Porsche,911,2021,32816,Petrol,Automatic,2,East,85500.0,2026-07-22,15
Audi,Q7,2016,120513,Petrol,Automatic,2,East,12550.0,2025-10-15,20
Nissan,Altima,2020,83677,Petrol,Automatic,1,North,14050.0,2025-11-05,17
BMW,5 Series,2018,122701,Hybrid,Manual,1,North,13800.0,2026-04-19,70
Mercedes-Benz,GLE,2022,30839,Petrol,Automatic,1,North,43650.0,2025-12-26,20
Hyundai,Tucson,2012,171186,Petrol,Automatic,3,Central,3350.0,2026-01-20,140
Ford,F-150,2024,3000,Petrol,Automatic,1,Central,37250.0,2026-01-16,7
Hyundai,Tucson,2023,18861,Hybrid,Automatic,1,South,25750.0,2026-06-24,25
Volkswagen,Tiguan,2024,3000,Petrol,Automatic,1,East,30850.0,2025-11-23,20
Honda,Civic,2022,40789,Hybrid,Automatic,1,East,21150.0,2026-07-11,35
Tesla,Model 3,2024,3000,Electric,Automatic,1,East,45900.0,2025-10-25,24
Subaru,Crosstrek,2019,69336,Petrol,Automatic,1,West,12550.0,2025-12-09,30
Honda,CR-V,2024,3000,Petrol,Manual,1,Central,28800.0,2026-05-11,20
Ford,F-150,2024,3000,Petrol,Automatic,1,South,38000.0,2026-02-23,16
Mazda,Mazda6,2019,41581,Petrol,Manual,2,West,12650.0,2026-05-27,34
Subaru,Crosstrek,2018,61019,Hybrid,Automatic,2,Metro,12250.0,2026-02-22,12
Volkswagen,Golf,2019,66955,Hybrid,Automatic,1,West,12950.0,2026-08-23,26
Chevrolet,Silverado,2018,80885,Electric,Automatic,1,East,16700.0,2026-03-04,21
Toyota,Tacoma,2024,3000,Hybrid,Manual,1,West,36400.0,2026-01-24,27
Ford,Mustang,2017,88307,Petrol,Automatic,2,West,10300.0,2026-05-04,41
Ford,Escape,2023,15408,Petrol,Automatic,1,South,22550.0,2026-03-25,34
Ford,Explorer,2023,12054,Electric,Automatic,2,West,33300.0,2026-07-02,3
Tesla,Model Y,2021,39843,Electric,Automatic,1,West,29350.0,2026-06-18,38
Chevrolet,Malibu,2017,98746,Petrol,Automatic,1,North,6050.0,2025-10-21,12
Chevrolet,Malibu,2019,40746,Hybrid,Automatic,1,East,12500.0,2026-06-12,6
Honda,CR-V,2016,87599,Petrol,Automatic,3,East,9500.0,2025-12-30,38
Mercedes-Benz,C-Class,2019,51762,Hybrid,Automatic,1,East,21050.0,2026-08-15,61
Tesla,Model X,2016,96564,Electric,Automatic,2,West,25900.0,2026-05-29,49
Nissan,Sentra,2014,228848,Hybrid,Automatic,2,Metro,2650.0,2026-09-11,140
Chevrolet,Silverado,2018,83858,Petrol,Automatic,3,Central,11800.0,2026-02-22,47
Honda,CR-V,2019,102207,Petrol,Automatic,2,East,14350.0,2026-01-20,42
Toyota,Corolla,2024,3000,Hybrid,Automatic,1,South,23050.0,2026-08-15,12
Nissan,Pathfinder,2021,30578,Petrol,Automatic,1,Metro,24150.0,2026-05-11,67
Nissan,Pathfinder,2023,29816,Petrol,Automatic,1,South,30400.0,2025-10-08,21
Honda,Accord,2018,61727,Hybrid,Automatic,4,North,12700.0,2026-07-30,40
Ford,Explorer,2023,12614,Diesel,Automatic,1,North,31100.0,2025-10-02,24
Mercedes-Benz,GLE,2020,59469,Hybrid,Automatic,1,West,34850.0,2026-07-26,37
Ford,F-150,2019,42280,Petrol,Automatic,1,East,17950.0,2025-12-14,32
Kia,Telluride,2020,73024,Petrol,Automatic,2,Central,18800.0,2026-02-14,58
Honda,Civic,2019,44214,Petrol,Automatic,2,East,12350.0,2026-05-21,19
Mazda,CX-5,2015,98661,Petrol,Automatic,1,Metro,8200.0,2026-07-31,25
Chevrolet,Tahoe,2012,134355,Petrol,Automatic,1,North,8000.0,2026-05-04,63
Toyota,RAV4,2022,47215,Hybrid,Automatic,1,Metro,26100.0,2025-11-01,24
Mercedes-Benz,E-Class,2017,90196,Petrol,Manual,2,North,14250.0,2026-05-06,13
Volkswagen,Tiguan,2015,174450,Petrol,Automatic,1,Central,4000.0,2026-03-17,37
Hyundai,Sonata,2022,31722,Petrol,Automatic,1,South,18550.0,2025-09-29,12
Hyundai,Elantra,2014,169728,Petrol,Manual,2,Central,2650.0,2026-03-27,71
Volkswagen,Golf,2019,38658,Petrol,Automatic,2,West,12100.0,2026-08-22,16
Ford,F-150,2022,40102,Petrol,Automatic,1,North,26100.0,2026-01-05,53
Kia,Sportage,2021,47116,Petrol,Automatic,1,South,15900.0,2026-01-24,26
BMW,5 Series,2015,144859,Petrol,Automatic,2,East,11150.0,2026-05-07,72
Nissan,Altima,2022,28645,Petrol,Automatic,1,North,18700.0,2026-02-20,4
Chevrolet,Tahoe,2017,91821,Petrol,Automatic,2,East,19600.0,2026-01-30,21
Mazda,CX-5,2016,142136,Petrol,Manual,4,Central,6650.0,2026-06-12,90
Kia,Sportage,2019,37506,Petrol,Automatic,1,Central,14150.0,2026-08-24,18
Toyota,RAV4,2018,56584,Petrol,Automatic,2,East,14600.0,2025-10-25,31
Honda,CR-V,2019,104482,Petrol,Automatic,2,South,13650.0,2026-01-12,15
Tesla,Model Y,2022,26233,Electric,Automatic,1,South,36100.0,2025-10-23,12
BMW,5 Series,2024,3000,Petrol,Automatic,1,West,58550.0,2025-10-08,10
Ford,Mustang,2016,84924,Diesel,Manual,2,West,8950.0,2025-11-23,19
Nissan,Sentra,2024,3000,Petrol,Automatic,1,South,23050.0,2026-02-02,38
Nissan,Pathfinder,2019,111794,Hybrid,Automatic,1,South,16400.0,2026-03-30,11
Toyota,Camry,2015,138776,Hybrid,Automatic,3,East,6800.0,2026-06-06,45
Honda,CR-V,2024,3000,Petrol,Automatic,1,Metro,33500.0,2025-11-17,26
BMW,5 Series,2013,174853,Petrol,Automatic,1,Metro,6950.0,2026-05-17,74
Toyota,Tacoma,2019,84105,Petrol,Manual,2,South,14450.0,2026-05-17,50
BMW,3 Series,2012,123893,Hybrid,Automatic,4,South,5400.0,2026-02-13,140
Tesla,Model S,2012,167701,Electric,Automatic,2,North,9850.0,2026-06-13,17
Chevrolet,Tahoe,2015,101190,Petrol,Automatic,2,East,13600.0,2025-11-10,29
Chevrolet,Silverado,2019,74758,Petrol,Automatic,1,Metro,16950.0,2026-08-28,16
Toyota,RAV4,2021,53975,Hybrid,Automatic,1,Metro,21150.0,2026-02-22,20
Mercedes-Benz,GLE,2024,3000,Diesel,Automatic,1,Metro,65500.0,2026-04-15,15
Tesla,Model Y,2018,105435,Electric,Automatic,2,Central,16250.0,2026-07-19,28
Tesla,Model Y,2015,109838,Electric,Automatic,2,North,9750.0,2025-10-22,83
Ford,Escape,2012,225902,Petrol,Automatic,1,North,3350.0,2026-07-17,140
Audi,A6,2020,60080,Petrol,Automatic,2,Central,27150.0,2026-09-10,15
Kia,Sportage,2021,33671,Petrol,Automatic,2,North,17100.0,2026-03-17,41
Mercedes-Benz,GLE,2018,123767,Diesel,Automatic,1,North,20700.0,2025-10-31,59
Toyota,Tacoma,2019,61862,Petrol,Automatic,1,East,17100.0,2026-07-12,13
Ford,Explorer,2018,110091,Petrol,Automatic,2,East,11600.0,2026-08-24,13
Honda,CR-V,2021,30528,Petrol,Manual,1,South,20100.0,2026-08-10,43
Nissan,Altima,2012,169368,Petrol,Automatic,1,South,3250.0,2026-08-06,140
Audi,Q7,2016,97885,Petrol,Automatic,1,Central,15300.0,2025-12-22,25
Nissan,Rogue,2013,129771,Petrol,Manual,2,South,3500.0,2026-04-04,140
Hyundai,Elantra,2018,71937,Petrol,Automatic,2,South,9250.0,2026-01-08,35
Mercedes-Benz,E-Class,2015,141209,Petrol,Automatic,3,Metro,10800.0,2026-05-11,35
Chevrolet,Malibu,2023,6126,Petrol,Manual,1,East,22050.0,2025-10-25,12
BMW,X5,2018,77386,Diesel,Automatic,1,Metro,24450.0,2026-04-20,39
Toyota,RAV4,2024,3000,Hybrid,Automatic,1,Central,31350.0,2026-06-21,13
Honda,Civic,2024,3340,Petrol,Automatic,1,South,26350.0,2026-03-11,13
Tesla,Model 3,2019,40459,Electric,Automatic,1,North,21250.0,2026-08-10,85
Toyota,Corolla,2022,28224,Petrol,Manual,1,Central,14200.0,2026-04-21,34
Ford,Mustang,2019,63539,Petrol,Automatic,1,Metro,16600.0,2025-11-02,66
Honda,CR-V,2020,44588,Hybrid,Automatic,1,South,20250.0,2026-02-04,48
Ford,Mustang,2023,13027,Petrol,Automatic,1,East,29850.0,2025-12-27,37
Chevrolet,Malibu,2021,43591,Petrol,Automatic,1,Metro,16600.0,2026-02-27,7
Ford,Explorer,2012,188164,Petrol,Automatic,3,North,4550.0,2025-10-10,140
Volkswagen,Golf,2023,9092,Petrol,Automatic,1,South,23950.0,2026-02-26,28
Mazda,Mazda3,2023,14476,Petrol,Automatic,1,South,22600.0,2026-04-20,20
Nissan,Rogue,2023,5815,Petrol,Manual,1,Central,21600.0,2025-10-17,28
BMW,M3,2020,65692,Hybrid,Automatic,1,South,37150.0,2026-06-21,54
Nissan,Rogue,2020,42674,Petrol,Automatic,1,South,16050.0,2026-03-30,33
Honda,CR-V,2023,15956,Hybrid,Automatic,1,South,27300.0,2025-11-26,9
Porsche,Cayenne,2013,136795,Petrol,Manual,3,East,20300.0,2026-08-27,61
Hyundai,Sonata,2020,42681,Petrol,Automatic,1,South,12950.0,2026-08-28,24
Volkswagen,Passat,2020,52751,Diesel,Automatic,1,North,14800.0,2025-10-25,50
Chevrolet,Silverado,2024,3000,Diesel,Automatic,1,Central,37550.0,2026-02-04,30
Volkswagen,Passat,2017,146149,Diesel,Automatic,3,West,5650.0,2026-06-03,25
BMW,5 Series,2017,144957,Petrol,Automatic,1,Metro,15000.0,2026-06-17,55
Chevrolet,Tahoe,2024,3000,Petrol,Automatic,1,East,53950.0,2026-04-17,21
Subaru,Outback,2023,16349,Petrol,Manual,2,South,25300.0,2026-06-30,13
Toyota,Camry,2023,6368,Petrol,Automatic,1,North,22400.0,2026-02-13,6
Mercedes-Benz,E-Class,2022,23933,Petrol,Automatic,1,South,38800.0,2025-09-20,78
Ford,Explorer,2018,115360,Petrol,Automatic,1,East,11350.0,2025-11-10,18
Tesla,Model 3,2022,15998,Electric,Automatic,1,North,32500.0,2026-09-06,23
Toyota,Corolla,2020,88833,Hybrid,Automatic,2,Central,10800.0,2026-06-17,17
Subaru,Outback,2012,93353,Hybrid,Automatic,3,West,7000.0,2026-05-20,44
Mercedes-Benz,E-Class,2018,67276,Diesel,Automatic,2,West,18850.0,2026-01-13,22
Ford,F-150,2013,119007,Petrol,Automatic,2,Metro,4550.0,2026-06-17,40
Audi,Q7,2016,150133,Hybrid,Automatic,2,Central,12650.0,2025-11-18,30
Ford,Explorer,2021,33799,Petrol,Automatic,1,West,24700.0,2026-03-22,54
Mercedes-Benz,GLE,2018,86771,Petrol,Automatic,3,South,22650.0,2026-06-22,61
Toyota,Corolla,2023,12504,Diesel,Automatic,1,Metro,19800.0,2026-03-31,33
Audi,A6,2019,37380,Petrol,Manual,3,Metro,24050.0,2025-10-17,42
Toyota,Highlander,2023,13625,Hybrid,Automatic,1,East,38200.0,2026-04-20,25
Hyundai,Sonata,2022,17577,Petrol,Automatic,1,Metro,18700.0,2026-06-22,19
Honda,CR-V,2014,189771,Diesel,Manual,2,West,3700.0,2025-12-15,8
Ford,Escape,2019,147699,Petrol,Automatic,1,North,9200.0,2026-04-11,38
BMW,X5,2023,18239,Diesel,Automatic,1,North,50550.0,2025-09-15,29
Honda,Civic,2015,131162,Petrol,Manual,2,East,4100.0,2026-02-15,14
BMW,5 Series,2019,56627,Petrol,Automatic,2,Metro,20800.0,2026-01-06,16
Honda,Pilot,2014,141793,Hybrid,Automatic,4,East,7000.0,2026-08-23,32
Nissan,Altima,2019,69208,Petrol,Automatic,2,North,12000.0,2025-12-18,14
BMW,3 Series,2024,3000,Petrol,Automatic,1,East,45900.0,2026-01-05,17
Toyota,RAV4,2015,193379,Petrol,Manual,1,Metro,6550.0,2026-07-04,41
Tesla,Model 3,2022,33033,Electric,Automatic,2,Metro,32550.0,2026-02-17,37
Honda,CR-V,2023,9733,Petrol,Automatic,1,Metro,28450.0,2026-08-25,21
BMW,X3,2016,108227,Hybrid,Automatic,1,West,9800.0,2026-02-22,85
BMW,X3,2023,9502,Petrol,Automatic,1,Central,42400.0,2026-08-14,31
Audi,A6,2023,26094,Petrol,Automatic,2,Metro,52250.0,2026-02-03,27
Mercedes-Benz,GLC,2023,8593,Petrol,Automatic,1,West,43500.0,2026-01-14,21
BMW,M3,2020,38805,Hybrid,Automatic,1,North,36850.0,2025-10-12,26
Toyota,Corolla,2017,86459,Hybrid,Automatic,2,South,7850.0,2026-05-19,45
Toyota,RAV4,2019,83811,Petrol,Automatic,1,West,15550.0,2026-03-22,80
Ford,Escape,2023,13678,Petrol,Automatic,1,West,24050.0,2025-11-09,61
Mercedes-Benz,C-Class,2015,155036,Diesel,Automatic,3,South,7100.0,2026-03-23,57
BMW,3 Series,2024,3000,Hybrid,Automatic,1,North,45850.0,2026-05-14,20
Toyota,Camry,2021,39551,Petrol,Automatic,1,Metro,19950.0,2026-09-06,50
Hyundai,Tucson,2020,49874,Petrol,Automatic,3,West,16500.0,2026-06-09,28
Kia,Sportage,2017,87032,Petrol,Automatic,3,West,9250.0,2026-07-12,18
Mercedes-Benz,GLE,2021,51736,Petrol,Automatic,1,South,41750.0,2025-11-10,34
Mercedes-Benz,GLE,2020,70152,Petrol,Automatic,1,Metro,29550.0,2026-07-18,47
Audi,Q7,2022,31216,Petrol,Manual,1,Metro,43400.0,2026-07-14,10
BMW,3 Series,2015,143952,Petrol,Automatic,4,North,7200.0,2025-12-19,88
BMW,X3,2016,165495,Petrol,Manual,1,West,5900.0,2026-05-26,10
BMW,M3,2024,3000,Electric,Automatic,1,South,87050.0,2026-04-10,18
Toyota,Corolla,2023,11007,Petrol,Automatic,1,East,20000.0,2025-09-24,20
Kia,Forte,2013,190705,Petrol,Automatic,4,South,2500.0,2025-09-18,140
Honda,Pilot,2012,284993,Hybrid,Manual,1,West,4700.0,2026-08-13,140
Honda,Pilot,2023,7304,Petrol,Automatic,1,Central,33200.0,2026-09-07,7
Kia,Sportage,2023,12278,Petrol,Automatic,1,Central,24200.0,2026-07-31,8
Volkswagen,Passat,2023,18945,Petrol,Automatic,1,East,27400.0,2026-01-28,30
Volkswagen,Tiguan,2021,27299,Petrol,Automatic,1,West,18200.0,2025-12-12,29
Honda,CR-V,2012,185454,Petrol,Automatic,4,West,3700.0,2025-09-27,52
Ford,Explorer,2021,55096,Petrol,Automatic,1,South,24050.0,2026-08-30,26
Chevrolet,Malibu,2020,56912,Petrol,Automatic,1,East,12800.0,2025-12-24,17
Honda,CR-V,2022,37807,Diesel,Manual,1,West,24600.0,2026-05-19,12
Audi,Q7,2019,59559,Hybrid,Automatic,1,East,26700.0,2025-12-13,24
Volkswagen,Passat,2020,62241,Diesel,Automatic,1,East,15000.0,2026-01-20,17
Hyundai,Elantra,2023,20948,Petrol,Automatic,1,Metro,20250.0,2026-09-12,19
Honda,Civic,2018,105874,Hybrid,Automatic,3,West,8850.0,2026-06-20,6
Toyota,Corolla,2023,14622,Petrol,Automatic,1,East,19150.0,2026-07-02,12
Toyota,Tacoma,2021,52601,Petrol,Automatic,2,South,22950.0,2026-06-06,4
Hyundai,Sonata,2021,58132,Hybrid,Automatic,1,West,17800.0,2026-02-01,40
Audi,A6,2021,52472,Petrol,Automatic,1,North,34550.0,2025-12-24,18
Chevrolet,Silverado,2018,87072,Petrol,Automatic,1,East,14200.0,2026-03-21,17
Tesla,Model X,2022,28429,Electric,Automatic,1,East,70900.0,2026-05-26,17
Hyundai,Sonata,2023,10927,Hybrid,Automatic,1,West,23850.0,2025-10-31,20
Kia,Forte,2013,113262,Petrol,Automatic,1,North,2500.0,2026-02-15,140
Tesla,Model X,2015,100815,Electric,Automatic,1,South,18300.0,2025-10-25,37
Mercedes-Benz,GLC,2023,7711,Hybrid,Manual,1,East,42150.0,2026-07-07,36
Toyota,Tacoma,2021,48976,Petrol,Manual,2,Central,19850.0,2026-02-04,21
Honda,CR-V,2018,91620,Petrol,Automatic,1,Metro,14900.0,2025-10-01,52
Chevrolet,Malibu,2017,144794,Petrol,Automatic,1,South,5300.0,2026-02-16,69
Ford,Mustang,2017,70335,Diesel,Automatic,1,East,13550.0,2025-11-21,26
Nissan,Altima,2020,57723,Petrol,Automatic,1,South,15100.0,2026-02-03,48
Mercedes-Benz,E-Class,2022,40313,Petrol,Automatic,1,South,42600.0,2025-11-20,50
Nissan,Pathfinder,2020,60316,Petrol,Automatic,1,East,18150.0,2026-01-26,18
Hyundai,Elantra,2023,7544,Hybrid,Automatic,1,North,19500.0,2026-02-01,18
Chevrolet,Equinox,2022,22373,Petrol,Automatic,2,North,18450.0,2026-03-07,21
BMW,X5,2019,57503,Petrol,Automatic,2,South,26050.0,2026-05-09,76
Toyota,Highlander,2013,137293,Petrol,Automatic,4,East,8300.0,2026-04-03,18
Porsche,Macan,2016,83815,Petrol,Automatic,2,South,26350.0,2026-05-11,40
Mercedes-Benz,C-Class,2020,54577,Petrol,Automatic,1,Metro,23300.0,2026-07-26,19
Tesla,Model 3,2020,42119,Electric,Automatic,1,South,21800.0,2026-04-25,22
BMW,M3,2015,135403,Hybrid,Automatic,3,East,12850.0,2026-07-14,52
Hyundai,Sonata,2016,133168,Petrol,Automatic,1,South,6550.0,2025-10-11,9
Mercedes-Benz,GLC,2014,200632,Diesel,Manual,1,Metro,6000.0,2026-04-08,140
Audi,Q7,2024,3969,Petrol,Manual,1,East,60100.0,2025-11-18,28
Tesla,Model 3,2024,3000,Electric,Automatic,1,West,47700.0,2026-01-16,25
Toyota,Highlander,2022,19786,Petrol,Automatic,1,North,31900.0,2025-11-09,29
Nissan,Sentra,2021,19804,Petrol,Automatic,1,North,13900.0,2026-01-17,21
Honda,Accord,2020,66155,Hybrid,Manual,1,Metro,18850.0,2026-05-02,50
Toyota,RAV4,2017,94870,Petrol,Automatic,3,North,10350.0,2026-05-21,29
Toyota,Highlander,2024,3000,Petrol,Manual,1,West,40300.0,2026-07-31,31
Tesla,Model X,2023,13414,Electric,Automatic,1,Central,78800.0,2026-01-27,35
Porsche,Macan,2020,54120,Petrol,Automatic,1,Metro,43050.0,2026-08-20,45
Toyota,Camry,2022,39360,Hybrid,Automatic,2,East,20850.0,2026-06-17,12
Subaru,Forester,2015,142396,Petrol,Automatic,1,East,4400.0,2026-09-03,16
Chevrolet,Equinox,2015,146279,Petrol,Automatic,1,East,3350.0,2026-08-26,45
Chevrolet,Malibu,2022,25497,Petrol,Automatic,1,Metro,19950.0,2026-06-04,42
Tesla,Model 3,2017,99315,Electric,Automatic,4,North,11700.0,2026-08-18,21
Tesla,Model Y,2023,7441,Electric,Automatic,1,North,42650.0,2025-12-31,16
Ford,Escape,2021,43178,Petrol,Manual,1,East,17050.0,2026-01-10,39
BMW,5 Series,2019,65484,Electric,Manual,1,Metro,22250.0,2026-02-06,26
Mercedes-Benz,E-Class,2021,51101,Petrol,Automatic,1,South,36400.0,2026-08-18,35
Audi,A6,2020,41766,Petrol,Manual,1,West,30800.0,2026-09-03,47
Honda,Pilot,2018,107401,Petrol,Automatic,2,Metro,19350.0,2025-09-20,31
Mazda,CX-5,2019,77859,Petrol,Automatic,2,North,13400.0,2026-03-16,51
Audi,A4,2020,55526,Hybrid,Manual,1,South,18150.0,2026-08-07,6
Chevrolet,Silverado,2022,22137,Petrol,Manual,1,East,25950.0,2026-08-05,27
Toyota,Corolla,2015,94750,Hybrid,Automatic,2,Central,5950.0,2026-07-01,68
Ford,Escape,2014,174026,Petrol,Automatic,4,East,3350.0,2026-04-27,134
Audi,Q5,2022,32324,Petrol,Automatic,2,North,29700.0,2026-08-01,31
BMW,M3,2015,69440,Petrol,Automatic,3,Central,13050.0,2026-06-06,32
Audi,Q7,2023,12763,Diesel,Automatic,1,South,51650.0,2026-01-18,41
Ford,Escape,2020,62938,Diesel,Automatic,1,East,14500.0,2025-12-10,81
Toyota,Camry,2024,3000,Hybrid,Automatic,1,North,28600.0,2026-08-26,40
Tesla,Model S,2020,64417,Electric,Automatic,2,South,46700.0,2026-06-05,27
Chevrolet,Tahoe,2020,78905,Petrol,Automatic,2,South,24750.0,2026-03-14,10
Audi,A6,2017,114891,Petrol,Automatic,2,West,16750.0,2026-01-20,48
Honda,CR-V,2020,50660,Petrol,Automatic,3,South,17550.0,2025-12-27,22
Ford,Escape,2023,22910,Petrol,Automatic,1,East,24550.0,2026-04-08,27
Mercedes-Benz,GLC,2022,18137,Hybrid,Automatic,1,West,36800.0,2026-05-19,34
Honda,Civic,2022,21987,Petrol,Automatic,1,West,19200.0,2026-03-31,12
Tesla,Model S,2018,67537,Electric,Automatic,1,Metro,36200.0,2026-08-29,47
Volkswagen,Jetta,2022,25338,Hybrid,Automatic,1,North,18250.0,2026-01-17,35
Honda,Pilot,2012,161068,Petrol,Automatic,2,East,4700.0,2025-11-07,62
Audi,A6,2019,51684,Petrol,Automatic,1,Metro,26250.0,2026-02-01,5
Tesla,Model Y,2015,91049,Electric,Automatic,2,Metro,10950.0,2026-06-06,33
BMW,X5,2023,10987,Diesel,Automatic,1,East,57750.0,2026-01-31,77
Chevrolet,Malibu,2017,103510,Petrol,Automatic,2,North,5950.0,2026-06-06,17
Honda,Accord,2024,3000,Hybrid,Automatic,1,North,30050.0,2026-07-18,24
Ford,Explorer,2015,110758,Petrol,Automatic,1,North,8650.0,2026-06-14,64
Audi,Q5,2024,3000,Petrol,Automatic,1,Metro,50750.0,2025-12-21,13
Mercedes-Benz,GLE,2021,31596,Hybrid,Manual,1,South,40300.0,2026-06-05,35
Volkswagen,Tiguan,2014,170458,Petrol,Automatic,3,East,3600.0,2026-08-21,91
Honda,CR-V,2012,208910,Petrol,Automatic,2,North,3700.0,2026-03-15,140
BMW,M3,2022,24325,Electric,Automatic,1,Metro,59250.0,2025-09-29,23
Porsche,Cayenne,2023,17046,Petrol,Manual,1,West,76500.0,2026-07-29,56
Volkswagen,Jetta,2017,131934,Petrol,Automatic,2,East,4750.0,2025-12-05,14
Mercedes-Benz,E-Class,2024,3000,Petrol,Automatic,1,South,57150.0,2025-11-21,31
Mercedes-Benz,GLC,2020,34251,Petrol,Automatic,2,Metro,22950.0,2026-05-28,33
Mercedes-Benz,E-Class,2019,62889,Petrol,Automatic,1,North,23600.0,2026-01-02,33
Volkswagen,Jetta,2020,80922,Petrol,Automatic,1,East,12600.0,2025-10-17,12
Nissan,Rogue,2024,3000,Petrol,Automatic,1,South,30550.0,2026-07-01,21
Mercedes-Benz,GLE,2024,3000,Petrol,Automatic,1,South,68150.0,2026-07-24,43
Toyota,Corolla,2021,44912,Hybrid,Automatic,1,East,16800.0,2026-06-26,16
Honda,CR-V,2024,3000,Petrol,Automatic,1,Central,29900.0,2025-10-29,11
Toyota,Tacoma,2022,35560,Petrol,Automatic,1,South,23450.0,2025-12-19,29
Toyota,Corolla,2017,122566,Petrol,Automatic,1,Central,6150.0,2026-03-26,16
Toyota,Highlander,2016,142279,Hybrid,Manual,1,North,11700.0,2026-07-19,24
Ford,Mustang,2017,75195,Petrol,Automatic,3,South,9700.0,2026-06-17,28
Honda,Civic,2021,38316,Petrol,Manual,1,Central,14650.0,2026-05-02,30
Mercedes-Benz,C-Class,2012,170739,Electric,Automatic,1,Central,5650.0,2026-06-04,140
Ford,F-150,2016,110530,Hybrid,Automatic,3,Central,6750.0,2026-02-20,38
Hyundai,Tucson,2017,112500,Petrol,Automatic,2,South,8200.0,2026-06-26,38
Toyota,Highlander,2021,46366,Petrol,Automatic,1,East,30150.0,2026-03-17,35
Tesla,Model S,2018,75158,Electric,Automatic,1,East,31900.0,2026-08-12,80
Toyota,Corolla,2016,140471,Hybrid,Automatic,3,Metro,6050.0,2025-11-16,29
Hyundai,Sonata,2015,94962,Petrol,Automatic,2,South,4050.0,2026-09-08,32
Ford,F-150,2023,8594,Petrol,Automatic,2,North,30700.0,2025-11-11,27
Toyota,Camry,2023,15981,Hybrid,Automatic,1,West,26600.0,2026-03-24,10
Hyundai,Sonata,2022,49276,Petrol,Automatic,1,Metro,20350.0,2026-04-04,11
Volkswagen,Tiguan,2014,116185,Electric,Automatic,1,South,5650.0,2025-11-16,33
Ford,F-150,2023,13167,Diesel,Automatic,1,Central,31450.0,2026-01-21,16
Toyota,Tacoma,2020,53097,Petrol,Automatic,3,North,18950.0,2025-10-26,42
Audi,A6,2021,65035,Hybrid,Automatic,1,North,35300.0,2026-01-23,31
BMW,3 Series,2017,110714,Petrol,Automatic,2,North,6250.0,2025-12-19,40
Ford,Escape,2021,56112,Petrol,Manual,1,Central,15650.0,2026-05-19,35
Nissan,Rogue,2024,3000,Petrol,Automatic,1,Metro,30350.0,2025-12-28,11
Audi,Q7,2021,40449,Electric,Automatic,1,Central,33500.0,2025-11-21,33
Tesla,Model X,2022,25777,Electric,Automatic,1,South,68950.0,2025-09-18,10
Toyota,Highlander,2019,74765,Petrol,Manual,1,Central,18350.0,2025-10-09,23
BMW,M3,2020,47624,Petrol,Automatic,1,South,33500.0,2025-11-10,13
Toyota,Highlander,2024,3000,Hybrid,Automatic,1,East,43850.0,2025-12-23,23
BMW,3 Series,2022,37433,Hybrid,Automatic,1,West,32850.0,2026-02-18,27
Ford,Mustang,2018,62272,Petrol,Automatic,3,Central,11050.0,2026-05-25,22
Toyota,Camry,2024,3000,Petrol,Automatic,1,South,27250.0,2025-09-27,10
Mercedes-Benz,GLC,2022,42128,Hybrid,Automatic,1,West,37800.0,2025-10-30,14
Chevrolet,Tahoe,2017,80886,Petrol,Manual,1,Metro,16050.0,2025-11-06,18
Tesla,Model X,2023,15094,Electric,Automatic,1,West,79050.0,2026-06-08,46
Honda,Accord,2018,89463,Hybrid,Manual,2,South,12500.0,2026-09-11,81
Toyota,RAV4,2015,108883,Petrol,Manual,2,East,6500.0,2026-01-28,15
Honda,Civic,2014,219322,Petrol,Automatic,2,East,3050.0,2026-02-15,18
Honda,CR-V,2020,50109,Hybrid,Automatic,1,Metro,20600.0,2026-03-06,14
Toyota,Camry,2024,3000,Petrol,Automatic,1,North,27400.0,2026-01-12,23
Honda,Accord,2014,127464,Petrol,Automatic,3,Central,5250.0,2026-07-28,58
Hyundai,Sonata,2022,24512,Petrol,Automatic,2,East,19550.0,2026-04-23,23
Ford,Explorer,2020,71478,Hybrid,Automatic,2,Central,18550.0,2025-09-18,25
Ford,Escape,2024,3000,Petrol,Automatic,1,Metro,30750.0,2026-06-22,7
Toyota,Camry,2017,86874,Petrol,Automatic,1,Central,10850.0,2025-11-16,36
Subaru,Impreza,2022,35075,Petrol,Automatic,1,South,17450.0,2026-03-20,11
Kia,Sportage,2020,70494,Petrol,Automatic,3,Metro,15800.0,2026-04-09,45
Toyota,Highlander,2020,63617,Hybrid,Automatic,1,East,26600.0,2025-09-19,18
Toyota,Highlander,2022,20691,Hybrid,Automatic,1,East,33050.0,2025-10-09,24
Audi,A4,2020,43672,Hybrid,Automatic,1,West,23850.0,2026-03-16,23
Hyundai,Elantra,2018,47839,Petrol,Automatic,2,South,8900.0,2026-05-19,27
Subaru,Forester,2020,66703,Petrol,Automatic,3,East,15200.0,2025-10-09,33
Mazda,Mazda6,2013,131023,Diesel,Automatic,3,West,3250.0,2026-05-17,42
BMW,5 Series,2013,133486,Diesel,Automatic,2,North,6950.0,2026-01-01,68
Honda,Pilot,2015,116960,Petrol,Automatic,2,South,10200.0,2025-12-06,46
Volkswagen,Passat,2012,159749,Diesel,Manual,1,Metro,3500.0,2026-08-30,140
BMW,5 Series,2016,113325,Diesel,Manual,1,Central,9150.0,2026-05-17,6
BMW,M3,2019,90347,Petrol,Automatic,2,West,33150.0,2026-02-04,51
Ford,Mustang,2017,84889,Hybrid,Automatic,2,West,11150.0,2026-07-08,15
Volkswagen,Tiguan,2024,3000,Petrol,Automatic,1,Metro,34150.0,2026-03-09,12
Nissan,Pathfinder,2019,63607,Petrol,Manual,2,South,14100.0,2025-09-26,24
Honda,Civic,2016,121311,Hybrid,Automatic,2,Metro,6750.0,2026-03-28,32
Chevrolet,Malibu,2014,193484,Petrol,Automatic,2,Metro,3100.0,2026-01-30,20
Hyundai,Tucson,2021,37553,Hybrid,Automatic,1,North,18600.0,2026-04-09,26
Ford,Explorer,2015,186185,Petrol,Automatic,3,North,4550.0,2026-02-12,21
Tesla,Model Y,2020,61821,Electric,Automatic,1,South,25200.0,2026-09-10,20
Hyundai,Santa Fe,2019,90512,Diesel,Automatic,1,Metro,12050.0,2026-06-15,68
Volkswagen,Passat,2017,43529,Petrol,Manual,3,South,8200.0,2026-07-13,33
Toyota,Corolla,2020,52616,Petrol,Automatic,1,West,14300.0,2025-11-12,31
Volkswagen,Tiguan,2023,20777,Petrol,Automatic,1,North,25050.0,2025-11-07,68
Mercedes-Benz,E-Class,2016,154435,Hybrid,Manual,2,Central,8250.0,2026-03-27,28
Ford,Explorer,2024,3000,Petrol,Automatic,1,North,35950.0,2025-10-25,26
Toyota,Corolla,2014,103868,Petrol,Automatic,4,South,2800.0,2026-09-14,53
Audi,Q5,2015,131640,Petrol,Automatic,2,North,6500.0,2026-04-19,36
Tesla,Model Y,2013,170140,Electric,Automatic,2,Central,5900.0,2026-06-01,76
Hyundai,Elantra,2021,63405,Petrol,Automatic,3,East,12550.0,2026-04-30,11
Honda,Civic,2015,108209,Hybrid,Manual,3,Metro,6100.0,2025-11-15,22
Toyota,Highlander,2014,126930,Petrol,Automatic,3,Central,9950.0,2026-03-04,21
Tesla,Model X,2017,90661,Electric,Automatic,1,East,32300.0,2026-01-30,42
Ford,Escape,2021,27594,Petrol,Manual,1,South,17500.0,2026-05-07,38
Honda,Accord,2020,67779,Petrol,Automatic,2,South,15100.0,2025-10-18,19
Toyota,Corolla,2022,32821,Hybrid,Automatic,1,Metro,18350.0,2025-12-27,17
Mercedes-Benz,GLE,2020,59358,Diesel,Automatic,1,South,30450.0,2026-05-27,19
Toyota,Corolla,2018,99710,Petrol,Automatic,1,West,10000.0,2026-02-05,39
Toyota,Highlander,2024,3000,Hybrid,Automatic,1,South,42050.0,2025-12-20,5
Nissan,Altima,2013,164297,Petrol,Automatic,1,East,3250.0,2026-01-30,140
Kia,Optima,2023,18048,Petrol,Automatic,1,Metro,23450.0,2026-05-18,30
BMW,5 Series,2019,58141,Hybrid,Automatic,2,South,23000.0,2026-08-23,11
Volkswagen,Tiguan,2024,3000,Petrol,Automatic,1,West,31900.0,2026-06-21,19
Honda,Accord,2024,3000,Petrol,Automatic,1,East,30200.0,2026-08-29,19
Volkswagen,Tiguan,2020,84427,Petrol,Automatic,1,West,14600.0,2026-02-25,27
Honda,Accord,2022,18957,Petrol,Automatic,1,East,23300.0,2026-05-24,23
Tesla,Model 3,2022,23958,Electric,Automatic,1,North,33050.0,2026-02-17,13
Kia,Forte,2024,3000,Petrol,Manual,1,East,20600.0,2026-01-10,18
Hyundai,Tucson,2020,59853,Hybrid,Automatic,2,East,15900.0,2025-12-21,17
Toyota,RAV4,2018,58622,Hybrid,Automatic,2,East,15250.0,2026-02-15,43
Kia,Optima,2017,62548,Hybrid,Automatic,3,West,9100.0,2025-10-13,35
Chevrolet,Malibu,2019,115595,Petrol,Automatic,1,North,10450.0,2026-01-19,90
Mercedes-Benz,GLC,2018,94912,Hybrid,Automatic,2,North,11800.0,2026-08-28,63
Nissan,Rogue,2017,93547,Petrol,Automatic,1,East,8900.0,2026-03-10,17
Hyundai,Tucson,2016,123679,Hybrid,Automatic,3,Metro,8400.0,2026-05-31,81
Ford,Explorer,2023,6331,Petrol,Automatic,1,West,35500.0,2026-07-24,25
Honda,Civic,2019,48338,Hybrid,Automatic,2,South,14400.0,2026-01-25,32
Audi,A6,2018,83355,Hybrid,Manual,1,South,19350.0,2025-09-20,47
Toyota,Corolla,2014,110873,Hybrid,Automatic,1,South,5550.0,2026-03-20,32
Chevrolet,Tahoe,2018,61103,Petrol,Automatic,1,North,23350.0,2026-02-07,23
Nissan,Pathfinder,2017,107994,Petrol,Automatic,1,South,11300.0,2026-07-21,27
Subaru,Impreza,2019,36029,Petrol,Automatic,3,Metro,12700.0,2026-01-18,11
Subaru,Forester,2023,26914,Petrol,Automatic,1,Central,22600.0,2026-07-20,17
Honda,Civic,2021,40000,Hybrid,Automatic,1,East,17750.0,2026-01-08,75
Honda,Accord,2022,25549,Petrol,Automatic,2,Metro,23650.0,2026-06-30,50
Ford,Mustang,2017,60792,Petrol,Automatic,3,East,12400.0,2026-06-18,53
Ford,Escape,2022,30964,Electric,Automatic,1,South,21500.0,2026-05-11,11
Porsche,Cayenne,2018,55564,Petrol,Automatic,3,North,42450.0,2025-11-18,72
Toyota,RAV4,2016,121990,Hybrid,Automatic,4,East,9800.0,2026-03-27,48
Ford,F-150,2012,148649,Hybrid,Automatic,1,North,4550.0,2026-06-25,83
Toyota,Tacoma,2015,131936,Diesel,Automatic,1,West,7300.0,2025-12-17,85
Toyota,RAV4,2012,151374,Petrol,Automatic,2,West,5550.0,2025-11-26,25
Kia,Telluride,2016,175097,Petrol,Automatic,3,Metro,7550.0,2026-06-23,17
Hyundai,Elantra,2023,20725,Petrol,Automatic,1,East,18850.0,2026-06-22,22
Hyundai,Santa Fe,2016,82765,Petrol,Automatic,2,Central,8300.0,2026-04-26,45
Ford,Explorer,2018,42232,Petrol,Automatic,2,Metro,15450.0,2025-12-26,33
Mercedes-Benz,C-Class,2024,3000,Hybrid,Automatic,1,Central,47650.0,2026-08-02,27
Chevrolet,Equinox,2018,46657,Petrol,Automatic,1,Metro,11300.0,2026-08-12,25
Honda,Civic,2020,57034,Hybrid,Automatic,1,Central,14500.0,2026-08-01,43
Chevrolet,Silverado,2023,11295,Petrol,Automatic,1,Metro,36300.0,2026-04-25,21
Honda,Pilot,2023,13701,Petrol,Automatic,1,East,32450.0,2026-09-09,37
Honda,Civic,2012,163291,Hybrid,Automatic,3,Central,3000.0,2025-12-30,109
Ford,Explorer,2022,29317,Petrol,Automatic,1,East,30100.0,2026-03-19,22
Honda,Accord,2022,38515,Hybrid,Manual,1,South,24500.0,2026-02-16,50
Ford,Escape,2017,93315,Hybrid,Automatic,2,West,6800.0,2025-10-03,21
BMW,X5,2023,11237,Petrol,Automatic,1,East,58000.0,2026-06-26,44
Nissan,Sentra,2016,136476,Petrol,Automatic,2,Central,2650.0,2026-02-24,55
Porsche,Macan,2017,79928,Petrol,Automatic,2,West,28250.0,2026-05-18,16
Audi,Q5,2016,100703,Electric,Automatic,3,South,11200.0,2025-11-18,77
Subaru,Impreza,2022,24322,Petrol,Automatic,1,Metro,17750.0,2026-07-21,27
Porsche,Panamera,2017,90884,Hybrid,Manual,1,East,47300.0,2026-02-05,34
Honda,Civic,2022,17138,Petrol,Automatic,2,Central,17050.0,2026-07-17,33
Tesla,Model S,2013,124962,Electric,Automatic,2,South,11000.0,2026-07-30,88
Audi,A6,2021,48810,Petrol,Automatic,1,East,34950.0,2026-06-06,46
Chevrolet,Equinox,2021,39730,Electric,Automatic,1,North,19050.0,2026-02-17,81
Audi,A6,2017,151590,Petrol,Automatic,2,West,18250.0,2025-11-14,12
Audi,Q5,2024,3000,Petrol,Automatic,1,East,46650.0,2025-11-29,31
BMW,X3,2022,28558,Petrol,Automatic,1,Central,31850.0,2025-11-12,84
Toyota,Corolla,2019,56147,Hybrid,Manual,2,East,10550.0,2025-12-19,30
Toyota,Highlander,2021,40638,Diesel,Automatic,1,Metro,29150.0,2026-05-20,34
Toyota,RAV4,2021,26501,Petrol,Automatic,2,North,20050.0,2025-10-10,37
Hyundai,Sonata,2024,3000,Hybrid,Automatic,1,South,27250.0,2026-05-28,27
Mercedes-Benz,GLE,2024,3000,Petrol,Automatic,1,West,72100.0,2025-10-11,60
Mercedes-Benz,E-Class,2012,140143,Hybrid,Automatic,2,Metro,7200.0,2025-09-19,140
Honda,Accord,2018,85799,Hybrid,Automatic,3,Central,10650.0,2026-06-17,37
Ford,F-150,2016,131442,Petrol,Automatic,3,North,9000.0,2025-12-06,18
Audi,A6,2012,106638,Petrol,Automatic,2,East,6950.0,2026-07-05,52
Mercedes-Benz,GLE,2017,89965,Hybrid,Automatic,1,Metro,20400.0,2026-06-03,33
Toyota,Highlander,2015,156280,Petrol,Automatic,2,South,11000.0,2026-08-10,41
Honda,Civic,2018,35458,Petrol,Automatic,2,West,11450.0,2026-04-22,19
Nissan,Pathfinder,2018,49828,Electric,Automatic,2,East,14450.0,2026-05-13,22
Honda,Pilot,2019,67250,Petrol,Automatic,1,North,19650.0,2026-01-12,22
Nissan,Pathfinder,2024,3000,Electric,Automatic,1,East,39050.0,2026-05-09,15
Honda,Civic,2022,33023,Petrol,Automatic,1,North,20000.0,2026-07-12,60
Toyota,Tacoma,2017,90850,Hybrid,Automatic,1,North,13600.0,2026-04-07,41
Ford,F-150,2019,52953,Petrol,Automatic,1,East,19450.0,2026-04-15,49
Chevrolet,Malibu,2021,48633,Petrol,Automatic,3,Central,13400.0,2026-05-12,15
Audi,Q5,2013,218551,Petrol,Automatic,2,Metro,5650.0,2026-04-18,140
Honda,Accord,2013,149684,Petrol,Manual,2,West,3500.0,2025-11-19,15
Chevrolet,Silverado,2012,237289,Petrol,Automatic,2,North,4700.0,2026-05-31,140
BMW,X5,2022,28101,Electric,Automatic,1,North,45650.0,2025-12-20,29
Hyundai,Tucson,2022,38368,Hybrid,Automatic,2,North,19700.0,2026-01-14,40
Porsche,Cayenne,2017,79117,Petrol,Automatic,1,North,41950.0,2026-03-20,13
Nissan,Altima,2015,113606,Petrol,Automatic,1,South,3250.0,2026-08-18,21
Tesla,Model Y,2024,3000,Electric,Automatic,1,Metro,49200.0,2026-02-20,20
Audi,A4,2013,136748,Petrol,Automatic,3,North,5150.0,2026-09-15,48
Mercedes-Benz,GLE,2023,17360,Petrol,Automatic,1,Central,52350.0,2026-08-15,11
Audi,A4,2018,80196,Diesel,Manual,1,South,14250.0,2025-12-17,25
Mazda,Mazda6,2016,98289,Diesel,Automatic,1,Central,8100.0,2026-09-02,32
Honda,Civic,2017,61255,Petrol,Automatic,1,West,11550.0,2026-08-29,54
BMW,5 Series,2021,51555,Hybrid,Manual,3,Metro,29350.0,2025-11-19,72
Honda,CR-V,2024,3000,Hybrid,Automatic,2,West,32150.0,2026-05-07,24
Honda,Accord,2022,31410,Hybrid,Automatic,2,Metro,23750.0,2025-12-13,29
Audi,Q7,2014,60540,Petrol,Automatic,2,Metro,10500.0,2025-10-17,74
BMW,M3,2024,3000,Diesel,Automatic,1,North,72900.0,2026-03-11,39
Honda,Accord,2024,3000,Petrol,Automatic,1,West,30050.0,2026-09-13,25
Audi,Q5,2019,59674,Petrol,Automatic,3,Central,20050.0,2025-12-04,35
Hyundai,Sonata,2023,15325,Petrol,Automatic,1,Metro,24550.0,2025-10-24,20
Nissan,Rogue,2021,41035,Petrol,Automatic,1,South,16400.0,2025-10-12,16
Honda,Pilot,2017,102273,Hybrid,Automatic,2,East,14850.0,2025-12-07,26
Tesla,Model Y,2019,76209,Electric,Automatic,1,South,24250.0,2025-09-26,30
Mazda,Mazda6,2024,3000,Petrol,Automatic,2,South,26500.0,2026-04-15,7
Volkswagen,Passat,2018,97919,Hybrid,Automatic,3,South,8600.0,2025-12-19,28
Mercedes-Benz,GLC,2024,3000,Petrol,Automatic,1,East,51450.0,2026-07-10,49
BMW,X3,2016,87404,Petrol,Automatic,3,East,9300.0,2026-07-01,17
BMW,5 Series,2021,68934,Petrol,Automatic,2,South,37750.0,2025-11-22,19
Mazda,Mazda6,2024,3000,Diesel,Automatic,1,East,26200.0,2026-04-04,14
Honda,CR-V,2021,53579,Petrol,Manual,2,Central,19000.0,2026-07-05,28
Toyota,Highlander,2022,30556,Hybrid,Automatic,1,South,32200.0,2026-03-20,36
Kia,Optima,2022,19922,Petrol,Automatic,1,North,20100.0,2026-07-29,13
Chevrolet,Silverado,2015,111323,Petrol,Automatic,4,West,8400.0,2026-04-10,20
Audi,Q7,2022,20695,Petrol,Automatic,1,South,44550.0,2026-02-17,46
Kia,Telluride,2023,10535,Petrol,Automatic,1,Metro,33350.0,2026-02-26,11
Hyundai,Elantra,2014,160345,Hybrid,Automatic,2,South,2650.0,2026-07-19,62
Audi,A6,2019,84555,Petrol,Manual,1,East,21150.0,2026-07-02,36
Ford,Escape,2020,95919,Petrol,Automatic,3,Central,12950.0,2026-03-24,40
Toyota,Corolla,2021,47970,Petrol,Automatic,2,West,15050.0,2026-04-01,27
Toyota,Camry,2014,158011,Petrol,Automatic,1,East,5950.0,2025-11-02,57
Nissan,Rogue,2022,37453,Petrol,Automatic,2,Central,18650.0,2026-07-29,17
Volkswagen,Golf,2015,77220,Petrol,Automatic,2,North,5300.0,2026-08-05,15
Hyundai,Elantra,2020,36257,Petrol,Manual,2,South,11000.0,2026-03-28,10
Hyundai,Elantra,2015,160307,Petrol,Automatic,1,South,3000.0,2025-11-28,28
Audi,A4,2016,101292,Petrol,Automatic,1,West,8350.0,2025-12-11,10
Mercedes-Benz,GLC,2024,3000,Hybrid,Manual,1,Metro,51650.0,2025-11-09,49
Honda,Pilot,2015,193880,Petrol,Automatic,2,Metro,11700.0,2026-07-07,86
Mercedes-Benz,GLC,2022,16354,Hybrid,Manual,1,South,35550.0,2026-07-14,51
Chevrolet,Equinox,2021,47891,Petrol,Automatic,3,West,16600.0,2025-12-03,34
Chevrolet,Equinox,2020,88479,Petrol,Automatic,2,West,13550.0,2026-05-21,22
Honda,Pilot,2015,147720,Hybrid,Automatic,4,Metro,11750.0,2025-09-27,45
Hyundai,Sonata,2024,3000,Petrol,Automatic,1,East,26950.0,2026-05-07,21
Mercedes-Benz,C-Class,2021,56475,Petrol,Automatic,2,Metro,29250.0,2026-07-29,38
Subaru,Outback,2023,13351,Petrol,Automatic,1,South,26700.0,2026-01-24,48
Honda,Pilot,2019,58514,Petrol,Automatic,1,Metro,23700.0,2026-04-27,36
Volkswagen,Jetta,2022,40098,Petrol,Automatic,1,East,16900.0,2025-12-25,33
Ford,F-150,2013,144828,Petrol,Automatic,2,West,4550.0,2026-03-09,66
BMW,5 Series,2018,84737,Hybrid,Automatic,3,Metro,20600.0,2026-05-23,46
Mercedes-Benz,E-Class,2024,3000,Petrol,Automatic,1,North,58800.0,2026-04-02,33
Tesla,Model Y,2020,52694,Electric,Automatic,1,North,24450.0,2026-01-21,24
Toyota,Highlander,2017,107734,Petrol,Manual,1,East,15400.0,2025-12-21,37
BMW,X3,2017,161998,Petrol,Manual,1,West,9400.0,2025-10-22,53
BMW,3 Series,2020,51737,Petrol,Automatic,1,South,21550.0,2026-08-04,65
Toyota,Corolla,2018,96217,Hybrid,Automatic,3,South,9200.0,2026-07-06,10
Hyundai,Santa Fe,2023,16051,Petrol,Automatic,1,West,28800.0,2025-09-20,27
BMW,5 Series,2024,3018,Petrol,Automatic,1,North,54400.0,2025-09-22,3
Mazda,Mazda6,2021,35625,Hybrid,Automatic,2,East,18150.0,2025-10-02,13
Honda,CR-V,2019,42415,Petrol,Automatic,1,Metro,15800.0,2026-01-25,10
Nissan,Pathfinder,2021,43191,Petrol,Automatic,2,West,23550.0,2026-04-03,22
Nissan,Sentra,2020,65596,Petrol,Automatic,2,South,11200.0,2026-03-23,9
Tesla,Model X,2020,46793,Electric,Automatic,1,South,47600.0,2026-01-04,24
Ford,Escape,2018,71627,Petrol,Manual,1,North,9300.0,2025-12-18,34
Tesla,Model S,2020,31591,Electric,Automatic,1,North,49450.0,2026-03-10,39
Kia,Sportage,2014,136436,Petrol,Automatic,3,Metro,4600.0,2025-10-22,35
Volkswagen,Passat,2021,26412,Petrol,Automatic,1,Central,18500.0,2026-07-16,37
Toyota,RAV4,2023,6883,Hybrid,Automatic,1,South,29800.0,2025-11-09,13
Toyota,Highlander,2012,165828,Petrol,Automatic,4,West,7950.0,2026-04-06,23
Kia,Forte,2020,65390,Hybrid,Automatic,1,West,11950.0,2025-09-22,20
Volkswagen,Passat,2019,56669,Diesel,Automatic,2,West,12600.0,2025-11-23,23
Toyota,RAV4,2024,3469,Hybrid,Automatic,1,North,30650.0,2026-07-03,17
Hyundai,Sonata,2022,25422,Hybrid,Automatic,1,West,21500.0,2025-11-02,38
Ford,Explorer,2012,175820,Electric,Automatic,3,West,4550.0,2026-01-23,140
Honda,Accord,2018,70630,Hybrid,Automatic,1,South,13300.0,2026-01-02,16
Hyundai,Elantra,2017,95405,Petrol,Automatic,2,South,7000.0,2026-01-11,17
Hyundai,Tucson,2024,3000,Petrol,Automatic,1,South,26000.0,2025-12-26,40
Honda,Civic,2021,47906,Petrol,Automatic,1,West,18300.0,2025-11-16,19
Subaru,Outback,2018,67147,Petrol,Automatic,1,South,11800.0,2026-01-23,16
Chevrolet,Malibu,2016,114382,Electric,Automatic,2,Metro,4750.0,2026-05-29,17
Toyota,RAV4,2016,117755,Hybrid,Automatic,1,South,10950.0,2026-07-24,28
Toyota,RAV4,2021,40664,Hybrid,Automatic,1,North,22600.0,2025-10-30,57
Toyota,Tacoma,2015,103866,Petrol,Automatic,1,West,10100.0,2026-06-18,41
BMW,5 Series,2022,23899,Petrol,Automatic,1,East,40150.0,2025-10-11,34
BMW,X3,2023,8872,Petrol,Automatic,1,South,42950.0,2026-07-24,46
BMW,X5,2017,180938,Hybrid,Automatic,2,Central,15100.0,2025-10-03,43
Toyota,Corolla,2021,29561,Petrol,Automatic,1,North,15600.0,2025-12-09,9
Hyundai,Sonata,2020,54703,Hybrid,Automatic,1,North,16200.0,2026-07-27,44
Hyundai,Elantra,2023,13109,Hybrid,Automatic,1,Metro,20600.0,2026-07-19,15
Hyundai,Sonata,2023,13438,Petrol,Automatic,1,North,21000.0,2025-12-20,4
Mercedes-Benz,E-Class,2017,154902,Hybrid,Automatic,2,South,14100.0,2026-06-27,29
Honda,Pilot,2021,32382,Petrol,Automatic,1,Central,25250.0,2026-03-03,21
Ford,Escape,2016,89757,Petrol,Automatic,2,East,7200.0,2026-07-10,24
Mercedes-Benz,GLC,2019,67859,Petrol,Manual,2,Central,17500.0,2026-06-21,32
Honda,Civic,2014,329043,Petrol,Automatic,1,South,3000.0,2026-07-16,140
Ford,Escape,2024,3806,Petrol,Automatic,1,North,27000.0,2026-06-12,24
Porsche,Macan,2013,231320,Petrol,Automatic,2,Metro,18200.0,2026-07-23,57
Ford,Escape,2015,68388,Electric,Automatic,2,North,6400.0,2026-04-06,36
Toyota,Highlander,2022,49588,Diesel,Automatic,2,South,30500.0,2026-07-22,22
Toyota,RAV4,2017,60178,Hybrid,Manual,2,South,12800.0,2026-04-05,76
Kia,Telluride,2014,62200,Petrol,Automatic,2,Central,8750.0,2026-09-13,111
Ford,Mustang,2023,15608,Petrol,Automatic,1,North,27600.0,2026-05-31,22
Kia,Forte,2019,50601,Petrol,Automatic,2,North,10150.0,2026-01-28,47
Nissan,Altima,2024,3000,Petrol,Automatic,1,East,28600.0,2026-08-18,22
Volkswagen,Passat,2021,43044,Petrol,Automatic,1,South,19650.0,2026-06-20,15
Volkswagen,Jetta,2012,169559,Hybrid,Manual,4,West,2750.0,2026-03-15,140
Volkswagen,Tiguan,2024,3000,Petrol,Automatic,1,East,29250.0,2026-09-11,24
Volkswagen,Jetta,2021,43161,Diesel,Manual,1,Metro,13700.0,2025-11-13,39
Toyota,Highlander,2023,16277,Hybrid,Automatic,1,North,36900.0,2025-12-12,14
Toyota,RAV4,2022,39070,Petrol,Automatic,2,North,21700.0,2026-07-30,15
Mazda,CX-5,2021,35210,Petrol,Automatic,1,West,20850.0,2026-01-02,25
Porsche,Macan,2017,48861,Electric,Manual,1,West,33400.0,2026-01-25,26
Honda,Civic,2016,139580,Petrol,Manual,1,Metro,6450.0,2026-07-11,35
Porsche,911,2020,81994,Petrol,Automatic,2,North,89600.0,2026-07-03,71
Mercedes-Benz,GLC,2020,60028,Hybrid,Automatic,1,Metro,26900.0,2025-10-13,51
Toyota,Corolla,2024,3000,Petrol,Automatic,1,Metro,23350.0,2026-01-29,18
Ford,Explorer,2022,15895,Diesel,Automatic,1,Central,24450.0,2026-07-05,25
Ford,Explorer,2017,83789,Petrol,Automatic,3,West,13900.0,2026-01-15,127
Mercedes-Benz,E-Class,2018,70550,Hybrid,Automatic,3,West,17250.0,2026-06-14,41
Toyota,Highlander,2022,33441,Hybrid,Automatic,1,East,31350.0,2026-03-31,12
Hyundai,Elantra,2023,17301,Petrol,Automatic,1,Metro,20150.0,2025-11-12,28
Ford,Explorer,2016,155548,Petrol,Automatic,2,West,8850.0,2026-01-07,24
Honda,Civic,2020,51985,Petrol,Manual,1,North,14250.0,2026-05-27,33
Mazda,Mazda6,2021,41464,Petrol,Automatic,1,West,17650.0,2025-12-15,34
Mercedes-Benz,GLE,2021,29195,Petrol,Automatic,2,West,37700.0,2026-08-06,37
Ford,F-150,2018,70768,Diesel,Automatic,1,West,17200.0,2026-02-06,56
Mazda,Mazda6,2023,11278,Petrol,Automatic,1,Metro,25200.0,2026-04-17,8
Toyota,Camry,2019,78939,Petrol,Automatic,2,North,13650.0,2025-12-04,14
BMW,5 Series,2024,3000,Hybrid,Automatic,1,South,57450.0,2026-02-02,15
Kia,Telluride,2015,70378,Hybrid,Automatic,2,West,10800.0,2025-10-18,39
BMW,5 Series,2020,63965,Petrol,Automatic,2,North,25850.0,2026-07-25,45
Toyota,Tacoma,2015,126567,Petrol,Automatic,2,Central,8800.0,2026-09-01,41
Ford,F-150,2015,137329,Petrol,Manual,3,East,7100.0,2026-06-03,74
Volkswagen,Tiguan,2021,60386,Petrol,Automatic,1,West,17450.0,2026-06-28,23
Hyundai,Santa Fe,2024,3000,Petrol,Manual,1,Metro,32150.0,2025-09-16,20
Toyota,Camry,2018,55408,Hybrid,Automatic,3,East,12750.0,2025-10-08,53
Toyota,Corolla,2015,154202,Petrol,Automatic,2,East,4250.0,2026-01-27,33
Volkswagen,Golf,2021,52185,Diesel,Automatic,1,East,16400.0,2025-11-19,32
Toyota,RAV4,2024,3000,Hybrid,Automatic,1,East,31550.0,2026-09-09,19
Honda,Accord,2024,3000,Hybrid,Manual,1,East,29500.0,2026-05-31,51
Mercedes-Benz,GLC,2022,18989,Hybrid,Automatic,2,East,36850.0,2026-06-16,48
Kia,Telluride,2024,3000,Petrol,Automatic,1,Metro,40100.0,2026-09-11,13
Honda,Accord,2024,3000,Hybrid,Automatic,1,West,29950.0,2025-12-15,40
BMW,M3,2019,82302,Petrol,Automatic,1,East,32300.0,2026-01-10,34
Subaru,Outback,2020,53644,Hybrid,Automatic,1,North,19550.0,2026-01-16,12
Volkswagen,Tiguan,2015,91759,Petrol,Automatic,1,East,5850.0,2026-06-13,84
Mazda,CX-5,2015,165771,Diesel,Automatic,3,East,5800.0,2025-09-24,4
Nissan,Pathfinder,2024,3000,Petrol,Automatic,1,West,38350.0,2026-05-06,41
BMW,M3,2019,87394,Petrol,Automatic,2,West,31950.0,2026-01-17,50
Mazda,Mazda3,2020,46574,Hybrid,Automatic,1,Metro,15000.0,2026-02-08,36
Chevrolet,Tahoe,2014,167262,Petrol,Automatic,1,North,12000.0,2026-08-12,27
Mazda,CX-5,2020,68013,Petrol,Manual,2,Metro,17100.0,2026-06-03,40
Honda,Civic,2023,10054,Petrol,Automatic,1,West,22650.0,2026-06-18,24
Honda,CR-V,2021,40955,Petrol,Automatic,2,Central,19950.0,2026-05-23,24
Nissan,Rogue,2017,92429,Petrol,Automatic,1,South,7600.0,2026-01-27,18
BMW,X5,2013,134383,Petrol,Automatic,2,Central,10750.0,2026-01-01,108
Mercedes-Benz,C-Class,2023,15134,Petrol,Automatic,1,North,41150.0,2026-06-08,41
Audi,Q5,2018,82689,Petrol,Automatic,4,Central,12350.0,2026-08-05,6
Chevrolet,Malibu,2013,119486,Petrol,Automatic,2,Central,3100.0,2026-09-04,41
Mercedes-Benz,E-Class,2020,41755,Petrol,Automatic,1,Central,30350.0,2025-12-11,27
Volkswagen,Golf,2016,92773,Diesel,Automatic,1,South,6450.0,2025-12-29,8
BMW,X3,2022,23805,Petrol,Automatic,1,Central,31050.0,2026-02-05,35
Honda,CR-V,2022,39713,Petrol,Automatic,1,East,22750.0,2026-03-14,43
Toyota,Tacoma,2024,3000,Hybrid,Automatic,1,Metro,35250.0,2026-05-05,22
Mercedes-Benz,E-Class,2024,3000,Petrol,Automatic,1,North,58350.0,2026-03-10,32
Tesla,Model X,2014,84230,Electric,Automatic,3,West,21200.0,2026-03-08,64
Ford,Explorer,2018,111998,Petrol,Manual,4,Metro,11600.0,2026-02-05,32
Honda,Civic,2020,58328,Petrol,Automatic,1,East,13900.0,2025-09-29,45
Audi,A4,2022,18852,Petrol,Automatic,1,Central,31150.0,2026-01-19,17
Mercedes-Benz,C-Class,2015,87332,Hybrid,Automatic,3,South,7150.0,2026-05-27,34
Porsche,Panamera,2021,42035,Petrol,Automatic,1,North,73100.0,2026-08-27,10
BMW,5 Series,2015,120247,Petrol,Automatic,2,Metro,9350.0,2026-05-21,9
Ford,Escape,2014,244474,Electric,Automatic,1,South,3350.0,2026-01-01,140
Toyota,RAV4,2023,13771,Petrol,Manual,1,West,26800.0,2025-09-23,40
Chevrolet,Equinox,2024,3000,Petrol,Automatic,1,Metro,31000.0,2025-11-06,28
Honda,Accord,2020,62738,Hybrid,Automatic,3,South,16050.0,2026-04-24,27
Ford,F-150,2024,3000,Petrol,Automatic,1,South,37950.0,2026-05-28,14
Toyota,Corolla,2024,3000,Hybrid,Automatic,1,Central,22150.0,2025-11-09,32
Honda,Civic,2021,57960,Petrol,Automatic,1,West,17550.0,2026-05-13,55
Toyota,Tacoma,2013,90220,Petrol,Automatic,2,Metro,8150.0,2025-12-12,51
Toyota,Highlander,2023,15226,Petrol,Automatic,1,West,33050.0,2025-11-13,17
Kia,Telluride,2020,65760,Petrol,Automatic,2,North,21500.0,2026-04-06,42
BMW,3 Series,2024,3000,Petrol,Automatic,2,Central,44100.0,2026-02-14,16
Ford,Mustang,2021,60908,Diesel,Automatic,1,East,20400.0,2026-07-02,25
Chevrolet,Equinox,2018,72678,Electric,Automatic,3,West,10600.0,2025-09-24,68
Porsche,Cayenne,2018,60635,Petrol,Manual,4,Metro,40800.0,2026-08-24,61
Volkswagen,Tiguan,2024,3576,Petrol,Automatic,1,Central,29600.0,2025-11-08,16
Volkswagen,Passat,2020,72068,Petrol,Automatic,2,South,15600.0,2025-11-10,26
Porsche,911,2013,232830,Petrol,Automatic,4,East,33850.0,2025-10-25,108
Ford,F-150,2024,3000,Hybrid,Manual,1,Metro,39500.0,2026-07-21,41
Volkswagen,Passat,2021,52196,Petrol,Manual,1,East,15450.0,2025-10-28,27
Porsche,Panamera,2016,129564,Petrol,Automatic,2,South,35500.0,2026-08-02,43
Honda,Civic,2021,33849,Hybrid,Automatic,1,Central,17650.0,2025-12-15,38
Honda,Civic,2014,156942,Petrol,Manual,4,East,3150.0,2026-03-22,43
Mercedes-Benz,E-Class,2022,24214,Diesel,Manual,1,Central,34000.0,2026-06-27,18
Volkswagen,Jetta,2013,171937,Petrol,Automatic,2,North,2750.0,2025-11-03,140
Mazda,Mazda3,2019,68070,Petrol,Automatic,2,Central,11900.0,2026-04-09,38
Tesla,Model 3,2020,61296,Electric,Automatic,2,West,22150.0,2026-01-14,38
Toyota,RAV4,2022,39444,Hybrid,Automatic,1,West,25550.0,2025-12-30,35
Toyota,Camry,2022,25335,Petrol,Automatic,1,South,20700.0,2026-04-10,6
Hyundai,Sonata,2017,88213,Petrol,Automatic,2,South,6850.0,2026-08-24,52
Toyota,Corolla,2013,150877,Petrol,Automatic,2,Central,3000.0,2026-05-05,131
Toyota,Corolla,2019,69194,Hybrid,Automatic,1,East,11750.0,2026-02-08,73
BMW,X3,2017,100934,Petrol,Automatic,2,Central,12900.0,2026-04-22,19
Mercedes-Benz,GLE,2017,157090,Diesel,Automatic,3,Metro,13750.0,2025-09-29,19
BMW,X3,2016,155859,Petrol,Automatic,1,West,10550.0,2026-03-12,51
BMW,M3,2021,49075,Petrol,Automatic,1,North,45600.0,2026-05-21,28
Ford,Escape,2023,15087,Hybrid,Automatic,1,Metro,26300.0,2026-05-26,13
Hyundai,Tucson,2015,93973,Petrol,Manual,2,Metro,6350.0,2025-10-30,45
BMW,3 Series,2016,144751,Petrol,Automatic,2,Central,7800.0,2026-02-13,83
Ford,Mustang,2017,68457,Diesel,Automatic,4,South,9250.0,2025-12-02,128
Hyundai,Tucson,2020,89385,Petrol,Automatic,1,West,14000.0,2025-10-12,46
Chevrolet,Tahoe,2015,107761,Petrol,Automatic,1,Metro,11150.0,2026-09-02,27
Honda,CR-V,2024,3000,Hybrid,Manual,1,North,29200.0,2026-01-26,18
Tesla,Model S,2019,118797,Electric,Automatic,2,East,33500.0,2026-04-26,18
Tesla,Model Y,2023,9893,Electric,Automatic,1,West,45400.0,2025-11-23,8
Ford,Mustang,2019,88208,Petrol,Manual,2,East,11050.0,2025-11-14,28
Honda,Accord,2013,175030,Hybrid,Manual,1,East,4300.0,2025-10-24,78
Hyundai,Tucson,2020,37846,Petrol,Automatic,1,West,15000.0,2026-01-25,43
Honda,Accord,2024,3000,Petrol,Automatic,1,West,31400.0,2026-04-29,13
Honda,CR-V,2013,125326,Petrol,Automatic,1,South,5300.0,2025-12-17,46
Nissan,Rogue,2017,122378,Petrol,Automatic,2,East,7200.0,2025-12-12,48
Tesla,Model 3,2020,79476,Electric,Automatic,1,East,22500.0,2026-03-19,43
Ford,Escape,2023,12258,Petrol,Automatic,1,West,25950.0,2025-12-29,49
Ford,Escape,2018,77234,Petrol,Automatic,4,Central,7650.0,2026-02-15,19
Mazda,CX-9,2022,18362,Petrol,Automatic,1,East,29900.0,2025-10-16,37
Hyundai,Tucson,2021,52793,Diesel,Manual,1,Metro,16800.0,2026-09-06,49
Tesla,Model Y,2018,78187,Electric,Automatic,3,West,16900.0,2026-01-08,46
BMW,M3,2019,57489,Petrol,Manual,1,South,26950.0,2025-12-16,8
Nissan,Rogue,2016,104648,Petrol,Automatic,1,West,5800.0,2026-03-31,44
Subaru,Impreza,2021,47053,Petrol,Manual,3,North,14600.0,2025-10-29,24
BMW,M3,2012,165363,Petrol,Automatic,1,Metro,9350.0,2026-08-26,76
Ford,Escape,2021,24844,Petrol,Manual,1,West,18700.0,2026-03-28,29
Hyundai,Tucson,2015,89244,Petrol,Manual,1,North,6950.0,2025-09-28,47
Nissan,Rogue,2015,129929,Petrol,Automatic,3,North,4300.0,2026-01-16,57
Volkswagen,Passat,2019,67986,Petrol,Automatic,1,Central,10600.0,2026-03-28,24
Nissan,Altima,2022,33458,Petrol,Manual,2,Metro,18700.0,2026-05-11,49
Volkswagen,Jetta,2018,54565,Petrol,Automatic,2,North,8300.0,2026-01-11,7
Toyota,RAV4,2014,136105,Petrol,Manual,3,Metro,9100.0,2026-07-02,44
Toyota,Corolla,2023,11406,Petrol,Manual,2,West,19250.0,2025-10-24,21
Tesla,Model 3,2018,126313,Electric,Automatic,2,South,14250.0,2025-10-29,38
BMW,5 Series,2019,92718,Petrol,Automatic,1,North,17750.0,2026-09-13,40
Porsche,911,2024,3000,Petrol,Automatic,1,Metro,123050.0,2026-04-20,11
Tesla,Model 3,2017,81989,Electric,Automatic,1,South,13850.0,2026-08-24,52
BMW,5 Series,2023,9055,Petrol,Automatic,2,Metro,48100.0,2026-06-03,32
Ford,Mustang,2018,88464,Electric,Automatic,2,West,14750.0,2025-12-16,32
Tesla,Model S,2022,28409,Electric,Automatic,2,West,61250.0,2026-04-13,13
Mercedes-Benz,GLC,2013,135232,Petrol,Automatic,1,North,6000.0,2026-08-02,37
Volkswagen,Jetta,2014,228375,Diesel,Automatic,1,East,2750.0,2025-09-24,140
Honda,Civic,2017,95297,Diesel,Manual,1,West,7300.0,2026-03-22,17
Toyota,Camry,2016,129026,Petrol,Automatic,2,North,8950.0,2025-12-26,56
Nissan,Altima,2013,140802,Petrol,Automatic,2,South,3250.0,2026-08-26,98
Tesla,Model S,2018,147852,Electric,Automatic,1,North,28400.0,2026-04-16,42
BMW,X5,2023,12309,Hybrid,Automatic,1,South,62300.0,2026-08-07,70
Subaru,Impreza,2020,60900,Petrol,Automatic,1,East,13650.0,2026-09-14,24
BMW,3 Series,2024,3000,Hybrid,Automatic,1,Metro,49400.0,2025-09-25,18
Porsche,Panamera,2023,21809,Petrol,Automatic,1,Metro,96250.0,2026-04-02,10
Porsche,Cayenne,2021,34689,Petrol,Automatic,1,South,59500.0,2026-06-27,41
Toyota,Corolla,2012,107378,Hybrid,Automatic,4,Metro,3650.0,2026-05-01,39
Honda,Accord,2014,84363,Petrol,Automatic,1,West,7500.0,2026-07-23,10
Mercedes-Benz,GLC,2024,3000,Petrol,Automatic,1,West,50500.0,2026-04-21,44
Ford,Escape,2024,3000,Hybrid,Automatic,1,South,28650.0,2026-07-15,93
Tesla,Model S,2015,119445,Electric,Automatic,3,North,13700.0,2026-06-25,13
Subaru,Forester,2020,39311,Petrol,Automatic,2,South,14700.0,2026-06-29,10
Volkswagen,Tiguan,2024,3000,Petrol,Automatic,1,Metro,33850.0,2026-08-08,39
Toyota,RAV4,2020,30175,Hybrid,Automatic,1,East,22100.0,2026-06-26,75
Ford,Explorer,2023,17864,Diesel,Automatic,1,West,34050.0,2026-01-17,48
Toyota,Tacoma,2013,124422,Hybrid,Automatic,3,South,9000.0,2026-07-21,54
Tesla,Model Y,2021,38052,Electric,Automatic,2,Central,29850.0,2026-07-20,33
Toyota,RAV4,2018,112748,Petrol,Automatic,1,South,13400.0,2026-07-29,19
Toyota,RAV4,2017,63144,Petrol,Manual,4,West,10150.0,2026-08-15,55
Porsche,Cayenne,2022,24790,Petrol,Automatic,1,East,67350.0,2025-10-09,19
Mercedes-Benz,E-Class,2021,44351,Electric,Automatic,1,Metro,36600.0,2026-03-15,45
Ford,Explorer,2016,66327,Diesel,Automatic,2,North,8900.0,2026-03-06,25
Mercedes-Benz,GLE,2023,15211,Petrol,Automatic,1,Central,55200.0,2026-04-16,30
Chevrolet,Silverado,2017,77312,Petrol,Automatic,2,Central,13050.0,2026-03-15,49
Honda,Pilot,2020,43277,Petrol,Automatic,3,West,22000.0,2026-02-12,33
Chevrolet,Equinox,2020,77887,Petrol,Automatic,2,North,12850.0,2026-08-13,40
Ford,Escape,2023,20352,Diesel,Automatic,1,North,23250.0,2026-09-05,54
Volkswagen,Golf,2024,3000,Hybrid,Automatic,2,West,27300.0,2026-01-22,13
Honda,CR-V,2017,68278,Petrol,Automatic,2,East,11350.0,2025-09-28,61
Honda,Accord,2012,238509,Petrol,Automatic,3,Central,3500.0,2026-09-15,140
Mazda,Mazda3,2021,18365,Petrol,Automatic,1,Central,17400.0,2026-06-14,14
Tesla,Model Y,2016,116680,Electric,Automatic,3,West,9900.0,2025-10-07,21
Hyundai,Tucson,2022,18276,Diesel,Automatic,1,Metro,23700.0,2025-10-09,23
Toyota,Tacoma,2022,29167,Petrol,Automatic,1,Metro,29100.0,2026-02-15,13
BMW,M3,2021,53420,Hybrid,Automatic,1,South,43000.0,2025-10-17,17
Volkswagen,Passat,2013,521385,Petrol,Automatic,1,Metro,3500.0,2025-11-07,140
Toyota,Camry,2023,14982,Hybrid,Automatic,1,West,28050.0,2026-02-04,27
Nissan,Pathfinder,2020,65776,Petrol,Automatic,1,South,18150.0,2026-03-20,25
Mercedes-Benz,C-Class,2013,123568,Petrol,Automatic,1,East,5650.0,2026-03-11,110
Toyota,RAV4,2023,7754,Petrol,Automatic,1,South,29450.0,2026-07-29,17
Kia,Optima,2024,3000,Petrol,Automatic,1,East,26250.0,2026-04-22,18
Toyota,RAV4,2014,209747,Petrol,Automatic,1,Metro,3600.0,2026-07-22,26
Honda,Civic,2013,155257,Hybrid,Automatic,3,East,3000.0,2025-09-26,98
Hyundai,Santa Fe,2017,175926,Petrol,Automatic,1,South,8300.0,2026-05-23,12
Ford,Mustang,2019,79688,Hybrid,Automatic,1,South,15400.0,2026-04-15,21
Chevrolet,Malibu,2022,17691,Petrol,Automatic,1,Central,19650.0,2025-09-27,18
BMW,M3,2016,71982,Petrol,Automatic,2,Central,16950.0,2026-01-24,16
Mercedes-Benz,C-Class,2020,68865,Diesel,Automatic,3,North,16800.0,2026-02-25,43
Honda,CR-V,2023,9231,Petrol,Manual,1,South,26900.0,2026-09-02,35
Volkswagen,Golf,2016,131008,Diesel,Automatic,3,East,3250.0,2026-06-21,18
Ford,Mustang,2013,130917,Petrol,Automatic,2,East,5050.0,2026-07-29,54
Mercedes-Benz,GLE,2024,3000,Petrol,Automatic,1,North,65900.0,2026-09-09,81
Mercedes-Benz,C-Class,2017,104569,Hybrid,Automatic,2,Central,10150.0,2026-04-25,25
Honda,Pilot,2017,131872,Petrol,Manual,2,East,13300.0,2025-12-07,46
Toyota,Camry,2021,57422,Petrol,Manual,1,South,16800.0,2025-11-09,14
Ford,Explorer,2019,50203,Petrol,Automatic,1,West,19500.0,2026-03-05,23
Ford,Escape,2018,59359,Petrol,Manual,1,South,10850.0,2026-08-10,32
Mercedes-Benz,C-Class,2018,81753,Hybrid,Automatic,2,Metro,14150.0,2026-05-19,71
Honda,Pilot,2020,40483,Hybrid,Manual,1,East,24150.0,2025-11-22,40
BMW,3 Series,2013,119337,Petrol,Manual,2,East,5400.0,2026-08-18,140
Honda,Pilot,2020,42444,Hybrid,Automatic,1,South,23450.0,2025-10-19,27
Hyundai,Sonata,2023,14086,Petrol,Manual,1,South,22500.0,2025-09-27,41
Mercedes-Benz,C-Class,2012,192976,Petrol,Manual,1,Central,5650.0,2026-07-21,140
Ford,Escape,2023,16324,Diesel,Manual,1,North,21350.0,2026-06-28,27
Hyundai,Santa Fe,2022,26762,Hybrid,Automatic,1,East,24950.0,2026-01-03,42
Ford,Escape,2022,46407,Petrol,Automatic,2,East,20050.0,2026-07-29,15
Kia,Optima,2014,104746,Petrol,Automatic,2,East,3000.0,2026-04-22,38
Mazda,Mazda3,2012,233785,Petrol,Automatic,1,Central,3000.0,2025-09-28,140
BMW,X5,2019,53234,Petrol,Automatic,1,Central,26650.0,2026-05-04,10
Toyota,Highlander,2022,20772,Petrol,Automatic,2,West,32150.0,2026-02-27,67
Honda,Accord,2018,124148,Hybrid,Automatic,2,Central,11250.0,2026-06-05,80
Honda,CR-V,2024,3000,Petrol,Manual,1,West,29450.0,2026-03-25,28
Honda,Pilot,2015,107437,Hybrid,Manual,1,West,12800.0,2026-08-26,20
Nissan,Altima,2016,54974,Hybrid,Automatic,2,Metro,6600.0,2026-08-23,35
Hyundai,Tucson,2017,74003,Hybrid,Automatic,1,Metro,9750.0,2025-11-18,35
Ford,Mustang,2022,24270,Petrol,Automatic,1,Central,25600.0,2026-03-10,42
Audi,A6,2015,129511,Petrol,Automatic,2,North,6950.0,2026-07-23,9
Honda,Accord,2017,114299,Petrol,Automatic,2,East,9550.0,2026-03-31,39
Ford,F-150,2015,168488,Electric,Automatic,3,North,4700.0,2026-06-30,26
Ford,Mustang,2014,141359,Petrol,Automatic,4,South,6900.0,2025-10-17,20
Mercedes-Benz,C-Class,2017,90065,Petrol,Automatic,4,South,7000.0,2026-05-03,13
Mercedes-Benz,C-Class,2020,64943,Diesel,Automatic,2,East,19150.0,2025-09-27,13
Tesla,Model X,2024,3000,Electric,Automatic,1,South,90550.0,2026-07-02,10
Toyota,Highlander,2021,28142,Petrol,Automatic,2,East,27000.0,2026-04-16,29
Toyota,Highlander,2014,111550,Hybrid,Manual,1,North,7400.0,2025-11-23,52
Nissan,Sentra,2023,14545,Petrol,Automatic,1,Metro,20550.0,2025-12-12,57
Toyota,Corolla,2023,13319,Petrol,Automatic,1,South,18850.0,2026-06-30,12
Mercedes-Benz,GLE,2022,25843,Petrol,Automatic,1,South,48150.0,2025-09-19,30
Audi,Q5,2014,137573,Petrol,Automatic,3,South,5650.0,2026-01-22,33
Ford,Mustang,2021,44767,Diesel,Automatic,1,Central,18800.0,2026-03-22,56
Kia,Sportage,2019,68768,Petrol,Automatic,3,West,13200.0,2025-11-20,88
Toyota,Tacoma,2014,143952,Hybrid,Automatic,1,West,7950.0,2026-04-07,12
Nissan,Rogue,2024,3000,Petrol,Automatic,1,South,28750.0,2026-05-07,19
Chevrolet,Tahoe,2012,145586,Petrol,Automatic,3,West,6850.0,2026-05-09,52
Volkswagen,Passat,2012,171299,Petrol,Manual,2,North,3500.0,2025-12-24,140
Hyundai,Santa Fe,2021,21871,Petrol,Automatic,1,North,22450.0,2026-01-24,38
Volkswagen,Jetta,2022,21562,Electric,Manual,1,West,16800.0,2025-12-17,13
Toyota,Highlander,2014,155045,Petrol,Manual,4,Metro,8050.0,2025-11-08,40
Tesla,Model X,2024,3000,Electric,Automatic,1,East,99700.0,2026-01-16,36
Toyota,Highlander,2020,47956,Petrol,Automatic,1,Central,23000.0,2026-02-24,22
Audi,Q5,2019,67812,Petrol,Automatic,1,Metro,23200.0,2026-04-03,63
Volkswagen,Passat,2013,155107,Petrol,Automatic,2,North,3500.0,2025-10-23,125
Nissan,Altima,2023,18483,Petrol,Automatic,1,South,21400.0,2026-02-05,39
Subaru,Outback,2016,77836,Petrol,Manual,4,Metro,10000.0,2026-03-11,29
Toyota,Camry,2016,73121,Hybrid,Manual,2,Metro,12200.0,2025-10-15,29
Ford,Explorer,2021,60716,Petrol,Automatic,1,South,24850.0,2026-07-31,13
Hyundai,Sonata,2023,14050,Petrol,Manual,1,East,21600.0,2026-09-06,11
Toyota,Camry,2012,175866,Petrol,Automatic,2,West,5250.0,2026-03-10,21
Mercedes-Benz,GLE,2020,59283,Petrol,Automatic,1,North,28550.0,2025-11-05,41
Toyota,Camry,2020,38082,Hybrid,Manual,1,Central,16050.0,2026-09-05,23
Mercedes-Benz,GLC,2024,3000,Hybrid,Automatic,1,West,55200.0,2026-09-08,62
Mercedes-Benz,C-Class,2022,27515,Hybrid,Automatic,1,East,34950.0,2026-03-10,25
BMW,5 Series,2019,76922,Diesel,Automatic,1,North,20400.0,2026-08-20,47
Nissan,Pathfinder,2015,111259,Petrol,Automatic,2,North,6000.0,2025-11-08,41
Volkswagen,Golf,2023,16655,Hybrid,Automatic,1,West,23950.0,2026-07-26,10
BMW,3 Series,2015,113320,Petrol,Automatic,2,Central,6300.0,2026-08-24,29
Nissan,Rogue,2019,79561,Petrol,Automatic,1,North,10700.0,2025-09-25,25
Nissan,Rogue,2016,108403,Petrol,Automatic,2,Central,6150.0,2026-03-10,39
Mercedes-Benz,GLE,2015,123238,Petrol,Automatic,1,East,7900.0,2026-09-04,28
Hyundai,Elantra,2022,30070,Hybrid,Manual,1,East,17350.0,2026-03-08,66
Mercedes-Benz,E-Class,2021,32281,Hybrid,Automatic,2,South,33700.0,2025-11-29,44
Ford,Explorer,2017,85297,Petrol,Automatic,1,South,9550.0,2026-03-20,8
Toyota,Camry,2023,10676,Petrol,Manual,1,West,23650.0,2026-05-21,48
Chevrolet,Malibu,2015,121528,Petrol,Automatic,2,South,3700.0,2025-09-21,96
Toyota,Tacoma,2024,3000,Hybrid,Automatic,1,North,34750.0,2026-01-07,9
Audi,A6,2019,73517,Hybrid,Automatic,1,West,23300.0,2026-07-10,17
Honda,Pilot,2015,101669,Diesel,Automatic,2,East,9550.0,2026-05-10,41
Tesla,Model X,2015,67681,Electric,Automatic,1,Metro,19150.0,2025-11-24,47
Toyota,Highlander,2020,32356,Petrol,Automatic,1,Central,26350.0,2026-03-04,31
Toyota,Corolla,2012,194729,Hybrid,Automatic,3,North,2650.0,2026-04-05,140
Ford,Explorer,2017,118159,Petrol,Automatic,4,North,11050.0,2025-11-28,30
Honda,Civic,2023,7422,Petrol,Automatic,1,Metro,21650.0,2026-06-01,17
Audi,Q5,2023,10106,Petrol,Automatic,1,East,39900.0,2026-07-22,28
BMW,5 Series,2022,11013,Hybrid,Automatic,1,North,44650.0,2025-11-28,49
Nissan,Rogue,2020,56168,Petrol,Automatic,1,North,14350.0,2025-09-25,28
Toyota,Camry,2015,124770,Petrol,Automatic,2,Metro,7250.0,2025-10-07,13
Hyundai,Sonata,2022,35301,Petrol,Manual,1,East,17850.0,2026-02-25,25
Chevrolet,Malibu,2019,61466,Petrol,Automatic,2,South,10400.0,2026-02-09,30
Honda,Pilot,2012,200798,Petrol,Automatic,3,Metro,7000.0,2026-07-06,97
Mercedes-Benz,C-Class,2021,52783,Petrol,Automatic,2,Central,24900.0,2026-07-18,6
Audi,Q7,2023,8730,Diesel,Automatic,1,North,52450.0,2026-03-02,27
Honda,CR-V,2014,88758,Hybrid,Automatic,2,Central,8000.0,2025-12-28,42
Audi,Q7,2023,13910,Petrol,Automatic,1,Metro,56550.0,2026-09-01,34
Toyota,Corolla,2024,3000,Petrol,Automatic,1,Metro,22700.0,2026-06-04,35
Ford,Explorer,2024,3000,Hybrid,Automatic,1,North,38450.0,2026-01-11,22
Porsche,Macan,2019,92558,Petrol,Automatic,3,North,33450.0,2026-05-31,22
Honda,CR-V,2024,3000,Petrol,Automatic,1,East,30100.0,2026-06-09,28
Mercedes-Benz,E-Class,2017,78598,Petrol,Automatic,2,West,16200.0,2026-05-08,70
Hyundai,Santa Fe,2024,3000,Petrol,Automatic,1,South,31350.0,2026-02-13,9
Hyundai,Elantra,2015,103687,Hybrid,Automatic,2,South,4950.0,2026-01-31,34
Toyota,RAV4,2021,32704,Petrol,Automatic,1,North,21750.0,2026-06-03,19
Mercedes-Benz,GLC,2024,3000,Hybrid,Automatic,1,West,56150.0,2025-09-28,18
Toyota,RAV4,2024,3000,Petrol,Automatic,1,South,30200.0,2026-03-23,21
Porsche,911,2024,3000,Petrol,Automatic,1,North,116700.0,2025-10-21,34
Honda,Accord,2023,16489,Petrol,Automatic,1,West,26000.0,2026-06-06,12
Hyundai,Elantra,2024,3000,Petrol,Automatic,1,Metro,24000.0,2026-04-20,20
Tesla,Model X,2020,73230,Electric,Automatic,1,South,55400.0,2026-06-06,67
Honda,Civic,2019,109894,Hybrid,Automatic,1,North,11250.0,2026-03-04,20
BMW,5 Series,2012,227001,Petrol,Manual,4,North,6950.0,2025-12-26,140
Honda,CR-V,2021,55946,Petrol,Automatic,1,East,19750.0,2026-08-26,55
Honda,Civic,2023,10242,Hybrid,Automatic,1,North,22550.0,2026-07-06,19
Porsche,Panamera,2024,3000,Petrol,Automatic,1,West,105600.0,2026-06-13,28
Ford,F-150,2014,93677,Petrol,Automatic,1,East,7300.0,2026-01-14,33
Volkswagen,Tiguan,2020,66177,Petrol,Automatic,1,West,15750.0,2026-07-22,31
Mercedes-Benz,GLC,2023,15690,Petrol,Automatic,1,West,45200.0,2025-10-26,24
Honda,Pilot,2016,68619,Hybrid,Automatic,1,Central,13300.0,2026-05-08,73
Porsche,Macan,2019,74314,Petrol,Automatic,1,North,36650.0,2026-08-06,24
Mercedes-Benz,E-Class,2016,80060,Petrol,Automatic,3,North,10150.0,2026-02-01,58
Toyota,Corolla,2018,73212,Petrol,Automatic,2,South,9800.0,2026-06-22,60
Toyota,Highlander,2024,3000,Hybrid,Automatic,2,West,41150.0,2025-12-22,26
Hyundai,Sonata,2021,25435,Hybrid,Manual,1,West,17100.0,2026-06-30,11
Hyundai,Santa Fe,2022,13617,Petrol,Automatic,1,West,22950.0,2025-11-29,6
Mercedes-Benz,GLE,2023,13229,Electric,Automatic,1,South,59450.0,2026-03-01,27
Chevrolet,Malibu,2020,48478,Electric,Automatic,2,West,12700.0,2026-09-01,16
Chevrolet,Silverado,2023,18685,Petrol,Manual,2,South,30450.0,2026-08-29,25
Mazda,Mazda3,2022,19142,Petrol,Automatic,2,North,18400.0,2025-12-18,8
Tesla,Model 3,2017,91666,Electric,Automatic,1,West,14150.0,2025-11-26,98
Hyundai,Tucson,2017,88773,Petrol,Automatic,3,South,9650.0,2025-12-21,35
Toyota,RAV4,2020,40199,Petrol,Manual,1,East,17250.0,2025-09-25,18
Volkswagen,Tiguan,2022,16006,Petrol,Automatic,1,Central,21250.0,2026-08-09,21
Mercedes-Benz,E-Class,2018,81188,Diesel,Manual,3,South,17400.0,2026-08-31,38
Mazda,CX-9,2019,67316,Petrol,Manual,1,South,18200.0,2026-08-22,48
Kia,Sportage,2022,19320,Petrol,Automatic,1,West,22050.0,2025-09-19,50
Honda,Civic,2017,118216,Petrol,Automatic,1,Metro,6950.0,2026-07-01,13
BMW,M3,2020,55373,Petrol,Automatic,3,South,31000.0,2025-10-24,5
Nissan,Pathfinder,2016,103224,Petrol,Automatic,2,North,6400.0,2026-03-03,8
Toyota,Highlander,2021,33466,Petrol,Automatic,2,North,27050.0,2026-05-29,25
Ford,F-150,2015,146297,Diesel,Manual,1,Central,4550.0,2026-02-25,48
Nissan,Pathfinder,2020,49803,Petrol,Manual,1,West,17200.0,2026-06-26,16
Audi,A6,2024,3000,Hybrid,Automatic,1,Central,59200.0,2026-07-05,19
Toyota,Highlander,2013,131149,Diesel,Manual,1,East,5550.0,2026-02-28,43
Toyota,Tacoma,2024,3068,Hybrid,Automatic,1,South,34750.0,2026-05-29,22
Mercedes-Benz,C-Class,2019,77333,Hybrid,Manual,1,North,17450.0,2026-07-09,41
Ford,Explorer,2022,29192,Hybrid,Automatic,1,East,27850.0,2026-06-12,10
BMW,3 Series,2021,36400,Petrol,Automatic,1,East,27500.0,2025-10-07,30
Honda,Accord,2021,23726,Petrol,Automatic,2,Central,18000.0,2026-05-16,7
Subaru,Forester,2018,133671,Petrol,Automatic,1,West,10250.0,2025-10-30,8
Toyota,Tacoma,2014,121557,Petrol,Automatic,1,East,9200.0,2025-10-13,125
Kia,Optima,2015,108590,Petrol,Automatic,4,South,4850.0,2025-11-24,29
Volkswagen,Tiguan,2023,13449,Petrol,Automatic,1,Metro,28200.0,2025-10-18,12
Volkswagen,Jetta,2012,57413,Petrol,Automatic,3,North,3450.0,2026-09-08,48
Kia,Forte,2017,71251,Petrol,Automatic,1,East,7050.0,2025-12-13,37
Hyundai,Santa Fe,2014,90086,Diesel,Automatic,2,West,5650.0,2026-08-11,8
Mercedes-Benz,C-Class,2018,79519,Hybrid,Automatic,1,Metro,18900.0,2026-04-17,63
Volkswagen,Passat,2014,85897,Petrol,Automatic,1,Metro,5350.0,2026-02-12,53
Kia,Sportage,2015,181436,Petrol,Automatic,2,North,4500.0,2025-10-28,49
Hyundai,Elantra,2016,113660,Hybrid,Automatic,2,Central,4750.0,2026-08-19,19
Toyota,Corolla,2024,3000,Hybrid,Automatic,1,Metro,23450.0,2026-02-24,31
Tesla,Model X,2022,22909,Electric,Automatic,1,Central,64900.0,2026-03-06,50
Ford,Escape,2014,161020,Petrol,Automatic,2,South,3350.0,2026-09-03,31
Toyota,Tacoma,2023,9010,Hybrid,Automatic,1,East,31100.0,2026-08-25,48
Tesla,Model 3,2019,82880,Electric,Automatic,3,South,14900.0,2025-10-06,44
BMW,X3,2024,3000,Electric,Manual,1,West,46350.0,2025-12-17,24
Tesla,Model 3,2024,3000,Electric,Automatic,1,Central,41300.0,2025-10-22,50
Ford,Mustang,2024,3000,Petrol,Automatic,1,East,35800.0,2025-11-15,26
Honda,CR-V,2022,28477,Petrol,Manual,1,South,22350.0,2025-11-17,18
Audi,Q7,2017,146301,Petrol,Automatic,3,East,16150.0,2026-04-19,24
Honda,Pilot,2023,5779,Petrol,Automatic,1,South,35600.0,2026-08-06,12
Ford,Explorer,2024,3000,Petrol,Automatic,1,West,41200.0,2026-07-24,16
Mercedes-Benz,GLE,2018,76613,Electric,Automatic,2,South,23250.0,2026-06-27,17
Porsche,Panamera,2022,34640,Petrol,Automatic,1,South,84000.0,2026-01-11,39
Chevrolet,Equinox,2022,28258,Petrol,Automatic,1,West,21600.0,2026-02-26,13
Toyota,RAV4,2018,110831,Hybrid,Automatic,2,East,14650.0,2026-07-26,34
Audi,A6,2013,218204,Petrol,Automatic,1,East,6950.0,2026-01-29,140
Toyota,Corolla,2018,72651,Petrol,Automatic,2,South,8900.0,2026-04-08,32
Chevrolet,Silverado,2021,71269,Petrol,Automatic,1,East,23350.0,2025-11-03,9
Kia,Telluride,2023,21995,Petrol,Automatic,1,Metro,36200.0,2026-07-11,43
Mercedes-Benz,GLC,2020,74172,Petrol,Automatic,2,South,22000.0,2025-12-05,52
Mercedes-Benz,C-Class,2018,71791,Petrol,Automatic,2,Metro,14100.0,2026-05-10,22
Porsche,Cayenne,2023,14699,Petrol,Automatic,1,South,75250.0,2026-06-17,55
Hyundai,Elantra,2020,42974,Petrol,Automatic,1,East,11550.0,2026-05-23,67
Mercedes-Benz,E-Class,2015,87812,Petrol,Automatic,1,Metro,9700.0,2026-05-23,49
Hyundai,Tucson,2018,68669,Petrol,Automatic,2,North,10650.0,2025-11-14,26
Audi,Q5,2023,10271,Petrol,Automatic,1,North,37000.0,2025-12-03,44
Mercedes-Benz,GLC,2015,94125,Petrol,Automatic,1,West,11650.0,2026-05-29,140
Porsche,Panamera,2022,21068,Petrol,Automatic,1,West,85150.0,2025-10-22,75
Kia,Optima,2021,44502,Hybrid,Automatic,2,South,15600.0,2026-07-10,27
Subaru,Forester,2024,3753,Petrol,Automatic,1,Metro,29700.0,2025-11-23,14
Tesla,Model Y,2022,33057,Electric,Automatic,1,Metro,38800.0,2026-06-01,30
Ford,F-150,2021,30487,Petrol,Automatic,2,Metro,24550.0,2025-12-12,29
Subaru,Crosstrek,2017,67399,Petrol,Automatic,2,Metro,11350.0,2026-04-29,23
Nissan,Pathfinder,2016,84165,Petrol,Automatic,2,Metro,7450.0,2026-07-28,33
Toyota,Camry,2013,234674,Hybrid,Automatic,2,Central,3250.0,2026-03-08,140
Toyota,Tacoma,2013,140143,Hybrid,Automatic,3,Metro,6550.0,2025-11-17,39
Honda,Pilot,2020,55527,Hybrid,Automatic,2,East,24650.0,2025-10-09,47
Honda,CR-V,2016,91574,Petrol,Automatic,1,West,9050.0,2025-11-28,18
Hyundai,Elantra,2022,45743,Hybrid,Automatic,1,South,17100.0,2025-10-13,41
Ford,F-150,2019,80255,Hybrid,Manual,1,South,16650.0,2025-12-28,14
Audi,Q7,2019,46563,Diesel,Automatic,1,Metro,28850.0,2026-07-09,19
Volkswagen,Tiguan,2023,22260,Diesel,Manual,1,West,23550.0,2025-10-27,20
Toyota,Corolla,2019,70308,Petrol,Automatic,2,South,12050.0,2026-03-19,30
Honda,CR-V,2016,271618,Petrol,Automatic,2,Central,3700.0,2026-05-27,65
Toyota,Tacoma,2022,31990,Hybrid,Automatic,1,South,26600.0,2026-07-10,20
Nissan,Pathfinder,2013,125986,Petrol,Manual,2,South,4450.0,2026-01-02,74
BMW,X5,2019,74888,Petrol,Automatic,1,South,24650.0,2026-07-26,4
Porsche,Panamera,2013,205340,Petrol,Manual,2,West,27900.0,2025-10-13,56
Nissan,Rogue,2021,26221,Electric,Automatic,3,East,17100.0,2026-08-07,9
Honda,Accord,2020,90965,Hybrid,Automatic,1,South,17050.0,2026-08-30,30
Honda,Pilot,2020,39648,Petrol,Automatic,1,North,23150.0,2026-05-12,30
Tesla,Model Y,2022,21874,Electric,Automatic,1,North,35750.0,2025-12-22,33
Ford,Mustang,2015,127624,Hybrid,Automatic,2,North,4450.0,2025-10-01,4
Ford,Mustang,2023,13979,Petrol,Automatic,2,Metro,31250.0,2026-01-29,21
Mercedes-Benz,E-Class,2023,15449,Petrol,Manual,2,South,43150.0,2025-10-18,10
Toyota,Camry,2022,26604,Diesel,Automatic,2,South,20200.0,2025-11-23,26
Audi,Q5,2016,118917,Petrol,Automatic,2,West,9600.0,2026-09-04,67
Audi,Q7,2012,153739,Petrol,Automatic,2,North,7450.0,2025-09-30,121
Hyundai,Sonata,2023,9301,Hybrid,Automatic,1,West,25700.0,2026-01-22,37
Hyundai,Tucson,2020,92328,Petrol,Automatic,2,Central,13300.0,2026-04-05,15
Volkswagen,Passat,2023,9490,Petrol,Automatic,1,East,27150.0,2025-10-13,38
Ford,Escape,2013,178186,Electric,Automatic,1,South,3350.0,2025-11-09,34
Chevrolet,Silverado,2021,53969,Hybrid,Automatic,1,South,25750.0,2026-08-29,23
Honda,Pilot,2018,82495,Hybrid,Manual,1,East,18550.0,2025-09-19,14
Kia,Optima,2023,19717,Hybrid,Automatic,1,West,23400.0,2026-04-15,20
Mercedes-Benz,E-Class,2020,25684,Diesel,Automatic,2,West,32850.0,2026-04-02,29
Nissan,Rogue,2015,106660,Petrol,Manual,2,Central,5500.0,2025-12-06,66
Toyota,RAV4,2017,112516,Hybrid,Automatic,4,Metro,12300.0,2026-05-28,11
Toyota,RAV4,2012,100608,Hybrid,Automatic,2,North,4450.0,2026-06-30,52
Honda,Accord,2015,90781,Hybrid,Automatic,1,North,7550.0,2026-01-01,35
Mercedes-Benz,GLC,2023,10053,Petrol,Automatic,1,Central,41700.0,2025-11-12,41
Ford,Explorer,2024,3000,Hybrid,Automatic,1,North,39250.0,2026-02-13,16
Audi,A6,2023,13961,Petrol,Automatic,1,Central,46550.0,2025-10-30,6
Ford,F-150,2017,125892,Hybrid,Automatic,2,Metro,13400.0,2025-11-14,18
Toyota,Tacoma,2020,69493,Hybrid,Manual,2,South,18850.0,2025-10-10,24
Subaru,Outback,2023,9596,Hybrid,Automatic,2,East,29350.0,2026-03-30,20
BMW,5 Series,2018,72610,Petrol,Automatic,2,East,16850.0,2025-12-24,58
Chevrolet,Equinox,2024,3000,Petrol,Automatic,1,West,30000.0,2025-09-30,22
Ford,F-150,2021,35250,Hybrid,Automatic,2,North,24200.0,2025-11-11,26
BMW,5 Series,2018,78027,Petrol,Automatic,1,North,19600.0,2026-05-11,41
BMW,M3,2021,40669,Petrol,Automatic,2,West,48200.0,2025-12-21,32
Honda,Accord,2023,14615,Petrol,Automatic,1,West,27300.0,2025-10-11,18
Kia,Sportage,2020,55951,Petrol,Manual,1,South,14500.0,2026-07-25,13
Volkswagen,Golf,2021,35290,Petrol,Manual,1,East,15900.0,2026-07-22,25
BMW,3 Series,2020,52814,Petrol,Automatic,3,West,17800.0,2026-08-11,27
Mazda,CX-5,2023,4559,Petrol,Manual,1,Metro,27150.0,2026-04-05,33
Tesla,Model 3,2019,51594,Electric,Automatic,1,West,19650.0,2026-03-07,84
Mercedes-Benz,C-Class,2016,99247,Petrol,Manual,4,North,8400.0,2026-06-06,42
Mercedes-Benz,GLC,2024,3932,Petrol,Automatic,1,South,49750.0,2026-02-16,16
Ford,Escape,2014,95333,Petrol,Manual,2,East,3700.0,2025-11-09,25
Mercedes-Benz,E-Class,2019,98974,Hybrid,Automatic,2,South,20400.0,2025-09-29,52
Toyota,Tacoma,2020,40965,Hybrid,Manual,1,Central,22650.0,2026-01-29,55
Nissan,Rogue,2016,123528,Petrol,Automatic,2,West,7100.0,2025-12-19,67
Tesla,Model X,2018,98329,Electric,Automatic,3,Central,32600.0,2026-02-05,10
Honda,Accord,2024,3675,Hybrid,Manual,2,Metro,30400.0,2026-08-24,3
Audi,A4,2018,82771,Hybrid,Automatic,2,Central,12350.0,2026-05-10,53
BMW,M3,2014,95499,Hybrid,Automatic,2,West,9350.0,2025-12-23,11
Mercedes-Benz,GLC,2022,19470,Hybrid,Automatic,1,West,36350.0,2026-06-22,19
Ford,F-150,2021,53548,Petrol,Automatic,1,South,26650.0,2026-05-27,37
Honda,CR-V,2022,30179,Petrol,Automatic,1,West,25400.0,2026-05-30,16
Chevrolet,Equinox,2017,60318,Petrol,Automatic,1,West,10250.0,2026-01-28,18
Hyundai,Tucson,2019,92040,Diesel,Manual,1,Metro,11950.0,2025-11-07,27
Mercedes-Benz,E-Class,2022,21569,Petrol,Automatic,1,Metro,53500.0,2026-07-29,25
BMW,5 Series,2019,93283,Hybrid,Automatic,1,East,24900.0,2025-09-26,90
Honda,Civic,2017,115724,Diesel,Automatic,1,North,8600.0,2026-01-02,48
Ford,Explorer,2023,7914,Petrol,Automatic,1,West,34200.0,2026-02-12,32
BMW,3 Series,2023,12707,Petrol,Automatic,1,East,35450.0,2026-01-21,15
Toyota,RAV4,2019,58891,Hybrid,Manual,1,East,15950.0,2026-06-18,26
Honda,Accord,2022,35266,Petrol,Manual,1,Metro,22500.0,2025-12-08,6
Mercedes-Benz,GLE,2023,12390,Petrol,Automatic,1,East,55150.0,2025-12-09,10
Mazda,Mazda3,2021,64593,Petrol,Automatic,1,Central,15200.0,2026-03-01,18
Mercedes-Benz,C-Class,2016,103115,Petrol,Automatic,2,West,9000.0,2026-06-01,27
Mercedes-Benz,C-Class,2017,79839,Petrol,Manual,2,South,10600.0,2026-08-01,29
Toyota,Corolla,2020,52199,Petrol,Automatic,1,Central,14050.0,2026-03-03,53
Porsche,Macan,2024,3030,Petrol,Manual,1,East,62500.0,2026-04-23,31
Volkswagen,Golf,2024,3305,Petrol,Automatic,1,East,28150.0,2025-09-21,37
Toyota,RAV4,2024,3000,Hybrid,Automatic,1,South,32650.0,2025-12-23,19
Hyundai,Sonata,2020,29448,Petrol,Manual,1,Metro,15000.0,2025-11-01,32
Ford,Mustang,2024,3000,Hybrid,Automatic,2,East,34650.0,2025-12-18,32
Honda,Accord,2022,20853,Petrol,Automatic,1,West,23000.0,2026-04-22,14
Volkswagen,Passat,2015,126409,Petrol,Automatic,3,Metro,4000.0,2026-03-12,4
Hyundai,Tucson,2023,20244,Petrol,Automatic,1,West,24400.0,2026-04-18,16
Volkswagen,Passat,2023,18704,Electric,Automatic,1,West,26700.0,2026-07-13,16
Honda,Accord,2015,86661,Petrol,Automatic,3,West,7650.0,2026-08-11,29
Honda,Accord,2022,16397,Petrol,Manual,1,West,21300.0,2026-05-26,36
Mercedes-Benz,GLE,2018,62574,Petrol,Manual,2,South,18550.0,2026-04-19,21
Toyota,Corolla,2012,176692,Hybrid,Automatic,1,Central,2650.0,2026-05-30,140
BMW,3 Series,2015,188171,Petrol,Automatic,2,North,5400.0,2026-07-09,61
Toyota,Camry,2020,37796,Petrol,Automatic,1,West,18550.0,2026-04-17,17
Audi,Q5,2023,16781,Petrol,Automatic,1,North,39900.0,2026-05-04,22
Hyundai,Sonata,2017,113832,Petrol,Automatic,1,North,5300.0,2026-04-02,42
Toyota,Camry,2024,3000,Petrol,Automatic,1,Central,26500.0,2026-01-15,31
Kia,Telluride,2013,226808,Petrol,Automatic,4,West,4600.0,2025-10-21,140
Volkswagen,Tiguan,2016,93653,Hybrid,Automatic,2,Metro,8050.0,2026-06-29,64
Chevrolet,Silverado,2016,110733,Petrol,Automatic,3,East,10400.0,2025-12-25,57
Honda,Accord,2024,3000,Petrol,Automatic,1,North,29800.0,2026-07-06,12
Volkswagen,Tiguan,2024,3000,Petrol,Automatic,1,Central,28600.0,2025-09-26,33
Toyota,Corolla,2023,18026,Petrol,Automatic,1,Central,19500.0,2026-06-26,47
Tesla,Model S,2021,34808,Electric,Automatic,1,North,54800.0,2025-12-23,23
Tesla,Model X,2017,78545,Electric,Automatic,1,West,34850.0,2025-12-19,51
Honda,CR-V,2022,32668,Petrol,Automatic,1,East,23900.0,2026-07-02,29
Toyota,Tacoma,2023,9978,Petrol,Automatic,1,Metro,31600.0,2025-11-20,24
Porsche,Macan,2012,281340,Petrol,Automatic,3,South,14050.0,2026-08-23,107
Honda,CR-V,2023,13360,Hybrid,Automatic,1,East,30350.0,2026-09-05,47
Hyundai,Santa Fe,2018,67658,Hybrid,Manual,2,South,14000.0,2026-04-07,33
Tesla,Model X,2016,186336,Electric,Automatic,3,North,17200.0,2026-04-15,49
Mazda,Mazda6,2012,71504,Petrol,Automatic,1,East,4900.0,2026-07-06,15
Mercedes-Benz,E-Class,2023,21326,Petrol,Automatic,2,Metro,49300.0,2026-03-30,12
Chevrolet,Malibu,2024,3000,Hybrid,Automatic,1,East,28550.0,2026-09-03,21
Audi,A6,2013,208618,Petrol,Manual,3,South,6950.0,2025-12-18,91
Toyota,Camry,2020,55623,Hybrid,Manual,1,East,16900.0,2025-11-02,30
Mercedes-Benz,GLE,2021,52536,Petrol,Automatic,1,North,41650.0,2025-10-01,34
Audi,Q7,2015,154760,Petrol,Automatic,4,East,9850.0,2026-06-14,10
Toyota,Camry,2013,129793,Petrol,Manual,2,North,3600.0,2026-03-15,24
Hyundai,Sonata,2020,55889,Diesel,Automatic,1,North,13650.0,2026-03-19,34
Honda,Civic,2020,44177,Petrol,Automatic,1,West,16550.0,2026-06-21,43
Subaru,Impreza,2018,84241,Petrol,Automatic,1,South,9600.0,2025-12-09,43
Audi,Q7,2021,42139,Petrol,Automatic,1,Metro,40900.0,2026-02-17,41
BMW,3 Series,2023,16417,Hybrid,Automatic,1,East,40600.0,2026-04-21,24
Chevrolet,Equinox,2012,135230,Electric,Automatic,2,East,3350.0,2026-04-24,140
Toyota,Camry,2024,3000,Hybrid,Automatic,1,West,30300.0,2026-09-12,15
Hyundai,Elantra,2019,54042,Hybrid,Automatic,2,Metro,10550.0,2026-08-14,20
Kia,Telluride,2020,49126,Hybrid,Automatic,1,Metro,25100.0,2026-06-16,16
Toyota,RAV4,2023,19626,Petrol,Automatic,1,Metro,28650.0,2025-12-12,15
Ford,Mustang,2022,28149,Petrol,Automatic,1,Central,23650.0,2026-08-25,53
Honda,Accord,2023,19298,Diesel,Automatic,1,West,25800.0,2026-02-21,25
Mercedes-Benz,GLE,2018,69971,Diesel,Automatic,1,East,19550.0,2026-04-04,26
Toyota,Camry,2017,83340,Hybrid,Automatic,2,Metro,11100.0,2026-06-20,23
Ford,Mustang,2024,3000,Petrol,Manual,1,North,35250.0,2026-03-27,46
Toyota,Corolla,2014,252338,Hybrid,Automatic,3,South,2650.0,2026-08-30,92
Tesla,Model X,2023,9340,Electric,Automatic,1,Metro,83650.0,2025-12-11,27
Honda,Accord,2018,71244,Petrol,Manual,2,West,12050.0,2026-03-20,12
Ford,F-150,2012,192419,Hybrid,Automatic,1,Metro,4550.0,2026-06-21,140
Kia,Forte,2013,146983,Hybrid,Automatic,2,Metro,2700.0,2026-02-15,109
Hyundai,Tucson,2016,109267,Hybrid,Automatic,2,South,7450.0,2026-07-10,47
Porsche,Panamera,2015,137769,Electric,Automatic,4,South,35450.0,2025-12-01,31
Tesla,Model S,2024,3000,Electric,Automatic,1,East,92250.0,2025-12-03,15
Honda,Pilot,2017,97290,Petrol,Automatic,1,West,14350.0,2026-08-10,63
Chevrolet,Equinox,2024,3000,Petrol,Manual,1,North,26600.0,2026-04-25,25
Honda,Accord,2013,166945,Petrol,Automatic,1,South,4350.0,2026-08-02,16
Audi,A4,2021,33640,Petrol,Manual,2,North,22150.0,2025-12-05,72
Toyota,Highlander,2024,3000,Hybrid,Automatic,2,Central,38450.0,2026-03-20,7
Tesla,Model 3,2012,144367,Electric,Automatic,2,South,6200.0,2026-02-22,140
Toyota,Tacoma,2014,128878,Petrol,Automatic,2,Central,8250.0,2026-07-26,24
Porsche,Cayenne,2017,60891,Hybrid,Automatic,1,East,41900.0,2026-02-26,16
Audi,A6,2021,38796,Petrol,Automatic,1,Metro,37350.0,2026-07-08,31
Hyundai,Elantra,2012,108586,Hybrid,Manual,2,Central,2650.0,2025-10-06,140
Hyundai,Sonata,2021,29095,Petrol,Automatic,2,East,16600.0,2026-09-12,27
Kia,Telluride,2023,16426,Petrol,Automatic,1,North,31300.0,2026-09-12,31
Ford,Explorer,2018,102410,Petrol,Automatic,3,Metro,15850.0,2025-11-04,38
Porsche,Macan,2019,59334,Petrol,Automatic,1,East,38700.0,2026-03-28,29
Tesla,Model Y,2024,3000,Electric,Automatic,1,Metro,52750.0,2026-05-08,23
Porsche,Macan,2022,39633,Electric,Automatic,2,South,50350.0,2025-09-28,26
Honda,Accord,2024,3000,Hybrid,Automatic,1,South,29700.0,2026-06-15,21
Tesla,Model 3,2022,25525,Electric,Automatic,1,West,33100.0,2026-07-27,42
Kia,Sportage,2021,30334,Petrol,Automatic,2,South,18850.0,2026-03-20,21
Kia,Sportage,2021,34880,Petrol,Automatic,2,Central,17850.0,2025-11-29,46
Honda,Pilot,2018,105538,Petrol,Automatic,2,Metro,17000.0,2026-08-16,45
Ford,Mustang,2015,242000,Petrol,Automatic,2,Metro,4100.0,2026-04-25,140
Mercedes-Benz,GLE,2021,32944,Petrol,Automatic,3,West,35750.0,2025-11-16,40
Ford,Escape,2016,78018,Electric,Automatic,2,Metro,8200.0,2026-08-21,69
Audi,A4,2023,8195,Petrol,Automatic,1,Metro,37350.0,2026-03-26,27
Toyota,Camry,2024,3000,Hybrid,Automatic,1,South,28350.0,2025-12-21,13
Mercedes-Benz,E-Class,2019,66976,Petrol,Automatic,1,West,25700.0,2025-12-03,62
Honda,Civic,2021,32614,Petrol,Automatic,1,East,18450.0,2026-05-29,43
Mercedes-Benz,GLE,2017,47088,Hybrid,Automatic,3,East,19300.0,2026-04-25,31
Toyota,Corolla,2018,122125,Hybrid,Automatic,2,North,7150.0,2026-04-26,8
Tesla,Model Y,2016,144026,Electric,Automatic,4,South,10950.0,2026-07-24,48
Toyota,Corolla,2022,34319,Petrol,Manual,1,West,17800.0,2026-05-10,23
Audi,A4,2019,72957,Diesel,Manual,2,North,15900.0,2026-05-04,82
Mazda,CX-5,2018,96839,Petrol,Automatic,3,South,10850.0,2026-06-11,13
Ford,Mustang,2018,85421,Hybrid,Automatic,1,Metro,13450.0,2026-01-30,28
Honda,CR-V,2023,18467,Petrol,Automatic,1,North,28700.0,2025-12-10,20
Mercedes-Benz,C-Class,2022,23782,Diesel,Automatic,1,Central,31600.0,2025-09-21,60
BMW,X5,2017,158989,Petrol,Automatic,2,Central,10950.0,2026-05-30,5
BMW,3 Series,2014,87822,Petrol,Automatic,1,South,6350.0,2026-01-18,82
Toyota,Corolla,2022,18896,Petrol,Manual,1,East,15500.0,2026-03-13,23
Toyota,Camry,2024,3000,Hybrid,Automatic,1,West,28550.0,2025-10-14,17
BMW,X5,2022,27350,Petrol,Automatic,1,South,47600.0,2025-12-26,64
Ford,F-150,2024,3000,Petrol,Automatic,1,Central,36850.0,2026-07-15,23
Mazda,CX-5,2021,73509,Petrol,Automatic,1,South,20000.0,2026-01-19,17
Toyota,Camry,2017,93025,Hybrid,Automatic,2,Metro,10400.0,2025-11-16,36
Toyota,Highlander,2021,31826,Petrol,Automatic,2,Metro,30200.0,2025-10-31,42
Mercedes-Benz,GLC,2024,3000,Hybrid,Automatic,1,South,49950.0,2026-01-05,10
Chevrolet,Tahoe,2022,25677,Petrol,Automatic,1,South,36000.0,2026-04-28,21
Toyota,Tacoma,2014,121697,Hybrid,Manual,4,North,4850.0,2026-05-29,37
Mercedes-Benz,C-Class,2021,58867,Electric,Automatic,1,North,25950.0,2026-09-13,37
Mercedes-Benz,E-Class,2020,83995,Petrol,Automatic,2,Metro,28400.0,2025-12-14,73
Honda,CR-V,2021,35731,Petrol,Automatic,2,East,18650.0,2026-07-01,22
Subaru,Impreza,2021,47313,Petrol,Automatic,1,East,16050.0,2025-11-07,20
Chevrolet,Silverado,2018,140634,Petrol,Automatic,2,Central,12150.0,2025-10-24,19
Toyota,Tacoma,2017,95005,Petrol,Automatic,1,South,14800.0,2025-12-19,61
Chevrolet,Equinox,2013,94588,Petrol,Automatic,1,Central,3650.0,2026-04-12,54
Kia,Optima,2023,7469,Hybrid,Automatic,1,East,24600.0,2026-02-11,22
Tesla,Model Y,2016,150364,Electric,Automatic,3,North,12350.0,2026-06-01,32
Tesla,Model 3,2012,144163,Electric,Automatic,3,East,5050.0,2026-07-20,140
Hyundai,Tucson,2016,97239,Hybrid,Automatic,2,West,8050.0,2026-02-14,17
Mercedes-Benz,GLC,2018,97865,Hybrid,Automatic,3,West,14550.0,2026-01-08,29
Ford,Mustang,2016,110321,Petrol,Automatic,2,West,7400.0,2026-04-26,16
Nissan,Rogue,2022,34988,Hybrid,Automatic,1,Central,20350.0,2026-02-05,22
Volkswagen,Golf,2023,5598,Petrol,Automatic,1,Metro,25100.0,2025-10-25,21
Chevrolet,Tahoe,2023,20933,Electric,Automatic,1,North,54150.0,2025-10-31,81
Tesla,Model Y,2020,61554,Electric,Automatic,1,South,27650.0,2026-05-02,25
Volkswagen,Passat,2012,164760,Petrol,Manual,2,South,3500.0,2025-10-18,140
Volkswagen,Jetta,2019,71861,Diesel,Automatic,2,Central,7050.0,2025-10-02,26
Nissan,Sentra,2014,151219,Petrol,Automatic,2,North,2650.0,2026-07-24,140
Mercedes-Benz,GLE,2017,74269,Hybrid,Manual,4,Metro,17800.0,2026-08-25,66
Nissan,Sentra,2014,230092,Petrol,Automatic,2,Metro,2650.0,2026-06-19,140
Nissan,Sentra,2022,33697,Petrol,Automatic,2,North,13400.0,2026-05-29,40
Subaru,Outback,2012,168598,Petrol,Automatic,1,Central,3600.0,2025-09-29,51
Toyota,RAV4,2018,63804,Hybrid,Automatic,2,Metro,15950.0,2026-07-04,51
Mercedes-Benz,GLE,2018,115459,Hybrid,Automatic,1,East,20000.0,2026-04-20,26
Honda,Accord,2024,3000,Petrol,Automatic,1,North,28600.0,2026-04-28,7
Porsche,911,2023,10247,Hybrid,Automatic,1,South,114650.0,2025-12-02,34
Honda,CR-V,2021,40884,Petrol,Automatic,1,North,19350.0,2026-08-07,27
Tesla,Model S,2018,146129,Electric,Automatic,3,Metro,29050.0,2025-10-01,37
Toyota,Camry,2024,3447,Petrol,Automatic,1,Metro,26550.0,2025-12-20,31
Toyota,Camry,2014,300728,Petrol,Automatic,1,South,3250.0,2026-08-29,25
Porsche,Cayenne,2022,21855,Petrol,Automatic,1,Central,68750.0,2026-04-20,34
Tesla,Model S,2019,56917,Electric,Automatic,1,North,36050.0,2025-12-16,45
Audi,A4,2018,87065,Petrol,Automatic,2,West,13600.0,2026-07-27,36
Tesla,Model S,2023,9738,Electric,Automatic,1,Metro,77450.0,2025-11-18,50
Mercedes-Benz,E-Class,2013,232168,Petrol,Automatic,2,West,7200.0,2026-03-22,140
Audi,Q5,2018,94837,Hybrid,Automatic,1,West,14700.0,2025-09-26,29
Chevrolet,Equinox,2017,120693,Petrol,Automatic,2,West,7300.0,2025-10-01,45
Honda,Civic,2021,36841,Petrol,Automatic,1,West,17700.0,2025-11-04,17
Kia,Sportage,2019,68394,Petrol,Automatic,1,South,15000.0,2026-07-22,36
Honda,Pilot,2022,26175,Hybrid,Automatic,1,Central,30300.0,2026-04-09,17
Mercedes-Benz,C-Class,2023,11905,Hybrid,Automatic,1,North,41650.0,2026-07-12,46
Honda,Civic,2022,25322,Petrol,Manual,1,West,19100.0,2026-01-27,13
Mercedes-Benz,GLE,2017,142226,Petrol,Automatic,3,North,13150.0,2026-08-26,25
Mazda,CX-5,2024,3484,Petrol,Automatic,1,South,30750.0,2026-04-08,32
Honda,Civic,2017,147475,Hybrid,Automatic,2,West,7700.0,2025-11-02,79
Honda,Accord,2016,135041,Petrol,Manual,1,Metro,5850.0,2026-01-23,54
Volkswagen,Passat,2019,78163,Petrol,Manual,1,South,10900.0,2026-05-05,17
Volkswagen,Jetta,2013,219276,Petrol,Automatic,3,East,2750.0,2026-04-29,140
Toyota,Tacoma,2024,3449,Petrol,Automatic,1,East,32250.0,2025-11-10,9
Chevrolet,Equinox,2018,109446,Petrol,Automatic,3,North,8150.0,2026-02-13,17
Toyota,RAV4,2023,19439,Petrol,Automatic,1,West,27150.0,2026-01-12,13
Mazda,Mazda3,2021,43350,Petrol,Automatic,1,West,18700.0,2026-07-09,30
Audi,A4,2018,36367,Petrol,Automatic,2,Metro,16450.0,2026-07-12,46
Toyota,Camry,2020,34701,Petrol,Automatic,1,East,16850.0,2026-02-14,3
Ford,Mustang,2024,3000,Hybrid,Automatic,1,South,36400.0,2025-12-07,26
Mazda,Mazda6,2021,43084,Petrol,Automatic,1,North,16100.0,2026-02-02,23
Toyota,Tacoma,2024,3000,Petrol,Automatic,1,Metro,36400.0,2025-11-17,20
Ford,Mustang,2022,35776,Petrol,Automatic,2,West,23750.0,2026-01-11,37
Honda,Pilot,2019,55647,Petrol,Automatic,1,West,19750.0,2026-01-29,56
Tesla,Model S,2018,68235,Electric,Automatic,2,South,36350.0,2026-03-23,72
BMW,X3,2022,38093,Petrol,Automatic,1,South,33300.0,2026-04-04,29
Kia,Sportage,2020,46452,Petrol,Manual,1,East,15750.0,2025-10-28,55
Kia,Forte,2023,11108,Petrol,Automatic,1,West,20700.0,2026-04-25,20
Toyota,Tacoma,2021,35600,Hybrid,Automatic,2,East,24650.0,2026-04-19,32
Subaru,Impreza,2020,60270,Petrol,Automatic,1,East,11400.0,2026-02-28,26
Tesla,Model Y,2021,28081,Electric,Automatic,1,East,33650.0,2026-03-04,51
Kia,Telluride,2017,92830,Petrol,Automatic,2,East,12700.0,2026-06-14,33
Audi,Q5,2023,13990,Petrol,Automatic,1,Central,41400.0,2025-12-22,28
Nissan,Rogue,2015,93151,Petrol,Automatic,1,Metro,5900.0,2026-06-28,19
Ford,F-150,2013,150112,Electric,Automatic,3,South,6050.0,2026-04-02,111
Honda,CR-V,2022,40733,Petrol,Automatic,1,Metro,27050.0,2026-03-01,46
BMW,X3,2024,3000,Electric,Automatic,1,South,49900.0,2026-04-28,15
Ford,Escape,2024,3000,Petrol,Manual,1,Central,24500.0,2026-09-01,17
Honda,Accord,2016,134062,Hybrid,Automatic,1,East,9200.0,2026-04-20,61
Mercedes-Benz,GLC,2021,48284,Petrol,Automatic,1,Central,23150.0,2025-12-26,18
Porsche,Cayenne,2015,151425,Petrol,Automatic,2,Metro,30100.0,2026-05-23,33
Toyota,Tacoma,2018,82329,Petrol,Automatic,4,North,14800.0,2026-03-09,70
Subaru,Outback,2021,59545,Petrol,Automatic,1,Central,21750.0,2025-12-24,11
Nissan,Pathfinder,2017,174762,Petrol,Automatic,4,East,6350.0,2026-08-24,27
Audi,A6,2013,113137,Petrol,Manual,2,West,7000.0,2025-11-22,95
Ford,F-150,2024,3000,Petrol,Automatic,1,South,38100.0,2026-09-09,9
Chevrolet,Malibu,2021,61436,Petrol,Automatic,1,South,15950.0,2026-04-22,19
Tesla,Model 3,2014,144592,Electric,Automatic,1,South,6750.0,2026-05-22,15
Hyundai,Elantra,2024,3703,Diesel,Automatic,2,West,22250.0,2025-12-07,18
Ford,Escape,2018,78200,Hybrid,Automatic,2,South,12200.0,2025-11-22,38
Toyota,Highlander,2023,12511,Hybrid,Automatic,1,West,39200.0,2025-12-23,3
Ford,Explorer,2016,141976,Petrol,Automatic,2,South,5950.0,2025-12-25,25
Tesla,Model Y,2021,30853,Electric,Automatic,1,South,30050.0,2025-12-19,49
Honda,CR-V,2023,11665,Petrol,Automatic,1,West,29350.0,2026-04-02,36
Ford,Escape,2023,16758,Petrol,Automatic,1,West,23100.0,2026-01-22,34
Mercedes-Benz,GLC,2022,34324,Hybrid,Automatic,1,Central,34400.0,2026-05-29,58
Nissan,Sentra,2020,47375,Petrol,Automatic,1,South,10050.0,2026-02-18,27
Honda,Pilot,2024,3047,Petrol,Automatic,1,South,40650.0,2026-02-25,47
Honda,Civic,2018,80039,Petrol,Manual,2,North,9100.0,2026-01-25,33
Hyundai,Tucson,2018,64092,Petrol,Manual,1,North,10450.0,2026-09-13,8
Toyota,Corolla,2022,22894,Hybrid,Manual,1,West,16850.0,2026-03-30,33
Tesla,Model S,2018,80868,Electric,Automatic,1,Metro,38950.0,2026-05-15,22
Honda,Accord,2016,83348,Hybrid,Automatic,3,North,8200.0,2025-10-11,24
Porsche,911,2013,141749,Petrol,Automatic,2,East,41350.0,2026-08-04,10
Kia,Optima,2020,63855,Petrol,Automatic,2,South,14450.0,2026-08-26,32
Mazda,CX-9,2017,80032,Petrol,Manual,2,North,14250.0,2025-10-14,58
Toyota,RAV4,2014,59919,Hybrid,Automatic,1,South,10300.0,2026-05-05,67
Toyota,Corolla,2022,28724,Hybrid,Manual,2,West,17600.0,2026-02-07,23
Subaru,Crosstrek,2019,61481,Petrol,Automatic,1,West,12350.0,2026-06-03,40
Mercedes-Benz,C-Class,2016,75160,Hybrid,Automatic,2,East,9650.0,2026-01-04,19
Hyundai,Sonata,2024,3000,Petrol,Automatic,1,West,27550.0,2025-12-20,20
Volkswagen,Passat,2018,75085,Petrol,Automatic,3,Metro,7550.0,2025-10-14,34
Honda,Accord,2016,116632,Hybrid,Automatic,1,Central,8150.0,2025-09-30,19
Volkswagen,Jetta,2017,166327,Petrol,Manual,1,East,3550.0,2026-06-25,15
BMW,X3,2022,24290,Petrol,Automatic,1,Metro,36200.0,2026-05-08,36
BMW,X3,2015,106426,Hybrid,Automatic,2,Metro,12200.0,2026-06-01,76
Porsche,Panamera,2017,81322,Petrol,Automatic,4,East,44450.0,2026-03-03,54
Toyota,RAV4,2018,92704,Petrol,Automatic,3,Central,11750.0,2025-10-29,33
Honda,Accord,2019,37898,Petrol,Automatic,1,South,15250.0,2026-05-30,34
Hyundai,Elantra,2024,3000,Petrol,Automatic,1,East,23500.0,2026-06-20,19
Toyota,Corolla,2023,16491,Diesel,Automatic,1,West,19050.0,2026-05-04,5
Mercedes-Benz,C-Class,2024,3504,Diesel,Manual,2,Central,38400.0,2026-04-17,40
Mazda,CX-5,2023,17592,Petrol,Automatic,1,Metro,27100.0,2026-01-30,48
Porsche,911,2019,97300,Petrol,Automatic,1,Metro,73350.0,2025-11-03,58
Ford,Explorer,2017,159005,Petrol,Automatic,2,North,10750.0,2026-06-22,41
Ford,Escape,2024,3000,Petrol,Manual,1,Central,24700.0,2026-07-13,23
Nissan,Sentra,2013,200253,Petrol,Automatic,2,South,2650.0,2026-09-14,140
Toyota,Highlander,2019,69261,Hybrid,Manual,1,East,22000.0,2026-06-27,36
BMW,5 Series,2020,57263,Petrol,Automatic,1,South,24850.0,2026-03-11,16
Tesla,Model Y,2023,17728,Electric,Automatic,1,West,48950.0,2026-03-09,66
Ford,F-150,2022,26257,Petrol,Automatic,1,South,27500.0,2025-10-27,16
Volkswagen,Passat,2024,3000,Petrol,Automatic,2,South,28000.0,2026-08-04,20
Tesla,Model X,2015,122340,Electric,Automatic,2,North,24150.0,2026-04-23,88
Hyundai,Sonata,2022,30493,Hybrid,Manual,1,West,19400.0,2026-06-29,53
Ford,Escape,2014,132072,Hybrid,Automatic,2,Central,3350.0,2025-12-12,39
Mercedes-Benz,GLC,2014,101338,Petrol,Automatic,4,Metro,6000.0,2026-08-12,7
Toyota,Tacoma,2021,48682,Petrol,Automatic,1,South,23550.0,2025-12-30,45
Hyundai,Santa Fe,2024,3288,Petrol,Automatic,1,North,32100.0,2026-08-28,18
Honda,Accord,2021,46630,Petrol,Automatic,1,West,21700.0,2026-08-28,45
Tesla,Model 3,2021,19377,Electric,Automatic,1,East,31300.0,2026-08-25,39
Honda,Accord,2018,70509,Petrol,Automatic,1,West,11200.0,2025-12-20,20
Volkswagen,Passat,2016,107855,Petrol,Manual,2,West,7250.0,2026-04-22,80
Hyundai,Sonata,2023,9628,Diesel,Automatic,1,South,22550.0,2025-11-12,60
Audi,Q5,2022,31177,Diesel,Automatic,1,South,30950.0,2025-12-13,54
Hyundai,Elantra,2023,12047,Hybrid,Automatic,1,East,19950.0,2026-04-25,21
Volkswagen,Passat,2017,110269,Petrol,Automatic,1,South,9600.0,2026-02-08,6
Toyota,Camry,2022,21185,Hybrid,Automatic,1,East,22900.0,2026-05-26,12
Hyundai,Elantra,2021,25205,Petrol,Automatic,1,West,15650.0,2026-01-12,57
Hyundai,Sonata,2019,46146,Petrol,Automatic,3,East,10450.0,2026-02-13,20
Toyota,Camry,2022,24847,Hybrid,Automatic,1,South,22750.0,2026-07-31,12
Chevrolet,Silverado,2016,138881,Hybrid,Automatic,4,West,8050.0,2025-12-09,49
Porsche,Panamera,2022,13893,Electric,Automatic,1,East,91300.0,2026-05-07,9
Toyota,RAV4,2020,36352,Petrol,Manual,3,West,16200.0,2026-05-21,41
Toyota,Corolla,2015,130523,Hybrid,Automatic,1,North,6450.0,2026-06-02,53
Mazda,Mazda6,2022,19010,Petrol,Automatic,1,East,22850.0,2026-09-07,17
Audi,A4,2020,57263,Petrol,Automatic,2,Metro,23850.0,2026-04-30,47
Mercedes-Benz,E-Class,2016,119835,Diesel,Automatic,3,West,10150.0,2026-04-13,36
Mercedes-Benz,C-Class,2017,44128,Petrol,Automatic,3,Central,10050.0,2025-10-29,50
Ford,Escape,2023,12814,Petrol,Automatic,1,South,24650.0,2026-05-03,27
Hyundai,Sonata,2023,22611,Petrol,Automatic,1,North,21950.0,2026-01-28,33
Mazda,Mazda6,2012,186279,Petrol,Automatic,2,Central,3250.0,2026-07-02,140
Chevrolet,Tahoe,2015,77648,Hybrid,Automatic,2,North,13350.0,2026-07-05,3
Mercedes-Benz,GLE,2023,11633,Electric,Automatic,2,West,55650.0,2026-06-03,14
Ford,F-150,2015,89454,Petrol,Automatic,2,South,9500.0,2025-11-13,35
Nissan,Rogue,2018,86936,Petrol,Automatic,3,North,8850.0,2026-04-06,22
Hyundai,Tucson,2018,114346,Petrol,Automatic,1,North,10400.0,2026-06-24,50
Honda,Pilot,2024,3000,Petrol,Automatic,1,West,42250.0,2025-11-25,14
Hyundai,Santa Fe,2012,206333,Diesel,Automatic,4,West,3850.0,2025-12-30,140
Ford,F-150,2021,69965,Electric,Automatic,2,West,24650.0,2026-08-02,33
Volkswagen,Jetta,2021,43787,Diesel,Automatic,2,Metro,13500.0,2026-08-20,50
Ford,Mustang,2019,48331,Petrol,Automatic,2,Metro,16750.0,2025-12-21,25
Ford,Explorer,2023,13180,Diesel,Automatic,1,North,33250.0,2026-07-11,3
Ford,F-150,2015,115489,Petrol,Automatic,3,East,8000.0,2025-10-28,37
Nissan,Rogue,2012,202222,Petrol,Automatic,1,West,3500.0,2026-07-05,140
Hyundai,Sonata,2018,88943,Petrol,Manual,2,Metro,9250.0,2025-12-25,23
Honda,Accord,2013,134468,Petrol,Automatic,1,South,3500.0,2026-08-19,29
Audi,A6,2019,72195,Petrol,Automatic,2,Metro,28650.0,2025-10-03,98
Toyota,Corolla,2014,138686,Petrol,Automatic,1,West,4250.0,2026-04-28,38
Toyota,Corolla,2016,110933,Petrol,Automatic,2,North,5250.0,2026-04-12,79
Audi,A4,2019,57151,Petrol,Manual,1,West,14050.0,2026-01-25,47
Tesla,Model 3,2021,57666,Electric,Automatic,1,North,25600.0,2026-06-23,15
Nissan,Altima,2024,3000,Petrol,Automatic,1,North,26850.0,2026-05-14,18
Toyota,RAV4,2014,137684,Diesel,Automatic,2,South,6850.0,2025-11-19,59
Kia,Sportage,2015,136095,Hybrid,Automatic,1,Central,6200.0,2026-06-09,42
Honda,Pilot,2015,151951,Petrol,Automatic,1,East,7600.0,2026-04-29,24
Tesla,Model 3,2021,47702,Electric,Automatic,1,Metro,25750.0,2025-10-27,28
Honda,Pilot,2023,11017,Hybrid,Automatic,1,South,32900.0,2026-07-30,30
Nissan,Rogue,2017,121032,Petrol,Automatic,2,North,5950.0,2025-10-01,29
Kia,Forte,2021,63897,Petrol,Automatic,1,East,13950.0,2026-05-10,27
Ford,Mustang,2018,120052,Petrol,Automatic,2,Metro,11800.0,2026-04-15,15
Honda,CR-V,2024,3000,Petrol,Automatic,1,East,31700.0,2026-07-31,5
Kia,Optima,2018,86580,Petrol,Automatic,3,South,8000.0,2026-08-30,35
Ford,F-150,2020,58522,Petrol,Automatic,1,North,18800.0,2025-11-29,9
Subaru,Crosstrek,2017,89186,Petrol,Automatic,1,South,8850.0,2026-05-05,17
Chevrolet,Malibu,2016,98639,Petrol,Automatic,2,West,5950.0,2026-04-19,79
Honda,Accord,2023,14353,Hybrid,Automatic,1,West,28050.0,2026-03-19,11
Chevrolet,Tahoe,2021,52182,Petrol,Automatic,2,South,31400.0,2026-02-14,9
Hyundai,Sonata,2023,26713,Petrol,Automatic,1,Central,20250.0,2026-09-13,6
Honda,CR-V,2020,37144,Hybrid,Automatic,1,West,18950.0,2025-11-16,16
Ford,F-150,2015,119778,Diesel,Automatic,1,Central,7150.0,2026-06-23,10
BMW,M3,2022,34069,Petrol,Automatic,1,Metro,60450.0,2026-02-10,23
Audi,A4,2018,72021,Petrol,Automatic,1,Metro,16750.0,2026-06-10,68
Honda,CR-V,2017,77011,Hybrid,Automatic,1,East,13300.0,2026-05-20,66
Ford,F-150,2023,12263,Petrol,Automatic,1,East,35150.0,2026-02-09,50
Audi,Q7,2022,24349,Petrol,Manual,1,West,39850.0,2025-10-17,43
Mercedes-Benz,GLE,2021,36895,Petrol,Automatic,1,West,41200.0,2025-09-21,36
BMW,5 Series,2012,153517,Electric,Automatic,1,East,6950.0,2026-02-15,140
Nissan,Rogue,2021,46541,Petrol,Automatic,3,North,15550.0,2025-12-12,51
Chevrolet,Silverado,2019,64698,Petrol,Automatic,2,South,17750.0,2026-05-22,78
Ford,Mustang,2024,3000,Petrol,Automatic,1,North,31000.0,2026-06-06,17
Volkswagen,Golf,2017,92626,Petrol,Automatic,3,West,5900.0,2026-08-05,13
Toyota,Highlander,2017,112793,Hybrid,Automatic,2,West,11550.0,2025-10-22,14
Honda,Accord,2017,103905,Hybrid,Automatic,2,North,11450.0,2026-03-17,48
Tesla,Model X,2012,178808,Electric,Automatic,2,West,10550.0,2026-08-31,99
Mercedes-Benz,C-Class,2022,22258,Hybrid,Automatic,1,West,39450.0,2025-12-01,15
Subaru,Impreza,2019,82105,Petrol,Automatic,1,Central,11000.0,2026-02-10,24
Hyundai,Elantra,2022,30427,Petrol,Automatic,1,Metro,17450.0,2026-08-28,6
Audi,Q7,2023,19690,Diesel,Automatic,1,North,53400.0,2025-09-22,24
Chevrolet,Malibu,2013,148356,Petrol,Automatic,2,Metro,3100.0,2026-07-05,140
Chevrolet,Tahoe,2023,17564,Petrol,Automatic,1,West,50550.0,2025-10-18,25
Audi,A4,2013,121835,Diesel,Automatic,3,Metro,5150.0,2026-01-26,72
BMW,5 Series,2015,183455,Hybrid,Automatic,1,South,9450.0,2025-11-23,29
Mazda,Mazda6,2021,60425,Petrol,Automatic,1,West,17400.0,2026-05-23,19
Audi,Q7,2019,59255,Petrol,Manual,2,North,24900.0,2025-12-11,39
Honda,Civic,2019,96559,Petrol,Automatic,1,West,11250.0,2026-04-17,8
Mercedes-Benz,C-Class,2017,83351,Petrol,Automatic,1,Metro,12650.0,2025-11-29,24
Honda,CR-V,2021,22620,Petrol,Manual,1,Central,20000.0,2026-03-26,30
Subaru,Outback,2022,18921,Petrol,Automatic,1,Metro,25750.0,2025-12-20,25
Ford,Explorer,2013,135418,Petrol,Manual,1,East,5100.0,2026-07-22,60
Nissan,Pathfinder,2018,109263,Electric,Automatic,1,West,14250.0,2026-04-23,19
Ford,F-150,2017,89376,Diesel,Automatic,1,South,12050.0,2025-11-28,63
Nissan,Sentra,2016,90556,Petrol,Manual,1,East,3900.0,2026-08-29,47
Ford,F-150,2018,78509,Petrol,Automatic,2,Metro,15400.0,2025-12-18,37
Toyota,RAV4,2021,23434,Petrol,Automatic,1,North,20050.0,2026-09-02,31
Toyota,Highlander,2024,3000,Hybrid,Automatic,1,East,42000.0,2026-09-04,18
Hyundai,Elantra,2017,102474,Petrol,Automatic,2,Central,7000.0,2026-04-28,94
Nissan,Pathfinder,2020,46736,Petrol,Automatic,2,Metro,21800.0,2026-07-09,23
Honda,Accord,2019,66162,Petrol,Automatic,2,West,13550.0,2026-08-04,34
Kia,Sportage,2018,85714,Diesel,Automatic,2,East,8450.0,2025-11-18,17
Nissan,Pathfinder,2017,52115,Petrol,Automatic,2,West,12400.0,2026-07-02,53
Honda,Civic,2024,3000,Hybrid,Automatic,1,East,25550.0,2026-06-17,34
Honda,CR-V,2019,98088,Petrol,Automatic,1,Metro,15150.0,2026-08-03,69
Chevrolet,Silverado,2024,3000,Petrol,Automatic,1,Metro,41100.0,2026-08-01,24
Volkswagen,Golf,2015,144276,Petrol,Automatic,1,North,5600.0,2025-10-24,122
Toyota,Tacoma,2016,145049,Petrol,Automatic,1,East,11050.0,2026-03-03,55
Chevrolet,Malibu,2024,3000,Diesel,Automatic,1,Metro,27450.0,2026-03-30,28
Toyota,Camry,2022,28732,Hybrid,Manual,1,North,21100.0,2026-07-30,16
Volkswagen,Passat,2020,72640,Petrol,Automatic,2,West,15000.0,2025-10-26,7
Hyundai,Tucson,2022,25435,Diesel,Automatic,1,West,22550.0,2026-02-13,13
Toyota,Corolla,2013,124524,Petrol,Automatic,1,North,3500.0,2026-04-26,11
Honda,Pilot,2019,51878,Hybrid,Automatic,1,West,21800.0,2025-10-19,26
Ford,Explorer,2019,70773,Hybrid,Automatic,1,North,16650.0,2026-09-09,17
Honda,Accord,2023,11144,Petrol,Manual,1,South,24850.0,2026-06-14,24
Chevrolet,Silverado,2022,18819,Petrol,Automatic,1,North,29750.0,2026-07-01,14
Toyota,Corolla,2017,70269,Hybrid,Automatic,2,North,7450.0,2025-10-01,15
Toyota,Corolla,2013,122049,Petrol,Automatic,3,East,4450.0,2026-04-06,31
Mercedes-Benz,GLE,2024,3000,Petrol,Automatic,1,South,62650.0,2026-05-15,22
Kia,Optima,2019,63128,Petrol,Automatic,1,East,11100.0,2026-07-16,61
Mercedes-Benz,C-Class,2023,6468,Petrol,Manual,1,South,36750.0,2026-02-03,13
Toyota,Tacoma,2020,57961,Hybrid,Automatic,2,South,19150.0,2026-03-05,10
Honda,Pilot,2015,133115,Hybrid,Manual,2,North,7000.0,2026-06-23,30
Subaru,Crosstrek,2022,25789,Petrol,Automatic,1,South,20650.0,2026-02-26,46
Ford,Mustang,2019,54855,Petrol,Automatic,1,West,16100.0,2026-03-16,4
Honda,Civic,2022,28499,Hybrid,Manual,1,West,19050.0,2026-07-23,31
Kia,Optima,2013,184493,Petrol,Automatic,1,North,3000.0,2026-03-23,100
Toyota,RAV4,2018,127058,Petrol,Automatic,2,West,11400.0,2026-08-29,49
Porsche,Cayenne,2014,89149,Petrol,Automatic,3,South,26300.0,2025-10-02,21
Hyundai,Sonata,2023,22427,Petrol,Automatic,1,South,22700.0,2025-09-16,21
Mercedes-Benz,GLE,2013,191725,Hybrid,Automatic,2,South,7900.0,2025-09-16,85
Hyundai,Sonata,2021,47912,Petrol,Automatic,2,East,16350.0,2026-05-05,9
Honda,Pilot,2018,98106,Hybrid,Automatic,3,North,15700.0,2025-12-06,18
Audi,A6,2021,44771,Hybrid,Automatic,3,East,30100.0,2026-01-23,15
Toyota,RAV4,2020,70566,Petrol,Automatic,2,West,17900.0,2026-04-13,35
Kia,Telluride,2022,34893,Petrol,Automatic,1,Metro,31900.0,2025-11-19,53
Ford,Escape,2019,64807,Petrol,Automatic,3,Metro,11400.0,2026-09-12,26
Ford,Mustang,2012,162162,Petrol,Automatic,2,West,4100.0,2025-12-07,42
Tesla,Model 3,2020,34005,Electric,Automatic,1,Metro,24200.0,2025-12-04,92
Toyota,Corolla,2013,165395,Petrol,Automatic,2,West,2650.0,2026-06-15,60
Audi,A6,2023,8151,Hybrid,Automatic,1,East,49000.0,2026-08-09,10
Ford,Escape,2014,133105,Petrol,Automatic,2,South,5300.0,2026-05-04,38
Tesla,Model S,2017,90946,Electric,Automatic,2,North,23650.0,2025-11-13,9
BMW,X3,2019,86769,Hybrid,Automatic,1,West,19350.0,2026-07-17,16
Toyota,Highlander,2021,62249,Petrol,Manual,1,West,27700.0,2026-04-24,24
Mercedes-Benz,C-Class,2020,50317,Hybrid,Automatic,1,South,25300.0,2026-01-24,31
Volkswagen,Passat,2020,45691,Petrol,Automatic,1,South,13750.0,2026-08-20,48
Toyota,Highlander,2024,3000,Hybrid,Automatic,1,Central,39050.0,2026-05-03,32
Kia,Optima,2014,87560,Petrol,Automatic,4,West,3000.0,2026-01-06,13
Mazda,CX-5,2014,90680,Hybrid,Automatic,2,East,7650.0,2026-05-17,34
Audi,A4,2022,21505,Petrol,Automatic,1,Metro,31700.0,2026-01-28,21
Audi,A4,2021,53793,Petrol,Automatic,1,West,22800.0,2025-10-25,39
Hyundai,Santa Fe,2020,40286,Petrol,Manual,2,West,15050.0,2026-03-12,36
Toyota,Corolla,2017,106658,Petrol,Automatic,1,East,9550.0,2026-07-18,25
Toyota,Highlander,2012,156043,Petrol,Automatic,2,Metro,6800.0,2026-05-19,48
Ford,Escape,2020,50854,Petrol,Automatic,1,Metro,14250.0,2026-03-18,27
Honda,Accord,2012,210982,Petrol,Automatic,1,West,3500.0,2026-06-02,140
Audi,A4,2019,89938,Petrol,Automatic,1,South,17200.0,2026-03-10,34
Hyundai,Tucson,2017,96640,Hybrid,Automatic,3,West,6950.0,2026-06-04,29
Toyota,Corolla,2013,299951,Hybrid,Automatic,1,North,2650.0,2026-01-15,140
Kia,Telluride,2019,67378,Hybrid,Automatic,2,Metro,22050.0,2026-07-14,35
BMW,M3,2012,155043,Petrol,Automatic,2,Metro,9350.0,2026-02-10,127
Audi,A6,2021,67962,Petrol,Automatic,1,East,35800.0,2026-07-24,69
Audi,Q5,2016,180430,Electric,Automatic,2,North,9950.0,2026-03-21,64
Honda,Pilot,2017,93373,Hybrid,Manual,1,West,17100.0,2025-09-26,35
Porsche,Macan,2023,19083,Petrol,Manual,1,East,56950.0,2025-12-22,39
Mazda,Mazda3,2018,58688,Petrol,Automatic,1,North,10350.0,2026-02-28,37
Ford,Explorer,2024,3000,Petrol,Automatic,1,South,38800.0,2025-11-19,30
Toyota,Highlander,2017,88854,Petrol,Automatic,1,East,16500.0,2025-10-20,20
BMW,X5,2018,127595,Petrol,Automatic,1,Metro,21050.0,2026-07-06,33
Honda,CR-V,2014,240457,Diesel,Automatic,3,South,3700.0,2025-09-17,43
Chevrolet,Equinox,2017,89279,Petrol,Automatic,2,Metro,9800.0,2026-07-01,37
Honda,Pilot,2013,83669,Petrol,Automatic,4,North,7500.0,2026-05-07,16
Ford,Mustang,2023,13514,Diesel,Automatic,1,East,28000.0,2025-11-19,22
Chevrolet,Malibu,2016,155945,Petrol,Automatic,2,West,4850.0,2026-08-11,59
Honda,CR-V,2021,36306,Petrol,Automatic,1,North,22450.0,2026-08-27,18
Toyota,RAV4,2024,3000,Hybrid,Automatic,1,South,30800.0,2025-09-21,55
Ford,F-150,2024,3000,Petrol,Automatic,1,North,38800.0,2025-12-17,21
Honda,Pilot,2023,14863,Petrol,Automatic,1,Metro,34200.0,2026-05-29,18
Honda,Civic,2017,55563,Petrol,Automatic,2,Metro,9800.0,2026-01-19,19
Audi,A4,2018,97873,Hybrid,Automatic,1,South,16400.0,2025-12-07,52
Mazda,CX-5,2021,34452,Petrol,Automatic,1,Central,20650.0,2025-12-28,10
Mazda,CX-5,2012,142337,Petrol,Manual,2,Metro,3900.0,2025-12-19,26
Honda,Pilot,2022,20472,Petrol,Automatic,1,East,30450.0,2025-11-27,24
Audi,A6,2021,38179,Petrol,Automatic,2,East,33500.0,2026-08-29,23
Mercedes-Benz,E-Class,2013,111271,Hybrid,Automatic,2,North,7200.0,2025-10-05,140
Volkswagen,Jetta,2023,25881,Petrol,Automatic,2,West,19950.0,2026-09-04,22
Volkswagen,Tiguan,2019,68952,Petrol,Manual,1,West,12850.0,2025-12-19,63
Honda,CR-V,2019,130081,Hybrid,Automatic,1,Central,14600.0,2026-05-06,72
Mazda,CX-9,2024,3000,Hybrid,Automatic,2,Metro,42250.0,2026-06-13,24
BMW,3 Series,2022,32712,Petrol,Automatic,1,South,29750.0,2026-07-11,20
Honda,Pilot,2016,103411,Petrol,Automatic,4,North,11550.0,2026-04-19,42
Hyundai,Tucson,2020,38821,Petrol,Automatic,1,East,14600.0,2025-09-16,16
Toyota,Camry,2022,22122,Petrol,Automatic,1,South,23550.0,2026-06-15,13
Volkswagen,Jetta,2019,55330,Petrol,Automatic,1,East,10950.0,2026-05-09,23
Audi,Q7,2021,49648,Hybrid,Automatic,1,West,38950.0,2026-07-21,14
Ford,F-150,2016,105468,Petrol,Automatic,1,East,8450.0,2026-07-26,25
Mazda,Mazda6,2024,3000,Petrol,Automatic,1,West,29750.0,2026-09-15,11
BMW,X3,2024,3000,Petrol,Automatic,1,South,47500.0,2026-04-26,22
Ford,Explorer,2024,3000,Electric,Automatic,1,South,39950.0,2026-08-23,18
Tesla,Model 3,2016,136972,Electric,Automatic,2,North,7550.0,2026-07-18,35
Audi,A4,2019,87586,Petrol,Automatic,1,Central,14350.0,2026-07-12,18
Ford,Explorer,2021,38903,Petrol,Automatic,3,West,22500.0,2026-03-19,35
Mercedes-Benz,E-Class,2024,3000,Petrol,Automatic,1,South,57600.0,2025-12-02,39
Mazda,Mazda6,2020,71432,Hybrid,Automatic,1,South,15600.0,2026-08-07,38
Honda,CR-V,2022,19836,Diesel,Automatic,1,Central,21950.0,2025-11-16,31
Audi,A6,2014,162574,Hybrid,Manual,2,Metro,6950.0,2025-12-16,46
Honda,Accord,2014,185893,Petrol,Manual,4,South,4250.0,2026-07-14,33
Tesla,Model Y,2024,3000,Electric,Automatic,1,West,53200.0,2025-09-24,34
Toyota,RAV4,2016,121144,Hybrid,Automatic,1,East,8950.0,2026-05-21,24
Chevrolet,Silverado,2022,27733,Petrol,Manual,1,Central,27250.0,2026-08-08,18
Kia,Forte,2018,98789,Petrol,Automatic,2,East,7150.0,2025-10-10,35
Tesla,Model X,2022,37604,Electric,Automatic,1,North,64750.0,2026-02-16,40
Audi,A6,2018,78204,Hybrid,Automatic,2,South,24450.0,2025-10-23,42
Ford,Mustang,2014,178637,Petrol,Automatic,4,West,4450.0,2025-12-27,51
Tesla,Model X,2022,38052,Electric,Automatic,2,Metro,67950.0,2026-04-02,10
BMW,X5,2024,3000,Petrol,Automatic,1,Central,67500.0,2025-12-15,10
Honda,Civic,2016,134346,Hybrid,Automatic,2,East,5900.0,2026-01-24,24
Chevrolet,Equinox,2017,137372,Petrol,Automatic,1,East,4800.0,2026-05-15,80
Kia,Sportage,2024,3000,Hybrid,Automatic,1,East,29850.0,2025-10-07,32
Mercedes-Benz,E-Class,2012,264894,Petrol,Automatic,2,North,7200.0,2026-01-13,140
BMW,X3,2021,30032,Hybrid,Automatic,2,North,28000.0,2026-04-14,32
Ford,Escape,2019,108039,Hybrid,Automatic,1,South,11700.0,2026-07-10,28
Honda,Pilot,2017,98976,Petrol,Manual,3,East,14950.0,2025-10-29,47
Volkswagen,Passat,2024,3000,Electric,Automatic,1,South,29650.0,2026-04-17,15
Kia,Forte,2020,76441,Petrol,Automatic,2,East,9650.0,2026-06-13,29
Honda,Pilot,2023,18960,Petrol,Automatic,1,North,35900.0,2026-01-26,6
Audi,Q7,2019,85175,Hybrid,Automatic,3,North,25050.0,2026-07-13,58
Honda,Accord,2016,86878,Petrol,Automatic,1,West,7950.0,2025-12-25,30
Volkswagen,Tiguan,2024,3000,Petrol,Manual,2,West,27750.0,2026-06-14,39
Nissan,Altima,2022,26077,Petrol,Automatic,1,Metro,20450.0,2026-04-19,44
Volkswagen,Passat,2024,3000,Petrol,Automatic,1,Central,28850.0,2026-03-16,21
Audi,Q7,2019,78415,Hybrid,Automatic,1,West,29100.0,2025-10-24,42
Ford,Explorer,2022,25668,Petrol,Automatic,1,Central,28250.0,2026-03-31,11
Ford,F-150,2014,130670,Petrol,Automatic,3,Central,4550.0,2025-09-22,31
Honda,CR-V,2012,194067,Hybrid,Automatic,4,North,3700.0,2026-07-09,69
Honda,CR-V,2014,126583,Hybrid,Manual,3,Metro,4500.0,2026-08-20,31
Honda,Civic,2023,15891,Petrol,Automatic,1,East,21500.0,2026-06-14,27
Tesla,Model X,2013,119202,Electric,Automatic,3,West,14000.0,2026-07-29,28
Honda,Accord,2017,82161,Petrol,Automatic,1,South,9900.0,2026-08-07,43
Chevrolet,Tahoe,2022,23298,Petrol,Automatic,1,Central,38300.0,2026-04-27,17
Mercedes-Benz,GLC,2018,68176,Petrol,Automatic,2,West,13650.0,2026-02-05,11
Toyota,Camry,2013,100218,Petrol,Automatic,1,South,6250.0,2026-09-13,38
Audi,Q5,2017,145019,Petrol,Automatic,2,North,12050.0,2025-12-21,9
Chevrolet,Silverado,2022,37213,Petrol,Automatic,1,North,28050.0,2026-03-02,18
Honda,Pilot,2021,46261,Hybrid,Automatic,1,East,28900.0,2026-03-10,17
Mercedes-Benz,E-Class,2015,136167,Petrol,Automatic,2,East,10950.0,2025-09-17,55
Toyota,Tacoma,2022,22124,Petrol,Automatic,1,East,27400.0,2026-04-12,9
Mercedes-Benz,GLE,2024,3000,Diesel,Automatic,1,West,66400.0,2025-10-05,43
Toyota,Highlander,2016,147096,Petrol,Automatic,3,South,13050.0,2025-12-09,20
Honda,Pilot,2016,150673,Petrol,Automatic,1,North,12950.0,2026-07-10,26
BMW,X5,2023,25926,Diesel,Automatic,1,East,55100.0,2026-02-05,37
Hyundai,Sonata,2023,12234,Hybrid,Automatic,1,North,22900.0,2025-10-19,41
Honda,Civic,2016,173493,Petrol,Automatic,2,Metro,4950.0,2026-04-02,50
Tesla,Model X,2018,59483,Electric,Automatic,3,West,40200.0,2026-04-25,45
Nissan,Sentra,2015,120288,Petrol,Automatic,1,South,2650.0,2025-10-04,47
Honda,Accord,2016,62691,Petrol,Automatic,4,Metro,10500.0,2026-07-20,85
Toyota,Highlander,2015,93889,Hybrid,Automatic,2,Metro,14850.0,2026-05-22,38
Audi,Q5,2015,93273,Petrol,Automatic,2,North,5650.0,2025-10-15,26
Toyota,RAV4,2021,40486,Hybrid,Automatic,2,South,20000.0,2025-10-15,25
Porsche,Panamera,2018,77206,Petrol,Automatic,3,North,53850.0,2026-01-02,74
Toyota,Highlander,2023,18192,Hybrid,Automatic,1,West,40200.0,2025-10-17,22
Tesla,Model Y,2022,68707,Electric,Automatic,1,North,34000.0,2025-11-07,25
Ford,Mustang,2018,78807,Diesel,Automatic,4,Metro,10400.0,2026-03-13,29
Hyundai,Elantra,2013,184656,Petrol,Manual,2,West,2650.0,2026-05-25,140
Tesla,Model X,2024,3000,Electric,Automatic,1,West,92700.0,2026-03-28,34
Chevrolet,Equinox,2015,164575,Petrol,Automatic,2,Metro,4450.0,2025-12-21,88
BMW,X5,2022,25137,Petrol,Automatic,1,Metro,52300.0,2026-09-14,6
Ford,Explorer,2018,82640,Petrol,Manual,4,South,14250.0,2026-07-13,63
Kia,Forte,2020,87391,Petrol,Automatic,1,Metro,9800.0,2025-09-22,23
Hyundai,Sonata,2024,3000,Petrol,Automatic,1,East,27550.0,2026-01-22,21
Toyota,Corolla,2021,44631,Hybrid,Automatic,3,East,14500.0,2025-11-18,22
BMW,X5,2016,142117,Electric,Automatic,3,South,11150.0,2025-12-09,37
Volkswagen,Tiguan,2016,66403,Diesel,Manual,3,North,5400.0,2026-04-17,11
Mercedes-Benz,C-Class,2023,8096,Petrol,Automatic,1,Central,35500.0,2025-10-31,11
Hyundai,Elantra,2022,29150,Petrol,Automatic,1,East,17000.0,2025-11-07,45
Nissan,Pathfinder,2014,168481,Petrol,Automatic,2,South,4450.0,2025-10-23,77
Honda,Accord,2022,15862,Petrol,Automatic,1,South,22850.0,2026-06-24,26
Honda,Accord,2023,11994,Petrol,Manual,1,South,23100.0,2026-06-22,13
Mercedes-Benz,E-Class,2017,104081,Petrol,Automatic,2,North,14900.0,2026-05-13,60
Volkswagen,Golf,2018,61579,Diesel,Automatic,3,South,9550.0,2025-11-12,30
Honda,Pilot,2021,58813,Petrol,Automatic,2,East,27850.0,2025-12-24,25
Porsche,911,2018,107547,Petrol,Automatic,2,East,65700.0,2026-08-25,41
Mercedes-Benz,E-Class,2013,253402,Petrol,Automatic,1,Metro,7200.0,2026-08-11,57
Toyota,RAV4,2019,51532,Hybrid,Automatic,1,North,16650.0,2025-10-23,11
Kia,Forte,2022,22057,Hybrid,Automatic,1,East,17850.0,2025-12-03,23
Mercedes-Benz,GLE,2019,62535,Diesel,Automatic,2,South,23500.0,2026-05-11,22
Honda,CR-V,2017,67087,Petrol,Automatic,3,East,9350.0,2026-08-18,23
Ford,Escape,2023,18415,Electric,Manual,1,East,24400.0,2026-02-19,19
Chevrolet,Equinox,2024,3000,Petrol,Automatic,1,Metro,29350.0,2026-06-03,6
Toyota,Tacoma,2021,35049,Petrol,Automatic,2,Metro,25750.0,2025-10-05,53
Audi,Q7,2024,3177,Petrol,Automatic,1,South,59750.0,2026-06-09,18
Toyota,RAV4,2020,70254,Petrol,Manual,1,North,16200.0,2026-02-16,43
Toyota,RAV4,2019,41642,Petrol,Automatic,2,Metro,18050.0,2025-11-11,14
Toyota,RAV4,2020,56824,Petrol,Automatic,2,Central,17500.0,2026-02-07,11
Ford,F-150,2023,12493,Hybrid,Manual,1,West,33900.0,2025-10-08,28
Chevrolet,Tahoe,2022,21484,Petrol,Manual,2,East,39300.0,2025-10-08,15
Toyota,Highlander,2019,74414,Petrol,Automatic,1,East,25300.0,2026-06-01,51
Ford,Escape,2017,148322,Diesel,Automatic,3,Metro,4450.0,2026-05-13,16
Tesla,Model X,2017,141029,Electric,Automatic,1,East,32500.0,2026-05-23,83
Mazda,CX-5,2022,17787,Petrol,Automatic,1,North,25450.0,2026-08-17,34
Honda,Civic,2024,3000,Diesel,Automatic,1,East,25350.0,2025-10-04,21
Kia,Telluride,2016,88250,Petrol,Automatic,2,South,12350.0,2025-11-27,57
Volkswagen,Jetta,2019,59203,Diesel,Automatic,2,North,9300.0,2026-06-08,27
Volkswagen,Passat,2019,42087,Diesel,Automatic,2,South,11500.0,2026-07-15,41
Volkswagen,Tiguan,2023,15736,Hybrid,Automatic,2,East,28500.0,2026-06-22,65
Toyota,RAV4,2024,3000,Petrol,Automatic,1,Metro,31950.0,2026-05-19,16
Ford,Mustang,2017,100730,Petrol,Automatic,1,South,7900.0,2026-05-26,12
Audi,Q5,2017,97800,Petrol,Automatic,2,Central,12050.0,2025-10-17,57
BMW,3 Series,2014,177009,Hybrid,Automatic,3,South,5400.0,2026-05-05,60
Tesla,Model S,2024,3000,Electric,Automatic,1,Metro,89050.0,2026-04-12,20
Ford,Escape,2019,54621,Petrol,Automatic,1,Metro,11750.0,2026-03-01,33
Kia,Optima,2023,19103,Petrol,Automatic,1,Central,20050.0,2026-05-10,14
Subaru,Impreza,2020,72449,Petrol,Automatic,2,West,12550.0,2026-07-26,57
Mercedes-Benz,C-Class,2018,96588,Petrol,Automatic,1,West,15500.0,2026-07-16,43
Toyota,Corolla,2016,106343,Hybrid,Automatic,2,South,6000.0,2026-06-11,101
Nissan,Pathfinder,2019,74660,Petrol,Manual,2,North,14350.0,2026-04-22,14
Audi,Q7,2024,3000,Petrol,Automatic,1,East,60300.0,2025-12-23,58
Tesla,Model X,2021,39725,Electric,Automatic,1,Metro,59700.0,2026-07-17,11
Toyota,Corolla,2024,3000,Petrol,Automatic,1,South,21500.0,2026-04-19,18
Mazda,CX-9,2015,105526,Petrol,Manual,2,North,10150.0,2026-05-23,37
Ford,Mustang,2023,20880,Petrol,Automatic,1,Metro,29200.0,2026-01-27,29
Mercedes-Benz,GLE,2021,60825,Petrol,Automatic,1,East,43800.0,2026-03-01,39
Toyota,Camry,2022,49590,Hybrid,Automatic,1,Metro,23700.0,2026-08-20,25
Audi,A6,2022,27082,Petrol,Automatic,1,Central,42700.0,2026-07-23,6
Audi,Q7,2019,77634,Petrol,Automatic,1,West,23000.0,2026-01-01,31
Chevrolet,Silverado,2014,146075,Petrol,Automatic,1,Metro,5100.0,2026-08-24,28
Toyota,Highlander,2024,3000,Hybrid,Automatic,1,West,44750.0,2026-04-06,16
Mazda,Mazda6,2017,75384,Petrol,Automatic,2,Central,7550.0,2026-04-11,13
BMW,3 Series,2022,45881,Diesel,Automatic,1,North,30750.0,2026-08-04,42
Porsche,Macan,2024,3000,Petrol,Automatic,1,West,66700.0,2025-10-06,15
Audi,A4,2020,58991,Hybrid,Automatic,1,South,20200.0,2026-05-18,36
Kia,Sportage,2021,49427,Petrol,Manual,3,West,16800.0,2025-09-29,40
Chevrolet,Tahoe,2021,35160,Petrol,Automatic,1,North,36250.0,2026-01-18,24
BMW,X5,2024,3000,Petrol,Automatic,1,North,68500.0,2026-07-18,34
Hyundai,Tucson,2021,47550,Petrol,Automatic,1,East,18550.0,2026-03-12,15
Hyundai,Tucson,2022,24783,Hybrid,Automatic,2,North,21950.0,2026-08-08,18
Honda,Civic,2019,78317,Petrol,Automatic,1,West,10750.0,2025-11-20,49
Chevrolet,Tahoe,2016,90162,Petrol,Automatic,1,North,18450.0,2026-01-18,112
Toyota,RAV4,2023,20514,Petrol,Automatic,1,East,28450.0,2026-04-07,9
Porsche,911,2021,27672,Petrol,Automatic,2,Metro,86650.0,2026-07-09,26
Toyota,RAV4,2019,72168,Hybrid,Automatic,2,Metro,17650.0,2026-08-12,48
Mercedes-Benz,C-Class,2020,36252,Petrol,Automatic,1,West,23950.0,2026-01-13,9
BMW,M3,2019,40624,Electric,Automatic,2,Metro,31900.0,2026-08-17,15
Nissan,Pathfinder,2022,21346,Petrol,Automatic,1,North,27250.0,2026-04-17,32
Hyundai,Tucson,2018,69551,Petrol,Automatic,3,East,10050.0,2025-12-09,24
Honda,Accord,2013,123556,Diesel,Automatic,3,Central,4300.0,2026-01-07,11
Tesla,Model 3,2020,50200,Electric,Automatic,1,North,23900.0,2025-12-24,64
Audi,Q5,2018,65692,Diesel,Manual,1,South,17150.0,2025-10-28,43
Mercedes-Benz,GLC,2023,9969,Petrol,Automatic,1,North,43400.0,2025-10-07,34
Ford,Mustang,2023,10729,Diesel,Automatic,1,South,30250.0,2025-11-16,6
Honda,CR-V,2020,60817,Hybrid,Automatic,1,West,18850.0,2026-02-16,14
Volkswagen,Golf,2013,115063,Petrol,Automatic,1,Metro,3100.0,2026-03-08,43
BMW,X3,2016,103791,Petrol,Automatic,2,North,12050.0,2025-10-11,50
Chevrolet,Tahoe,2024,3000,Hybrid,Automatic,1,North,58300.0,2026-02-16,44
Chevrolet,Malibu,2016,145169,Petrol,Manual,2,West,3100.0,2025-11-02,40
Toyota,Camry,2021,41687,Hybrid,Automatic,1,Metro,21950.0,2026-06-27,42
Ford,Escape,2021,67587,Petrol,Automatic,1,South,15950.0,2026-05-12,12
Ford,Explorer,2024,3000,Petrol,Automatic,1,Central,35950.0,2026-03-07,27
Toyota,Tacoma,2013,164013,Petrol,Automatic,3,West,5400.0,2026-08-03,17
Toyota,Highlander,2023,7023,Hybrid,Automatic,1,Metro,39450.0,2025-11-10,31
Honda,CR-V,2023,26340,Petrol,Automatic,1,West,28450.0,2025-11-21,18
Audi,A6,2022,25068,Petrol,Automatic,1,North,40600.0,2026-07-30,6
Honda,Accord,2021,39222,Petrol,Automatic,2,Central,18650.0,2025-12-30,46
Porsche,911,2021,43481,Petrol,Automatic,1,North,85350.0,2026-07-25,40
BMW,X3,2023,18683,Petrol,Automatic,1,Metro,44950.0,2025-12-07,33
Subaru,Crosstrek,2024,3000,Petrol,Automatic,2,West,25650.0,2026-01-31,11
Mazda,Mazda3,2021,30243,Petrol,Automatic,1,East,18000.0,2026-07-04,28
BMW,3 Series,2023,12837,Petrol,Automatic,1,North,38700.0,2026-04-09,32
Tesla,Model Y,2022,23361,Electric,Automatic,1,South,35250.0,2025-11-07,33
Tesla,Model Y,2024,3000,Electric,Automatic,1,South,51900.0,2025-12-05,32
Toyota,Highlander,2024,3000,Hybrid,Automatic,1,North,41000.0,2026-07-09,28
Tesla,Model Y,2022,27093,Electric,Automatic,1,West,39250.0,2026-01-16,14
Mercedes-Benz,GLE,2019,82777,Diesel,Manual,1,West,19650.0,2026-03-19,26
Tesla,Model 3,2023,9560,Electric,Automatic,1,Metro,37750.0,2025-12-01,35
Tesla,Model Y,2015,118771,Electric,Automatic,3,West,6800.0,2026-04-05,50
Audi,Q7,2021,34304,Petrol,Automatic,2,East,36450.0,2026-01-12,27
Chevrolet,Malibu,2020,37162,Petrol,Automatic,1,Central,13600.0,2026-05-19,30
Hyundai,Sonata,2023,7692,Hybrid,Manual,1,South,23300.0,2026-02-01,36
Ford,Escape,2018,88138,Petrol,Automatic,1,Metro,10200.0,2025-12-29,38
Chevrolet,Equinox,2020,52104,Petrol,Automatic,1,East,14450.0,2026-06-19,30
Honda,Civic,2013,124041,Petrol,Automatic,2,East,3050.0,2026-05-09,30
Audi,A4,2014,136602,Hybrid,Automatic,1,East,5150.0,2026-09-02,74
Toyota,RAV4,2016,112293,Petrol,Automatic,2,East,8400.0,2026-04-30,31
Toyota,RAV4,2020,89858,Petrol,Automatic,1,East,18500.0,2026-07-17,19
Mazda,Mazda6,2015,107367,Petrol,Automatic,4,North,6150.0,2026-06-20,26
Tesla,Model 3,2015,132999,Electric,Automatic,2,North,7300.0,2026-06-25,50
Nissan,Sentra,2020,47702,Petrol,Manual,2,North,9700.0,2026-06-21,8
Subaru,Forester,2018,56376,Petrol,Automatic,2,Metro,13550.0,2026-07-01,34
Honda,Civic,2018,97075,Petrol,Automatic,2,Metro,9900.0,2026-03-30,43
Hyundai,Sonata,2024,3905,Petrol,Automatic,1,East,27600.0,2025-11-29,12
Mercedes-Benz,GLE,2024,3000,Petrol,Automatic,1,North,65450.0,2026-08-17,16
Audi,Q5,2013,112619,Hybrid,Automatic,2,South,7550.0,2026-06-03,22
Tesla,Model 3,2021,53892,Electric,Automatic,1,Metro,31750.0,2025-09-20,39
Mazda,Mazda6,2012,207563,Petrol,Automatic,2,Central,3250.0,2026-02-06,140
Chevrolet,Malibu,2022,20212,Petrol,Automatic,2,Central,18300.0,2026-03-16,50
Chevrolet,Malibu,2020,38710,Petrol,Automatic,1,North,14100.0,2026-04-26,25
Volkswagen,Tiguan,2015,162219,Petrol,Automatic,2,South,3750.0,2025-10-03,63
Honda,Accord,2020,58705,Petrol,Manual,1,West,16300.0,2025-11-19,41
BMW,5 Series,2021,35762,Hybrid,Automatic,2,Metro,36850.0,2025-12-10,71
Hyundai,Santa Fe,2019,76966,Petrol,Automatic,3,East,13950.0,2026-09-02,15
Toyota,RAV4,2013,100732,Hybrid,Automatic,1,West,7050.0,2026-07-10,36
Honda,CR-V,2021,40046,Hybrid,Manual,2,Metro,19650.0,2025-11-18,16
Honda,CR-V,2012,100090,Hybrid,Automatic,4,Central,3700.0,2026-04-27,22
Toyota,RAV4,2019,88035,Petrol,Automatic,1,East,16450.0,2026-03-04,72
Mazda,Mazda6,2024,3000,Petrol,Automatic,1,North,25700.0,2026-07-30,22
BMW,3 Series,2017,97793,Hybrid,Manual,4,North,7750.0,2026-03-01,68
Mercedes-Benz,C-Class,2021,37554,Petrol,Automatic,3,East,27100.0,2025-11-24,50
Mercedes-Benz,E-Class,2020,55325,Petrol,Automatic,1,South,28350.0,2026-05-20,63
Porsche,911,2024,3000,Petrol,Automatic,1,West,127450.0,2026-02-25,49
Hyundai,Santa Fe,2016,83986,Petrol,Automatic,4,West,7600.0,2025-12-29,45
Tesla,Model 3,2024,3000,Electric,Automatic,2,West,45500.0,2026-08-04,29
Subaru,Outback,2024,3000,Petrol,Automatic,2,East,28850.0,2026-02-14,33
Ford,Explorer,2012,109001,Hybrid,Automatic,3,East,4850.0,2026-02-06,31
Ford,F-150,2018,64015,Petrol,Automatic,1,South,14650.0,2026-07-24,11
Toyota,Camry,2017,66492,Petrol,Automatic,2,South,11500.0,2026-08-27,70
Nissan,Rogue,2022,18665,Hybrid,Automatic,1,East,21050.0,2025-09-20,15
Honda,Civic,2022,28063,Petrol,Automatic,2,West,18400.0,2026-01-05,30
Volkswagen,Passat,2021,42828,Petrol,Automatic,1,Metro,20100.0,2026-03-23,24
Tesla,Model 3,2021,22598,Electric,Automatic,1,Metro,30500.0,2026-04-10,62
Toyota,Camry,2021,41064,Petrol,Automatic,1,Metro,19850.0,2026-04-15,13
Ford,Explorer,2023,6285,Diesel,Automatic,1,Metro,33050.0,2025-12-14,24
Mercedes-Benz,GLC,2014,106851,Petrol,Automatic,2,North,8200.0,2025-12-17,91
Nissan,Altima,2020,39309,Petrol,Automatic,1,Central,13650.0,2026-06-20,16
Subaru,Impreza,2017,120620,Petrol,Automatic,1,Metro,6800.0,2025-11-11,10
BMW,5 Series,2023,7838,Electric,Automatic,1,West,52050.0,2025-11-27,17
Ford,Escape,2020,32540,Petrol,Automatic,1,Metro,16900.0,2026-03-21,30
BMW,5 Series,2017,51897,Diesel,Automatic,3,North,14850.0,2026-02-18,25
Mazda,CX-9,2012,230765,Diesel,Automatic,2,North,4550.0,2026-02-13,36
Volkswagen,Passat,2021,42010,Petrol,Automatic,1,East,18050.0,2026-03-06,26
Nissan,Pathfinder,2023,20582,Hybrid,Automatic,1,North,34750.0,2025-10-21,17
BMW,5 Series,2012,96072,Petrol,Automatic,3,South,6950.0,2026-07-19,72
Toyota,Tacoma,2018,131609,Hybrid,Automatic,4,Central,12800.0,2025-11-21,43
Toyota,Tacoma,2024,3000,Petrol,Automatic,1,West,36150.0,2025-09-21,29
Tesla,Model Y,2018,65436,Electric,Automatic,1,East,20250.0,2026-04-10,50
Mercedes-Benz,GLC,2020,66083,Petrol,Automatic,2,North,20900.0,2025-11-18,46
BMW,X5,2018,103986,Petrol,Automatic,2,Central,20650.0,2026-01-08,55
Kia,Forte,2014,108869,Petrol,Automatic,2,North,3100.0,2026-03-14,13
Volkswagen,Golf,2021,42276,Petrol,Automatic,1,East,16500.0,2026-09-11,23
Mazda,Mazda3,2024,3826,Hybrid,Automatic,1,North,26800.0,2026-06-10,29
BMW,M3,2022,38769,Diesel,Automatic,1,South,52250.0,2026-01-07,30
Subaru,Forester,2013,134827,Hybrid,Automatic,1,North,3350.0,2026-03-31,56
Honda,Accord,2013,130139,Petrol,Automatic,2,West,4700.0,2026-08-17,61
Tesla,Model S,2019,98301,Electric,Automatic,1,West,38850.0,2025-11-26,42
BMW,5 Series,2019,50071,Hybrid,Manual,1,West,19400.0,2026-07-28,15
Toyota,Highlander,2012,237132,Hybrid,Automatic,1,Central,4950.0,2026-01-09,36
Ford,Mustang,2023,8368,Petrol,Automatic,1,North,29550.0,2025-10-22,6
Honda,Civic,2015,117877,Hybrid,Manual,3,Central,5200.0,2026-02-09,8
Honda,Accord,2014,97267,Petrol,Automatic,1,Metro,7300.0,2026-05-28,67
BMW,X5,2021,45298,Petrol,Automatic,1,North,39500.0,2026-02-07,34
Mazda,Mazda3,2017,107760,Petrol,Manual,2,East,6650.0,2025-12-29,31
Ford,Escape,2019,40513,Petrol,Automatic,1,South,13650.0,2026-04-19,11
Toyota,Tacoma,2013,225485,Hybrid,Manual,1,East,4900.0,2026-08-26,79
Toyota,Corolla,2020,61630,Hybrid,Automatic,1,South,13900.0,2026-03-19,18
Ford,F-150,2021,22408,Petrol,Automatic,2,West,26300.0,2025-10-22,11
BMW,M3,2020,55432,Petrol,Automatic,2,North,32800.0,2026-05-24,63
Toyota,Camry,2020,32397,Petrol,Automatic,1,West,17550.0,2026-01-13,46
Honda,Pilot,2018,89622,Petrol,Automatic,4,West,16750.0,2025-12-21,32
Ford,Mustang,2018,110114,Petrol,Automatic,3,South,9500.0,2025-10-29,32
Honda,CR-V,2015,174721,Petrol,Automatic,3,East,5950.0,2026-05-29,41
Honda,Civic,2024,3000,Hybrid,Automatic,1,North,24450.0,2025-12-30,26
Chevrolet,Malibu,2024,3000,Petrol,Manual,1,West,26650.0,2026-06-11,4
Tesla,Model X,2020,74740,Electric,Automatic,1,Metro,55900.0,2026-01-05,66
Hyundai,Santa Fe,2022,21858,Petrol,Automatic,1,Metro,26900.0,2026-01-29,44
Ford,Escape,2014,121625,Petrol,Automatic,1,Metro,3750.0,2025-09-18,11
Mazda,Mazda6,2018,67177,Petrol,Automatic,3,South,12150.0,2026-08-03,27
BMW,M3,2015,116307,Petrol,Automatic,1,North,18300.0,2026-09-05,56
Nissan,Rogue,2012,149619,Hybrid,Automatic,1,North,3500.0,2026-03-31,140
BMW,X5,2019,61077,Petrol,Automatic,3,North,22950.0,2025-12-19,36
Audi,Q7,2015,96163,Petrol,Manual,1,Central,10950.0,2025-09-29,42
Ford,F-150,2015,92514,Petrol,Automatic,3,West,6700.0,2026-08-06,24
Ford,Explorer,2018,56097,Petrol,Automatic,1,West,15500.0,2025-11-07,57
Audi,Q5,2017,81653,Petrol,Automatic,4,West,12500.0,2025-10-17,52
Mercedes-Benz,GLE,2024,3000,Petrol,Automatic,1,Central,65650.0,2026-06-04,9
BMW,5 Series,2019,99518,Hybrid,Automatic,1,Metro,25200.0,2026-08-22,20
Ford,Escape,2016,96051,Petrol,Automatic,1,East,7100.0,2025-09-28,62
Toyota,Camry,2021,27660,Petrol,Automatic,1,East,20800.0,2026-01-07,43
Honda,Accord,2021,42420,Diesel,Automatic,1,South,16900.0,2026-02-13,25
Hyundai,Tucson,2019,40928,Hybrid,Automatic,2,East,14850.0,2026-06-17,64
Chevrolet,Equinox,2015,84161,Petrol,Automatic,1,Central,7300.0,2026-04-27,61
Toyota,Corolla,2016,176073,Petrol,Automatic,1,Central,5050.0,2026-07-09,20
Ford,Escape,2013,202008,Hybrid,Automatic,2,Metro,3350.0,2026-05-27,140
Nissan,Rogue,2014,133812,Petrol,Automatic,1,West,3500.0,2026-01-21,96
Ford,F-150,2017,75489,Petrol,Automatic,3,Metro,10800.0,2026-03-14,41
Porsche,Panamera,2022,20965,Petrol,Automatic,1,East,87850.0,2026-08-26,12
Toyota,Camry,2018,79605,Petrol,Manual,1,East,11650.0,2026-06-20,122
Ford,Escape,2023,9058,Petrol,Automatic,1,South,25350.0,2026-03-01,9
Honda,Civic,2024,3000,Petrol,Automatic,1,North,25700.0,2026-03-14,46
Toyota,Corolla,2018,105652,Petrol,Automatic,3,Metro,9400.0,2026-07-07,44
Nissan,Rogue,2017,127943,Petrol,Automatic,2,North,8250.0,2025-11-05,140
Tesla,Model 3,2020,87093,Electric,Automatic,1,West,23050.0,2026-06-01,26
Toyota,Corolla,2022,13695,Petrol,Manual,1,South,17100.0,2025-10-14,31
Mercedes-Benz,E-Class,2013,109782,Electric,Automatic,1,South,10400.0,2026-07-29,53
Tesla,Model X,2021,53199,Electric,Automatic,1,South,59500.0,2026-09-06,23
Ford,Explorer,2021,41244,Petrol,Automatic,1,West,25850.0,2026-03-08,16
Audi,A6,2017,73320,Petrol,Automatic,1,Metro,18550.0,2026-06-26,61
BMW,M3,2022,23946,Electric,Automatic,1,East,58250.0,2025-12-25,16
BMW,X3,2015,90676,Petrol,Automatic,3,South,5900.0,2026-01-31,18
BMW,3 Series,2024,3000,Petrol,Automatic,1,Central,42300.0,2026-06-16,15
Honda,Accord,2023,9378,Hybrid,Automatic,1,North,27750.0,2026-05-20,29
Audi,Q7,2019,77342,Petrol,Automatic,1,North,23150.0,2025-12-31,22
Subaru,Crosstrek,2023,14645,Petrol,Automatic,2,West,22100.0,2026-05-09,11
Audi,A6,2020,41516,Petrol,Automatic,2,North,29600.0,2026-04-06,86
Nissan,Altima,2019,42329,Petrol,Manual,3,East,9550.0,2026-06-12,31
Audi,Q7,2021,35372,Petrol,Automatic,1,East,39000.0,2025-10-24,54
Audi,Q7,2016,100417,Petrol,Automatic,2,West,13900.0,2026-04-17,63
Kia,Telluride,2024,3000,Petrol,Automatic,1,Central,36500.0,2026-05-07,23
Audi,A4,2019,70222,Petrol,Automatic,1,South,15700.0,2026-08-05,19
Volkswagen,Golf,2019,55839,Hybrid,Manual,1,South,10650.0,2026-05-22,40
Chevrolet,Tahoe,2018,83210,Petrol,Automatic,2,East,19200.0,2026-08-05,36
Toyota,Corolla,2018,61428,Petrol,Automatic,2,West,9650.0,2026-03-16,46
Ford,F-150,2024,3000,Diesel,Automatic,1,North,35500.0,2025-11-28,57
BMW,M3,2023,19905,Hybrid,Automatic,1,South,62100.0,2026-06-22,10
Tesla,Model X,2016,102040,Electric,Automatic,4,Central,24000.0,2026-03-05,26
Ford,Explorer,2020,40412,Petrol,Automatic,1,Metro,20750.0,2026-04-16,30
Toyota,Camry,2020,75554,Petrol,Manual,2,Metro,14200.0,2026-02-11,63
Toyota,Corolla,2023,23020,Petrol,Automatic,1,Central,19000.0,2025-10-17,15
Honda,Accord,2014,177256,Diesel,Automatic,3,Metro,5050.0,2025-10-01,53
Mazda,CX-9,2024,3000,Petrol,Automatic,1,East,40200.0,2025-12-25,38
BMW,5 Series,2022,34737,Petrol,Automatic,1,Central,38550.0,2026-02-23,19
Tesla,Model X,2024,3000,Electric,Automatic,1,North,88700.0,2025-11-19,21
Kia,Optima,2022,54639,Petrol,Manual,1,Central,15000.0,2026-02-09,31
Volkswagen,Passat,2022,21925,Petrol,Automatic,1,Central,19500.0,2025-10-01,18
Hyundai,Tucson,2022,24688,Petrol,Manual,1,South,18300.0,2026-07-15,15
Nissan,Pathfinder,2018,62761,Petrol,Automatic,3,Metro,12300.0,2026-08-19,107
Toyota,Highlander,2019,49347,Diesel,Automatic,2,East,21850.0,2025-11-22,20
BMW,X3,2024,3000,Petrol,Manual,1,South,49000.0,2026-09-09,21
Toyota,Highlander,2024,3000,Hybrid,Manual,1,Metro,41050.0,2026-02-08,38
Honda,Pilot,2016,99957,Hybrid,Automatic,3,South,12350.0,2026-03-25,13
Ford,Explorer,2018,98234,Petrol,Manual,4,East,14650.0,2025-09-25,36
Honda,Accord,2021,34959,Petrol,Manual,2,Metro,18050.0,2026-08-19,15
Mazda,Mazda3,2022,43857,Petrol,Automatic,1,West,20000.0,2026-04-02,10
Mercedes-Benz,C-Class,2019,108096,Petrol,Manual,2,West,14800.0,2026-03-29,38
Ford,Escape,2019,102827,Petrol,Automatic,1,East,12000.0,2026-01-05,18
Toyota,RAV4,2012,191608,Petrol,Automatic,4,Metro,3600.0,2025-10-18,130
Ford,Escape,2012,117793,Petrol,Automatic,1,East,3350.0,2026-05-13,58
Mercedes-Benz,E-Class,2015,126942,Petrol,Automatic,2,Metro,9200.0,2026-05-16,33
Subaru,Impreza,2013,190289,Petrol,Automatic,1,Central,2750.0,2025-12-24,140
Ford,Escape,2016,81052,Hybrid,Automatic,2,South,5500.0,2025-11-18,41
Mercedes-Benz,E-Class,2017,66397,Petrol,Automatic,4,Metro,13500.0,2026-02-05,36
Mercedes-Benz,E-Class,2024,3000,Petrol,Automatic,1,Metro,65250.0,2025-10-05,18
Honda,CR-V,2021,65708,Petrol,Automatic,3,North,19650.0,2026-04-20,19
Hyundai,Tucson,2018,98819,Petrol,Automatic,2,North,10300.0,2026-01-31,53
Porsche,Cayenne,2017,73956,Petrol,Manual,3,East,36550.0,2026-07-22,41
Volkswagen,Golf,2021,46020,Hybrid,Automatic,1,North,15200.0,2025-11-08,35
Mazda,CX-9,2019,110416,Petrol,Automatic,1,East,18850.0,2026-02-12,49
Chevrolet,Silverado,2013,105384,Petrol,Automatic,3,East,5350.0,2026-08-17,32
BMW,X3,2023,16000,Diesel,Automatic,1,North,39500.0,2025-11-03,25
Honda,Civic,2014,128922,Petrol,Manual,2,West,3150.0,2026-01-27,21
Volkswagen,Tiguan,2013,210204,Petrol,Manual,2,Central,3600.0,2026-05-01,140
Honda,Accord,2021,37643,Petrol,Automatic,2,North,19500.0,2026-01-03,43
Mercedes-Benz,GLC,2014,189282,Hybrid,Automatic,2,South,6000.0,2026-07-20,140
Honda,CR-V,2019,74691,Diesel,Automatic,2,West,12600.0,2026-09-03,32
Chevrolet,Malibu,2019,46664,Petrol,Automatic,1,Central,10250.0,2026-05-13,58
Kia,Optima,2017,129405,Petrol,Automatic,4,East,4650.0,2025-12-18,14
Honda,CR-V,2021,42884,Petrol,Automatic,1,Central,20850.0,2026-07-15,56
Honda,CR-V,2013,181241,Petrol,Manual,1,Metro,3700.0,2025-09-20,53
Hyundai,Elantra,2016,98318,Petrol,Automatic,2,Central,4700.0,2026-03-09,12
Honda,Civic,2022,29135,Petrol,Automatic,1,South,20300.0,2026-05-30,19
Honda,Pilot,2021,41399,Petrol,Automatic,2,Metro,27400.0,2026-08-24,33
Toyota,Highlander,2021,47503,Hybrid,Automatic,1,Metro,30350.0,2025-12-14,11
Volkswagen,Jetta,2024,3913,Petrol,Automatic,1,North,22100.0,2026-08-21,16
Honda,Accord,2012,245130,Petrol,Automatic,2,West,3500.0,2026-02-02,140
Tesla,Model S,2017,112975,Electric,Automatic,1,Metro,28600.0,2025-10-20,28
Toyota,Highlander,2024,3000,Hybrid,Automatic,1,West,42500.0,2025-10-12,29
Porsche,Macan,2015,64848,Petrol,Automatic,1,West,29750.0,2026-06-24,55
Hyundai,Tucson,2020,67337,Petrol,Automatic,3,West,14550.0,2025-11-08,11
Ford,F-150,2012,318898,Diesel,Manual,4,North,4550.0,2026-09-03,140
Honda,Pilot,2013,268476,Petrol,Automatic,2,East,4700.0,2025-11-16,77
Mercedes-Benz,GLC,2019,46414,Petrol,Automatic,2,South,20150.0,2026-07-13,81
Honda,Accord,2018,135970,Petrol,Automatic,4,East,9050.0,2026-03-09,13
Audi,A6,2015,100500,Petrol,Automatic,1,Metro,15750.0,2026-04-19,140
Tesla,Model S,2021,49376,Electric,Automatic,1,Metro,58350.0,2026-08-04,53
Volkswagen,Passat,2021,54881,Diesel,Automatic,1,Metro,17800.0,2026-08-23,25
Honda,CR-V,2017,105301,Hybrid,Automatic,3,North,11100.0,2026-01-31,47
Audi,A4,2024,3000,Petrol,Automatic,1,Metro,42750.0,2025-10-06,37
Audi,Q7,2014,115419,Hybrid,Automatic,2,East,10750.0,2025-11-17,57
Toyota,RAV4,2023,15914,Hybrid,Automatic,1,South,26850.0,2026-01-22,27
Mercedes-Benz,E-Class,2021,34699,Petrol,Automatic,1,North,33700.0,2026-08-16,59
BMW,5 Series,2024,3000,Petrol,Manual,1,North,56850.0,2025-10-02,55
Toyota,Corolla,2016,122629,Petrol,Automatic,2,South,5750.0,2025-11-05,35
Mercedes-Benz,GLC,2022,48131,Petrol,Automatic,2,Metro,33650.0,2025-11-16,23
BMW,5 Series,2013,229430,Petrol,Automatic,2,East,6950.0,2026-05-03,140
Tesla,Model S,2016,78943,Electric,Automatic,1,East,18800.0,2026-08-04,22
Toyota,RAV4,2016,94686,Petrol,Automatic,3,East,10300.0,2025-10-19,29
Toyota,Tacoma,2024,3000,Petrol,Manual,1,East,32200.0,2025-12-28,41
Ford,Mustang,2013,226124,Petrol,Automatic,2,East,4100.0,2026-03-07,114
Mercedes-Benz,C-Class,2016,95104,Diesel,Manual,2,East,10050.0,2026-01-12,140
Volkswagen,Tiguan,2024,3000,Petrol,Automatic,1,West,30500.0,2026-06-24,25
Ford,Escape,2017,92699,Diesel,Automatic,2,East,7950.0,2025-10-25,26
Honda,CR-V,2015,105480,Hybrid,Automatic,3,West,8350.0,2026-07-24,36
Ford,Explorer,2017,99612,Diesel,Automatic,2,South,9250.0,2025-11-29,11
Tesla,Model 3,2016,84814,Electric,Automatic,2,East,10250.0,2026-01-08,25
Nissan,Altima,2013,140024,Petrol,Automatic,2,North,3250.0,2026-03-17,140
BMW,X3,2013,189758,Petrol,Automatic,1,North,5900.0,2026-05-19,140
Mazda,Mazda6,2020,59633,Petrol,Automatic,1,East,17500.0,2026-05-26,26
Audi,A6,2024,3000,Petrol,Automatic,1,South,59000.0,2025-10-09,16
Honda,CR-V,2024,3000,Petrol,Automatic,1,East,30900.0,2026-08-20,37
Chevrolet,Equinox,2024,3000,Petrol,Automatic,1,Metro,30000.0,2026-07-22,23
Ford,Explorer,2019,46226,Petrol,Automatic,2,South,18600.0,2026-02-21,43
Toyota,RAV4,2018,121428,Petrol,Automatic,1,South,11600.0,2025-09-19,10
Mazda,Mazda3,2022,35206,Diesel,Automatic,1,South,17050.0,2025-11-14,9
Honda,Accord,2021,50867,Petrol,Automatic,1,East,17650.0,2025-11-05,5
BMW,3 Series,2019,53186,Petrol,Automatic,1,North,15850.0,2025-11-08,12
Ford,Mustang,2020,42454,Diesel,Automatic,1,West,17950.0,2025-11-21,37
Ford,Escape,2018,58789,Petrol,Automatic,1,South,10500.0,2026-08-07,21
Toyota,Corolla,2016,78767,Petrol,Automatic,2,Central,7300.0,2026-07-09,114
Honda,Pilot,2020,33185,Petrol,Manual,1,South,21100.0,2025-09-26,27
Hyundai,Sonata,2024,3000,Petrol,Automatic,2,Metro,27450.0,2026-09-04,23
Mazda,CX-5,2021,32519,Hybrid,Automatic,1,Central,21150.0,2026-03-29,17
Mercedes-Benz,GLE,2019,96750,Petrol,Automatic,1,East,26600.0,2026-04-07,30
Tesla,Model Y,2021,55050,Electric,Automatic,1,West,30550.0,2026-07-29,6
Hyundai,Elantra,2017,73758,Hybrid,Automatic,2,Central,7350.0,2025-12-09,47
Honda,Accord,2021,53217,Petrol,Manual,1,Central,17650.0,2026-09-01,39
Ford,Escape,2022,20844,Diesel,Automatic,1,North,18100.0,2025-09-30,17
Audi,Q5,2020,66238,Petrol,Automatic,1,West,23650.0,2025-12-22,26
Mazda,CX-5,2015,128667,Petrol,Automatic,3,South,9000.0,2026-06-06,32
Ford,Explorer,2019,73242,Petrol,Automatic,2,West,15950.0,2026-07-31,38
Toyota,Corolla,2024,3000,Petrol,Automatic,1,South,22100.0,2026-04-22,23
Volkswagen,Passat,2017,108735,Diesel,Automatic,2,North,6500.0,2026-07-28,25
Volkswagen,Jetta,2015,88451,Hybrid,Automatic,4,North,3400.0,2026-02-15,35
Toyota,RAV4,2024,3484,Hybrid,Automatic,1,South,30800.0,2026-02-12,27
Subaru,Outback,2016,76338,Petrol,Automatic,2,South,7900.0,2026-03-24,24
Toyota,Corolla,2022,31427,Petrol,Automatic,1,South,16250.0,2026-08-26,15
Hyundai,Sonata,2021,42207,Petrol,Automatic,1,East,17450.0,2025-10-31,48
Toyota,Tacoma,2023,11820,Petrol,Manual,2,South,28200.0,2025-10-03,17
Audi,A6,2018,60042,Petrol,Automatic,2,Central,18100.0,2025-10-28,19
BMW,3 Series,2020,51586,Petrol,Automatic,2,North,22400.0,2025-10-09,47
Tesla,Model 3,2024,3000,Electric,Automatic,1,West,45200.0,2025-11-15,21
Ford,F-150,2018,100095,Petrol,Automatic,2,Metro,14600.0,2026-06-05,50
Ford,Mustang,2024,3000,Hybrid,Automatic,1,East,35100.0,2026-03-03,42
Chevrolet,Tahoe,2023,8945,Petrol,Manual,1,East,49250.0,2026-04-09,20
Hyundai,Sonata,2018,112251,Petrol,Manual,1,North,8350.0,2025-12-22,37
Mercedes-Benz,E-Class,2016,98474,Petrol,Automatic,2,Central,9350.0,2026-01-31,32
Hyundai,Elantra,2015,134883,Hybrid,Manual,1,Central,2650.0,2026-06-22,29
Toyota,Highlander,2019,49043,Petrol,Automatic,1,East,22250.0,2025-12-13,47
Audi,A6,2014,139660,Hybrid,Automatic,1,West,10250.0,2026-06-15,20
BMW,X3,2019,54174,Hybrid,Automatic,2,South,20350.0,2026-07-13,39
BMW,X5,2023,13587,Diesel,Automatic,1,North,53350.0,2026-06-15,11
BMW,M3,2018,48483,Petrol,Automatic,2,Central,26300.0,2026-02-25,30
Toyota,RAV4,2013,259566,Petrol,Automatic,3,West,3600.0,2026-06-13,14
Ford,F-150,2022,23460,Hybrid,Manual,1,West,29950.0,2026-02-05,45
Volkswagen,Passat,2023,12154,Petrol,Manual,1,South,23850.0,2026-03-21,36
Volkswagen,Passat,2018,87828,Petrol,Automatic,1,South,10850.0,2025-11-05,21
Honda,Accord,2013,113267,Hybrid,Automatic,2,East,4650.0,2026-04-12,33
Ford,Escape,2021,47543,Petrol,Automatic,2,North,16700.0,2026-02-03,40
BMW,M3,2016,78166,Petrol,Automatic,4,Central,13350.0,2026-05-08,34
Honda,CR-V,2022,31096,Petrol,Automatic,1,Metro,25400.0,2026-02-12,35
Porsche,Cayenne,2012,419629,Petrol,Automatic,2,North,15300.0,2026-01-24,78
Porsche,Macan,2018,126461,Petrol,Automatic,1,North,32600.0,2025-11-29,50
Mercedes-Benz,C-Class,2022,11830,Petrol,Automatic,1,East,33650.0,2026-03-31,44
BMW,X5,2015,139706,Petrol,Automatic,3,Metro,8050.0,2026-06-21,11
BMW,M3,2013,194024,Petrol,Automatic,3,North,9350.0,2026-04-06,140
Mercedes-Benz,GLE,2024,3000,Petrol,Automatic,2,South,61300.0,2026-05-03,15
Audi,Q7,2016,128201,Hybrid,Automatic,3,North,13400.0,2026-01-26,30
Ford,Explorer,2024,3000,Petrol,Manual,1,Central,35900.0,2025-11-29,34
Ford,Escape,2014,80471,Diesel,Automatic,2,South,5250.0,2025-12-11,44
Chevrolet,Silverado,2022,23245,Petrol,Manual,1,Metro,28200.0,2026-01-18,22
Toyota,Tacoma,2020,28232,Petrol,Automatic,2,Central,22200.0,2025-09-28,84
Audi,A4,2019,67375,Petrol,Automatic,1,North,17650.0,2026-05-31,24
Toyota,Camry,2020,89306,Hybrid,Automatic,1,North,14250.0,2026-02-13,50
Toyota,Tacoma,2016,159100,Hybrid,Automatic,2,North,10000.0,2026-03-10,14
Tesla,Model Y,2020,44425,Electric,Automatic,1,West,25150.0,2025-11-22,39
Hyundai,Santa Fe,2021,51778,Petrol,Automatic,1,Central,20700.0,2026-08-23,36
Toyota,Tacoma,2023,9682,Petrol,Manual,2,Central,25450.0,2026-04-08,16
Ford,Explorer,2017,77025,Hybrid,Automatic,1,Metro,12450.0,2026-08-29,25
Tesla,Model X,2022,35718,Electric,Automatic,1,Central,62500.0,2025-10-25,25
BMW,3 Series,2023,11078,Electric,Automatic,1,West,42100.0,2026-03-30,26
Toyota,RAV4,2024,3000,Petrol,Automatic,1,South,29350.0,2026-06-15,22
Kia,Optima,2019,55603,Petrol,Automatic,1,North,12000.0,2026-05-02,33
Toyota,Tacoma,2019,57195,Petrol,Automatic,1,North,17250.0,2025-12-19,19
Honda,Civic,2017,146264,Hybrid,Automatic,2,North,5850.0,2026-01-07,10
Mercedes-Benz,C-Class,2024,3000,Petrol,Automatic,1,South,49750.0,2026-04-06,8
Ford,F-150,2018,58201,Petrol,Automatic,2,West,15250.0,2026-03-31,79
Nissan,Rogue,2014,80643,Petrol,Automatic,2,South,4950.0,2025-10-11,57
Volkswagen,Passat,2016,131190,Petrol,Automatic,1,North,5200.0,2025-10-23,58
Kia,Optima,2023,9156,Hybrid,Automatic,1,West,22100.0,2026-02-02,22
Volkswagen,Tiguan,2016,78603,Petrol,Automatic,3,Metro,6850.0,2026-03-21,29
BMW,3 Series,2024,3000,Petrol,Automatic,1,South,44100.0,2026-01-05,18
Mazda,CX-9,2024,3000,Petrol,Automatic,1,South,38650.0,2026-03-16,12
Toyota,Tacoma,2024,3000,Hybrid,Automatic,1,South,37350.0,2026-06-27,41
BMW,M3,2012,191842,Electric,Automatic,2,East,9350.0,2026-02-26,133
BMW,X3,2015,88885,Petrol,Automatic,2,Metro,7200.0,2025-12-21,19
Kia,Telluride,2012,229889,Petrol,Automatic,2,South,4550.0,2025-12-31,38
Honda,Pilot,2019,78678,Hybrid,Automatic,2,Central,18350.0,2026-02-26,22
Toyota,Corolla,2014,189162,Petrol,Automatic,2,North,3450.0,2025-11-03,90
Ford,Mustang,2021,40477,Hybrid,Manual,1,South,20300.0,2026-04-27,44
BMW,M3,2023,19919,Hybrid,Manual,1,South,69350.0,2026-08-21,39
Toyota,Tacoma,2019,52653,Petrol,Automatic,2,South,18400.0,2026-05-13,22
BMW,3 Series,2023,13531,Petrol,Automatic,1,Metro,40350.0,2025-10-31,12
Kia,Telluride,2015,151469,Petrol,Automatic,2,East,12100.0,2025-12-19,86
Toyota,RAV4,2019,80667,Petrol,Automatic,1,West,14950.0,2026-04-05,27
Ford,F-150,2013,196484,Petrol,Automatic,2,Central,5050.0,2025-10-23,44
Audi,Q7,2022,14243,Petrol,Automatic,1,Metro,50250.0,2026-03-21,36
BMW,X5,2018,109251,Petrol,Automatic,3,Central,17450.0,2026-07-01,17
Ford,Mustang,2013,194806,Petrol,Automatic,3,North,4100.0,2026-02-06,65
Hyundai,Sonata,2016,126037,Petrol,Automatic,2,West,6700.0,2025-12-05,98
Hyundai,Elantra,2019,65124,Petrol,Automatic,1,West,9900.0,2025-09-26,22
Nissan,Altima,2018,103646,Petrol,Automatic,2,Metro,8850.0,2025-12-22,42
Audi,Q5,2013,120859,Hybrid,Automatic,2,North,5950.0,2026-04-19,140
Mercedes-Benz,GLE,2016,108224,Electric,Manual,3,Central,16300.0,2026-03-31,52
Volkswagen,Jetta,2019,67372,Petrol,Automatic,1,Metro,9800.0,2026-01-01,29
Mercedes-Benz,GLE,2017,76336,Petrol,Automatic,4,South,15300.0,2026-04-01,52
Mercedes-Benz,GLE,2018,136780,Electric,Automatic,2,West,23250.0,2025-09-23,51
Toyota,Camry,2012,224985,Hybrid,Manual,2,West,3250.0,2026-02-11,140
Tesla,Model S,2019,48199,Electric,Automatic,2,Metro,40500.0,2025-12-26,18
Chevrolet,Malibu,2022,29887,Petrol,Automatic,1,Central,18950.0,2025-09-16,61
Toyota,Camry,2017,104918,Petrol,Automatic,1,Central,11650.0,2026-01-05,25
Tesla,Model S,2024,3000,Electric,Automatic,1,Metro,92100.0,2025-10-05,46
Mercedes-Benz,E-Class,2022,23600,Petrol,Manual,1,Metro,39500.0,2025-10-13,23
Toyota,Highlander,2019,62619,Petrol,Automatic,1,East,24050.0,2026-03-31,79
Volkswagen,Golf,2016,165324,Petrol,Automatic,2,East,3600.0,2026-03-13,67
Hyundai,Sonata,2021,29261,Petrol,Manual,2,South,13500.0,2026-02-10,12
Ford,Explorer,2015,63757,Diesel,Automatic,3,North,8200.0,2025-09-30,64
Kia,Forte,2014,106859,Petrol,Automatic,2,West,2700.0,2025-11-12,26
Nissan,Sentra,2019,57396,Petrol,Automatic,2,Central,8900.0,2025-09-26,25
Hyundai,Tucson,2024,3000,Petrol,Manual,1,North,26150.0,2026-02-10,17
Toyota,Corolla,2014,90009,Hybrid,Automatic,3,South,4250.0,2025-10-30,24
BMW,3 Series,2015,90149,Petrol,Manual,3,West,5400.0,2026-05-06,38
Subaru,Outback,2019,67610,Petrol,Automatic,1,South,16500.0,2026-08-10,10
Nissan,Sentra,2024,3000,Petrol,Automatic,1,West,22150.0,2026-02-28,30
Honda,Pilot,2015,104562,Petrol,Automatic,1,South,11250.0,2026-07-16,26
Nissan,Rogue,2023,8226,Petrol,Automatic,1,Metro,27100.0,2026-04-02,54
Chevrolet,Silverado,2013,89983,Petrol,Automatic,1,South,4900.0,2025-11-14,32
Toyota,Tacoma,2022,22001,Petrol,Manual,1,Central,23300.0,2026-01-13,43
Mazda,Mazda3,2019,74909,Hybrid,Automatic,1,West,13200.0,2026-04-16,7
Toyota,Highlander,2014,148909,Petrol,Automatic,3,North,10800.0,2025-12-23,48
Porsche,Macan,2019,52321,Petrol,Automatic,1,West,37900.0,2026-05-08,47
Mazda,Mazda3,2012,117590,Petrol,Automatic,3,South,3000.0,2025-10-03,68
Audi,A4,2016,162742,Petrol,Automatic,2,East,7650.0,2025-12-03,57
Toyota,RAV4,2012,94193,Petrol,Automatic,2,South,5650.0,2026-06-25,16
Toyota,Corolla,2014,166743,Hybrid,Automatic,3,North,3850.0,2026-03-13,124
Volkswagen,Tiguan,2020,47719,Hybrid,Automatic,2,Metro,15450.0,2026-08-31,22
Tesla,Model Y,2012,149136,Electric,Automatic,3,East,5750.0,2025-12-20,140
Honda,Civic,2020,50375,Petrol,Automatic,1,East,13650.0,2025-12-18,34
Audi,A4,2021,41752,Petrol,Automatic,2,Metro,24550.0,2026-03-26,14
Toyota,Highlander,2019,54860,Petrol,Automatic,1,West,24700.0,2025-09-24,31
Toyota,Highlander,2019,83580,Petrol,Automatic,1,South,21900.0,2026-04-25,17
Honda,Civic,2023,10852,Petrol,Automatic,1,Metro,23500.0,2026-05-10,36
Toyota,Corolla,2019,75429,Petrol,Automatic,1,South,12350.0,2026-03-22,47
Honda,Civic,2023,12429,Petrol,Automatic,2,South,19900.0,2026-07-30,34
Nissan,Altima,2023,11179,Electric,Automatic,1,South,23850.0,2025-11-05,23
Volkswagen,Tiguan,2014,153028,Petrol,Automatic,3,North,3600.0,2026-07-20,31
Ford,F-150,2018,55659,Petrol,Manual,3,West,14100.0,2026-03-24,19
Hyundai,Tucson,2023,18134,Petrol,Automatic,1,Central,21950.0,2026-03-21,17
Toyota,Tacoma,2023,16702,Petrol,Automatic,1,South,28700.0,2025-09-24,24
Ford,F-150,2013,250821,Petrol,Manual,3,Central,4550.0,2026-03-15,140
Toyota,Corolla,2021,47621,Petrol,Automatic,1,East,16250.0,2025-09-18,28
Subaru,Outback,2015,84523,Petrol,Automatic,1,West,7800.0,2025-12-08,17
Chevrolet,Tahoe,2022,30624,Petrol,Manual,1,South,41850.0,2026-02-07,48
Chevrolet,Malibu,2022,18159,Petrol,Automatic,1,Metro,19850.0,2025-12-07,8
Ford,Explorer,2013,173060,Petrol,Automatic,2,Central,4550.0,2025-11-16,94
Hyundai,Elantra,2023,7981,Petrol,Automatic,2,South,18650.0,2026-09-05,43
Volkswagen,Jetta,2022,19745,Diesel,Automatic,1,Central,17050.0,2026-06-09,44
Toyota,RAV4,2017,64420,Hybrid,Automatic,2,Metro,13500.0,2026-01-07,69
Ford,F-150,2016,130941,Diesel,Automatic,1,Central,11200.0,2026-01-20,43
Hyundai,Tucson,2019,124977,Petrol,Manual,1,South,10050.0,2026-02-17,80
Honda,Accord,2022,23993,Petrol,Automatic,2,East,21700.0,2026-04-30,24
Nissan,Pathfinder,2024,3000,Petrol,Manual,1,West,38350.0,2026-02-27,14
Tesla,Model X,2016,174489,Electric,Automatic,1,Metro,26400.0,2026-05-18,64
Toyota,Corolla,2017,67683,Hybrid,Automatic,1,South,9900.0,2026-01-03,44
Kia,Sportage,2017,100170,Petrol,Automatic,1,East,8900.0,2026-08-13,13
Volkswagen,Tiguan,2017,98529,Hybrid,Automatic,4,South,8600.0,2026-02-12,16
Ford,F-150,2023,10396,Petrol,Automatic,1,North,33000.0,2025-10-22,18
Honda,Accord,2016,79982,Petrol,Automatic,2,South,8750.0,2025-09-27,24
Hyundai,Sonata,2017,116561,Petrol,Automatic,2,South,6450.0,2026-08-24,11
Toyota,RAV4,2015,116386,Petrol,Automatic,3,Metro,6750.0,2026-05-29,67
Honda,Pilot,2013,234358,Petrol,Automatic,3,West,5600.0,2026-07-10,47
Ford,Mustang,2023,19200,Petrol,Automatic,2,South,28750.0,2026-04-04,22
BMW,5 Series,2021,42302,Petrol,Automatic,1,South,29450.0,2025-10-12,13
Hyundai,Sonata,2013,171118,Petrol,Manual,2,South,3100.0,2025-12-25,140
BMW,X3,2023,14045,Diesel,Automatic,1,East,39450.0,2026-06-11,31
Ford,F-150,2015,84516,Petrol,Automatic,2,East,8300.0,2025-12-09,27
Hyundai,Sonata,2020,53908,Petrol,Manual,1,East,13200.0,2026-06-09,27
Mercedes-Benz,GLC,2022,23960,Hybrid,Automatic,1,Metro,36300.0,2025-12-06,49
Kia,Forte,2013,96255,Petrol,Automatic,2,West,2500.0,2025-12-06,24
BMW,5 Series,2020,41430,Hybrid,Automatic,2,East,28550.0,2025-11-22,21
Honda,Pilot,2018,97404,Petrol,Automatic,3,South,16500.0,2025-12-21,23
Hyundai,Sonata,2022,27435,Diesel,Manual,1,East,18400.0,2026-02-12,34
Audi,Q5,2021,37228,Petrol,Automatic,1,South,23600.0,2026-01-10,15
Honda,Civic,2014,168734,Petrol,Automatic,1,East,3350.0,2025-12-02,38
Hyundai,Santa Fe,2016,167369,Hybrid,Automatic,3,Central,8550.0,2025-09-21,9
Toyota,Tacoma,2018,56726,Hybrid,Automatic,2,North,17000.0,2026-01-01,29
Chevrolet,Tahoe,2022,16940,Petrol,Automatic,1,Central,40350.0,2026-07-26,22
Hyundai,Sonata,2017,94785,Hybrid,Manual,3,Central,7400.0,2026-09-13,15
Ford,Mustang,2020,50614,Petrol,Automatic,1,North,19750.0,2026-03-03,25
Subaru,Forester,2020,53796,Petrol,Automatic,3,East,13800.0,2026-08-26,23
Ford,Mustang,2022,29134,Diesel,Automatic,1,Metro,26350.0,2026-03-16,27
Mercedes-Benz,C-Class,2017,106118,Hybrid,Automatic,2,West,9950.0,2025-11-19,34
Volkswagen,Passat,2019,63653,Petrol,Automatic,1,Central,11750.0,2026-03-22,55
Volkswagen,Passat,2021,32749,Petrol,Manual,3,West,16850.0,2026-03-02,60
Ford,Escape,2018,101805,Electric,Automatic,1,West,11150.0,2026-05-10,30
Ford,Escape,2020,46154,Petrol,Automatic,2,South,13850.0,2025-12-01,43
Toyota,RAV4,2013,256346,Hybrid,Automatic,3,North,3600.0,2026-02-04,140
BMW,M3,2021,28959,Hybrid,Manual,1,East,52200.0,2026-06-07,9
Toyota,Corolla,2023,10528,Petrol,Automatic,2,East,19750.0,2026-01-25,52
BMW,X5,2015,113952,Petrol,Automatic,1,North,10950.0,2026-02-09,38
Porsche,911,2024,3000,Hybrid,Manual,1,West,126850.0,2025-10-09,7
BMW,5 Series,2024,3000,Petrol,Automatic,2,East,57550.0,2026-06-11,21
Mercedes-Benz,GLE,2020,72143,Petrol,Manual,1,Central,26900.0,2026-07-16,31
Hyundai,Elantra,2020,54559,Petrol,Automatic,2,Metro,10750.0,2025-11-12,36
Ford,Escape,2022,26021,Petrol,Automatic,2,Central,21050.0,2026-03-06,15
Audi,Q5,2023,10224,Petrol,Automatic,1,East,42150.0,2026-02-14,18
Kia,Sportage,2024,3000,Petrol,Automatic,1,South,25750.0,2025-09-19,47
Tesla,Model 3,2013,120138,Electric,Automatic,2,Metro,5600.0,2026-03-08,15
Hyundai,Tucson,2024,3000,Hybrid,Automatic,1,Central,27450.0,2026-01-21,49
Ford,F-150,2022,32548,Petrol,Automatic,1,West,29950.0,2026-07-05,26
Mercedes-Benz,C-Class,2016,135429,Diesel,Automatic,1,Metro,5650.0,2026-04-03,62
Toyota,Highlander,2022,29036,Hybrid,Automatic,1,Central,30550.0,2026-06-09,48
Toyota,Camry,2021,44128,Petrol,Automatic,3,Central,18000.0,2026-03-14,43
Ford,F-150,2019,123466,Diesel,Automatic,1,North,13800.0,2025-12-21,19
Hyundai,Tucson,2020,64773,Hybrid,Manual,1,Metro,16550.0,2025-12-06,25
Mazda,CX-5,2023,14024,Petrol,Automatic,1,West,28300.0,2025-11-17,19
Audi,Q7,2021,34776,Petrol,Automatic,2,East,40100.0,2026-02-19,48
Ford,F-150,2019,91596,Hybrid,Automatic,1,East,16100.0,2025-10-02,7
BMW,5 Series,2018,79477,Petrol,Automatic,2,North,15800.0,2026-06-12,35
Kia,Telluride,2015,76451,Petrol,Automatic,2,West,8850.0,2026-03-06,30
Toyota,Highlander,2018,60565,Diesel,Manual,2,North,15650.0,2025-09-27,9
Ford,F-150,2023,12432,Petrol,Manual,1,North,30900.0,2026-05-27,17
Hyundai,Tucson,2024,3000,Petrol,Automatic,1,Central,26100.0,2026-04-22,7
Ford,Mustang,2012,113533,Petrol,Automatic,1,East,5650.0,2025-10-03,78
Toyota,Corolla,2020,55545,Petrol,Automatic,1,West,13100.0,2025-09-27,7
Toyota,Highlander,2014,149761,Hybrid,Automatic,3,West,9550.0,2025-12-21,58
Ford,Escape,2012,136038,Petrol,Automatic,3,Metro,3350.0,2025-12-03,115
Ford,Escape,2020,46281,Petrol,Automatic,3,South,12600.0,2026-03-09,34
BMW,5 Series,2024,3000,Petrol,Automatic,1,North,56150.0,2026-03-16,21
Toyota,Tacoma,2019,42442,Petrol,Automatic,2,Metro,19100.0,2026-04-17,46
Toyota,Tacoma,2013,150735,Hybrid,Automatic,4,South,3950.0,2025-12-31,20
Toyota,RAV4,2015,122609,Petrol,Automatic,3,North,6750.0,2026-09-04,6
Tesla,Model 3,2024,3000,Electric,Automatic,2,East,41850.0,2026-07-15,24
Chevrolet,Silverado,2021,48839,Petrol,Manual,1,West,22900.0,2026-02-06,33
Honda,Accord,2022,23483,Petrol,Automatic,1,Metro,24300.0,2026-01-22,29
Toyota,Corolla,2024,3335,Petrol,Automatic,1,Metro,23550.0,2026-08-22,34
Tesla,Model X,2018,77451,Electric,Automatic,3,South,33950.0,2026-02-05,67
Mercedes-Benz,C-Class,2016,103074,Petrol,Automatic,3,South,9700.0,2026-01-28,131
Mercedes-Benz,C-Class,2022,35233,Petrol,Automatic,1,South,32700.0,2026-02-16,23
Tesla,Model Y,2013,200744,Electric,Automatic,2,East,5750.0,2025-09-21,50
Honda,CR-V,2017,61336,Petrol,Automatic,3,Metro,13250.0,2026-01-15,18
Toyota,Tacoma,2022,17503,Hybrid,Automatic,2,South,25200.0,2025-10-31,9
Ford,Mustang,2023,18833,Petrol,Automatic,2,East,28750.0,2026-06-08,26
Audi,Q7,2015,104389,Diesel,Automatic,1,Metro,11950.0,2025-09-21,15
Honda,Accord,2020,56099,Petrol,Automatic,2,Metro,18300.0,2026-08-28,36
Honda,Civic,2020,46810,Hybrid,Automatic,1,Central,14500.0,2026-06-16,12
Volkswagen,Tiguan,2022,59630,Diesel,Automatic,1,West,19800.0,2025-10-04,11
Porsche,Macan,2024,3000,Petrol,Automatic,1,Central,67050.0,2026-03-21,37
Mercedes-Benz,GLE,2018,86743,Hybrid,Automatic,3,North,18750.0,2026-05-25,66
Ford,Escape,2013,149066,Petrol,Automatic,2,North,3350.0,2026-05-13,47
Volkswagen,Golf,2023,6900,Petrol,Automatic,1,Central,20100.0,2026-08-22,24
Hyundai,Elantra,2012,158660,Petrol,Automatic,4,Central,2650.0,2026-06-02,140
Kia,Sportage,2017,99747,Petrol,Automatic,2,East,8450.0,2026-06-26,42
Hyundai,Sonata,2024,3956,Petrol,Manual,1,North,24550.0,2026-08-01,42
Audi,Q7,2019,64175,Petrol,Automatic,3,East,24550.0,2026-03-19,30
Volkswagen,Passat,2014,113759,Petrol,Automatic,3,South,4550.0,2026-05-30,89
Mazda,Mazda3,2024,3000,Petrol,Automatic,1,East,25700.0,2025-10-13,28
Ford,F-150,2023,17711,Petrol,Automatic,1,West,33950.0,2025-11-01,45
Nissan,Sentra,2017,57395,Petrol,Automatic,2,West,5800.0,2026-09-04,20
Ford,Escape,2016,146369,Petrol,Automatic,2,Metro,7200.0,2026-03-17,49
Hyundai,Sonata,2023,15080,Petrol,Automatic,1,Metro,23750.0,2026-02-11,13
Kia,Sportage,2012,170326,Petrol,Automatic,1,Central,3350.0,2026-08-15,100
Subaru,Impreza,2016,90739,Hybrid,Automatic,2,North,5900.0,2026-08-31,18
Toyota,Tacoma,2019,76382,Petrol,Automatic,2,West,17450.0,2025-12-11,39
Mercedes-Benz,C-Class,2023,10889,Hybrid,Automatic,1,South,38300.0,2026-08-17,25
Mercedes-Benz,E-Class,2020,76490,Diesel,Automatic,2,West,25900.0,2026-02-23,39
Mazda,CX-5,2021,45891,Petrol,Automatic,1,Metro,21100.0,2026-07-04,44
Mercedes-Benz,C-Class,2023,8061,Petrol,Automatic,1,West,40850.0,2026-06-05,27
Ford,Escape,2020,52577,Petrol,Automatic,2,East,15550.0,2025-12-16,27
Honda,Civic,2014,132471,Diesel,Automatic,2,West,3300.0,2026-01-11,26
Toyota,Corolla,2016,59325,Petrol,Automatic,4,Metro,7850.0,2026-08-24,83
Tesla,Model 3,2019,71803,Electric,Automatic,1,Metro,19950.0,2026-04-16,18
Porsche,Cayenne,2019,92403,Electric,Automatic,1,Central,51300.0,2026-03-04,22
Toyota,Highlander,2016,74994,Hybrid,Manual,1,Metro,17050.0,2025-09-19,74
BMW,M3,2016,71710,Hybrid,Automatic,2,East,15600.0,2026-05-26,12
Hyundai,Tucson,2021,28572,Diesel,Automatic,1,East,19650.0,2026-08-12,47
Volkswagen,Passat,2016,87945,Diesel,Automatic,4,East,5550.0,2025-12-14,38
Honda,Civic,2020,50040,Hybrid,Automatic,2,East,16250.0,2025-11-01,10
Mercedes-Benz,E-Class,2022,26420,Petrol,Automatic,1,South,39000.0,2026-02-23,25
Volkswagen,Passat,2013,141365,Diesel,Automatic,2,South,3500.0,2026-03-03,140
Hyundai,Tucson,2022,17048,Hybrid,Automatic,2,Central,20000.0,2026-05-23,21
Nissan,Sentra,2020,37466,Hybrid,Automatic,1,North,11950.0,2026-01-06,65
Ford,Escape,2019,35660,Hybrid,Automatic,2,East,14500.0,2026-09-06,10
Porsche,Macan,2015,148567,Petrol,Automatic,1,South,23100.0,2026-06-26,64
Mercedes-Benz,C-Class,2014,147185,Petrol,Automatic,1,East,5650.0,2026-08-25,16
BMW,3 Series,2019,59929,Hybrid,Manual,1,North,17400.0,2026-01-17,15
Tesla,Model X,2012,141587,Electric,Automatic,2,East,14900.0,2026-08-27,39
Mercedes-Benz,C-Class,2024,3000,Petrol,Automatic,1,Central,43300.0,2026-02-09,21
Nissan,Sentra,2021,22662,Electric,Automatic,2,Metro,15250.0,2026-06-05,53
Nissan,Sentra,2020,58928,Petrol,Automatic,1,West,10300.0,2026-07-15,21
Ford,Explorer,2016,172026,Petrol,Manual,4,Central,8150.0,2025-12-30,32
Honda,Civic,2017,91280,Petrol,Automatic,2,Metro,10050.0,2026-02-01,46
Ford,Explorer,2022,20554,Petrol,Automatic,1,North,29750.0,2025-11-06,36
Volkswagen,Golf,2012,129442,Petrol,Automatic,1,Metro,3100.0,2026-05-31,140
Toyota,Camry,2018,145901,Petrol,Manual,2,Metro,10000.0,2026-07-14,44
Hyundai,Elantra,2017,78094,Petrol,Automatic,3,West,5850.0,2026-07-09,24
Honda,Civic,2016,159164,Petrol,Manual,2,North,5200.0,2026-02-04,29
Audi,A4,2020,34638,Petrol,Automatic,1,South,20700.0,2026-08-06,30
Audi,Q5,2020,39593,Diesel,Manual,3,Metro,23950.0,2026-05-04,46
Chevrolet,Equinox,2024,3000,Petrol,Automatic,1,South,28100.0,2026-05-08,25
Mercedes-Benz,GLE,2017,64404,Petrol,Automatic,1,East,16950.0,2026-03-18,28
Honda,Pilot,2022,34310,Petrol,Manual,1,Metro,30200.0,2026-02-20,6
Chevrolet,Malibu,2022,18012,Petrol,Automatic,1,West,20600.0,2026-07-18,34
Audi,A4,2013,115571,Petrol,Automatic,1,East,5150.0,2025-11-23,140
Toyota,Corolla,2017,108990,Petrol,Manual,1,East,7000.0,2026-02-26,35
Kia,Telluride,2023,8327,Diesel,Manual,1,Metro,33950.0,2026-01-25,27
BMW,M3,2024,3000,Petrol,Automatic,1,Metro,82550.0,2025-12-13,24
Tesla,Model 3,2019,78371,Electric,Automatic,1,Metro,18550.0,2026-06-19,10
Tesla,Model Y,2021,36044,Electric,Automatic,3,South,30150.0,2025-11-07,16
Toyota,RAV4,2012,156434,Diesel,Automatic,1,East,3600.0,2026-01-24,71
Toyota,Tacoma,2024,3000,Petrol,Manual,1,East,30900.0,2026-09-02,20
Chevrolet,Equinox,2024,3000,Petrol,Automatic,1,North,28500.0,2026-03-25,24
Kia,Forte,2021,23964,Petrol,Automatic,1,Metro,14300.0,2026-03-17,14
Porsche,911,2023,13890,Petrol,Automatic,1,South,117150.0,2026-06-03,53
Chevrolet,Silverado,2020,56956,Petrol,Automatic,1,Metro,22650.0,2026-08-23,42
Mercedes-Benz,GLE,2022,23692,Diesel,Manual,1,West,46150.0,2026-05-23,55
Audi,Q7,2014,88393,Diesel,Automatic,3,South,7850.0,2026-08-31,32
Toyota,RAV4,2024,3000,Petrol,Manual,2,Metro,27150.0,2026-03-08,12
Kia,Forte,2021,34488,Hybrid,Automatic,1,West,14000.0,2025-10-24,26
Toyota,Tacoma,2023,18373,Petrol,Automatic,1,West,31400.0,2025-11-10,32
BMW,M3,2019,70464,Petrol,Automatic,1,West,30450.0,2026-06-18,43
BMW,5 Series,2020,51894,Petrol,Automatic,2,West,32050.0,2026-07-09,64
Ford,Explorer,2021,29931,Hybrid,Automatic,1,East,26350.0,2026-01-03,9
Mazda,Mazda6,2012,142890,Petrol,Automatic,2,South,3250.0,2026-08-27,27
Mercedes-Benz,E-Class,2014,89029,Hybrid,Manual,2,Metro,8800.0,2026-04-17,31
Tesla,Model X,2018,104038,Electric,Automatic,2,West,35450.0,2025-11-15,37
Ford,Explorer,2019,71255,Petrol,Automatic,1,Central,17150.0,2026-07-09,20
Honda,Pilot,2012,124527,Hybrid,Manual,2,West,4700.0,2026-01-21,17
Hyundai,Tucson,2019,126419,Petrol,Automatic,1,East,11950.0,2026-01-26,46
Subaru,Outback,2022,31186,Petrol,Automatic,2,North,23050.0,2025-10-12,15
Audi,Q7,2017,107049,Diesel,Automatic,3,East,15900.0,2025-12-11,39
Toyota,RAV4,2021,33039,Petrol,Automatic,1,West,22100.0,2026-01-17,45
Porsche,Panamera,2022,26355,Petrol,Automatic,1,Metro,88400.0,2026-07-20,31
Volkswagen,Golf,2012,158362,Petrol,Automatic,1,East,3100.0,2026-05-06,140
Nissan,Altima,2024,3000,Petrol,Automatic,1,South,28650.0,2026-05-15,14
Nissan,Sentra,2016,224940,Petrol,Automatic,2,East,2650.0,2026-02-02,140
Volkswagen,Golf,2018,72819,Hybrid,Automatic,1,North,10650.0,2026-07-16,7
BMW,3 Series,2024,3000,Petrol,Automatic,1,Central,43500.0,2026-06-18,35
Hyundai,Santa Fe,2021,68978,Hybrid,Automatic,2,West,21100.0,2025-11-14,29
Ford,F-150,2018,52616,Petrol,Automatic,3,South,15250.0,2026-07-19,22
Mercedes-Benz,E-Class,2015,124109,Petrol,Automatic,1,South,10850.0,2026-08-28,29
Toyota,RAV4,2022,27046,Hybrid,Manual,1,Central,23500.0,2025-12-31,4
Honda,Pilot,2021,39557,Petrol,Automatic,3,Metro,25650.0,2025-10-18,12
Mercedes-Benz,GLE,2024,3000,Diesel,Manual,1,West,61350.0,2026-06-26,23
BMW,3 Series,2019,78272,Petrol,Automatic,1,South,13750.0,2026-07-02,27
Audi,A6,2023,18533,Diesel,Automatic,1,North,49350.0,2025-12-22,22
Nissan,Altima,2014,94407,Petrol,Automatic,1,Metro,3250.0,2026-03-19,8
Mercedes-Benz,E-Class,2015,144345,Hybrid,Automatic,2,North,7250.0,2025-11-27,11
BMW,X5,2024,3000,Hybrid,Automatic,1,South,75600.0,2026-07-07,22
Ford,F-150,2017,74758,Petrol,Automatic,1,South,11350.0,2026-04-08,10
Mercedes-Benz,GLC,2014,106428,Petrol,Automatic,1,North,6000.0,2025-10-07,35
Mercedes-Benz,GLE,2015,100571,Petrol,Automatic,2,East,13000.0,2026-04-15,69
Hyundai,Santa Fe,2013,163610,Petrol,Automatic,2,South,3850.0,2026-06-10,41
Subaru,Outback,2016,77637,Petrol,Automatic,1,Central,9850.0,2025-09-23,50
Audi,Q5,2023,18921,Petrol,Automatic,1,North,40800.0,2026-09-08,32
BMW,M3,2013,121470,Petrol,Automatic,3,East,9350.0,2026-08-30,23
Honda,Accord,2020,80538,Hybrid,Automatic,3,Metro,16050.0,2025-10-31,9
Ford,Escape,2024,3000,Petrol,Automatic,1,Central,26850.0,2025-09-21,27
Honda,Pilot,2022,15438,Petrol,Automatic,1,South,30100.0,2026-08-15,21
Mercedes-Benz,C-Class,2014,118200,Hybrid,Automatic,1,South,5650.0,2026-02-12,66
Audi,Q5,2018,83054,Petrol,Automatic,2,West,16500.0,2026-06-18,39
Honda,Civic,2017,58580,Petrol,Automatic,2,West,10100.0,2025-10-01,54
Honda,CR-V,2022,32370,Petrol,Automatic,1,Central,21900.0,2026-02-07,11
BMW,X3,2020,77343,Hybrid,Automatic,1,Metro,26500.0,2026-05-16,15
Honda,Civic,2024,3000,Petrol,Automatic,1,South,24950.0,2026-01-27,34
BMW,5 Series,2018,76779,Electric,Automatic,2,North,17600.0,2025-10-25,55
BMW,X3,2017,79636,Petrol,Automatic,4,Central,8800.0,2026-09-03,14
Mercedes-Benz,E-Class,2022,29911,Petrol,Automatic,1,West,45550.0,2026-06-08,67
Mazda,CX-9,2020,42249,Petrol,Manual,1,West,22150.0,2026-02-24,9
Tesla,Model 3,2016,103496,Electric,Automatic,2,Central,7950.0,2026-08-24,10
Subaru,Outback,2020,57429,Hybrid,Manual,1,Metro,16400.0,2026-08-28,29
Honda,CR-V,2023,6441,Hybrid,Manual,2,West,28050.0,2026-07-21,44
Porsche,Panamera,2024,3000,Petrol,Automatic,1,West,102000.0,2026-03-31,38
Honda,Civic,2020,130533,Petrol,Automatic,1,North,12800.0,2026-07-11,44
BMW,5 Series,2023,16888,Petrol,Automatic,1,North,44550.0,2026-01-23,9
Porsche,Panamera,2023,15214,Hybrid,Automatic,2,Central,90800.0,2026-05-23,34
Ford,Escape,2020,46374,Hybrid,Automatic,3,West,14800.0,2026-07-06,23
Hyundai,Tucson,2022,30476,Petrol,Automatic,1,Central,20750.0,2026-01-28,37
Chevrolet,Malibu,2022,22272,Petrol,Automatic,1,North,18550.0,2026-03-27,25
Honda,CR-V,2015,122048,Petrol,Automatic,1,West,8050.0,2026-01-02,24
BMW,X3,2013,118657,Petrol,Automatic,1,West,5900.0,2026-04-12,78
Nissan,Rogue,2024,3000,Petrol,Automatic,1,Metro,31800.0,2026-03-31,21
Mercedes-Benz,E-Class,2019,66767,Hybrid,Automatic,1,Metro,25450.0,2025-09-27,16
Tesla,Model X,2021,31824,Electric,Automatic,1,South,61200.0,2025-10-17,31
Honda,Accord,2017,80391,Petrol,Automatic,2,South,10600.0,2026-03-17,21
Hyundai,Tucson,2022,23087,Petrol,Automatic,1,South,21800.0,2026-02-16,22
Hyundai,Sonata,2021,52649,Petrol,Automatic,3,South,14000.0,2025-10-19,12
Ford,Explorer,2023,9435,Diesel,Automatic,1,North,32300.0,2026-09-15,40
Hyundai,Elantra,2018,54073,Petrol,Automatic,2,Central,7800.0,2026-03-13,35
Mazda,Mazda6,2021,44893,Hybrid,Automatic,1,North,17250.0,2026-08-24,24
Mercedes-Benz,GLC,2023,11626,Hybrid,Automatic,1,South,46750.0,2026-06-19,32
Tesla,Model Y,2021,65056,Electric,Automatic,2,Metro,31400.0,2025-09-21,40
Toyota,Tacoma,2024,3979,Hybrid,Manual,1,West,35150.0,2025-11-16,41
Tesla,Model 3,2013,142825,Electric,Automatic,4,Metro,5050.0,2025-11-01,102
Hyundai,Sonata,2023,22262,Petrol,Manual,1,Metro,23800.0,2026-08-23,72
Subaru,Forester,2021,43480,Petrol,Automatic,2,Central,18350.0,2026-08-31,53
Subaru,Forester,2017,182211,Petrol,Automatic,4,East,6150.0,2026-03-18,37
Mazda,CX-5,2020,59048,Petrol,Manual,1,South,16150.0,2026-05-18,17
Ford,Explorer,2023,7642,Electric,Automatic,1,North,35600.0,2026-04-22,13
Ford,Escape,2014,101755,Petrol,Manual,3,South,3800.0,2026-06-19,12
Ford,F-150,2013,236839,Petrol,Automatic,3,West,4550.0,2026-05-31,140
Porsche,Macan,2019,62590,Petrol,Automatic,2,Central,32450.0,2026-01-18,56
Audi,Q5,2021,36682,Petrol,Automatic,2,North,26250.0,2026-03-08,28
Audi,A4,2013,231776,Petrol,Automatic,1,East,5150.0,2026-07-04,140
Mazda,CX-9,2023,14715,Petrol,Automatic,1,Metro,37300.0,2026-08-17,10
Toyota,Corolla,2023,18949,Diesel,Automatic,1,West,20200.0,2026-09-11,30
BMW,5 Series,2014,157083,Electric,Automatic,3,East,6950.0,2026-07-11,13
Honda,CR-V,2022,21305,Petrol,Automatic,1,Metro,26350.0,2026-02-25,10
Honda,Pilot,2016,141653,Petrol,Automatic,2,North,9150.0,2026-08-03,10
Nissan,Altima,2022,31025,Petrol,Manual,1,North,19050.0,2026-06-04,46
Hyundai,Santa Fe,2017,103377,Petrol,Automatic,3,North,6950.0,2026-02-18,42
Toyota,Camry,2023,11510,Petrol,Automatic,1,South,24150.0,2026-03-01,15
Toyota,Tacoma,2017,72129,Petrol,Automatic,2,East,14600.0,2025-10-21,9
Hyundai,Elantra,2024,3000,Petrol,Automatic,1,South,21500.0,2026-03-19,29
Mercedes-Benz,E-Class,2023,12744,Hybrid,Automatic,1,Central,49450.0,2026-08-14,32
Toyota,Highlander,2020,60144,Hybrid,Automatic,1,East,26700.0,2026-02-09,15
Honda,Civic,2022,27954,Diesel,Automatic,1,South,19600.0,2026-04-04,5
BMW,M3,2020,43390,Hybrid,Automatic,1,North,39150.0,2025-11-23,80
Mercedes-Benz,C-Class,2023,4707,Petrol,Automatic,1,East,41250.0,2026-03-10,32
Kia,Forte,2023,17926,Hybrid,Automatic,1,South,19000.0,2026-02-18,21
Honda,Accord,2020,64405,Petrol,Manual,2,North,16450.0,2025-11-08,30
Audi,Q7,2018,89297,Petrol,Automatic,1,Metro,22000.0,2026-05-19,44
BMW,X5,2016,86884,Hybrid,Automatic,2,South,15400.0,2025-11-12,8
Toyota,Tacoma,2023,10311,Petrol,Automatic,1,Central,28950.0,2026-07-03,15
Mazda,Mazda3,2014,122298,Petrol,Automatic,2,North,3200.0,2026-07-28,47
Honda,CR-V,2020,92294,Petrol,Automatic,1,East,19600.0,2026-07-16,44
Toyota,Corolla,2023,14380,Petrol,Automatic,2,North,17250.0,2026-01-21,29
Porsche,Cayenne,2024,3000,Hybrid,Automatic,1,Metro,91900.0,2026-06-12,12
Ford,Escape,2023,19394,Petrol,Automatic,1,Central,24600.0,2026-03-12,17
Volkswagen,Tiguan,2021,41518,Hybrid,Automatic,1,East,18550.0,2025-10-15,21
BMW,3 Series,2012,172710,Petrol,Automatic,2,East,5400.0,2026-08-08,140
Toyota,Corolla,2015,139754,Hybrid,Automatic,3,South,4500.0,2026-08-01,101
Toyota,Camry,2024,3000,Petrol,Automatic,2,North,24500.0,2025-12-20,19
Ford,Mustang,2023,11171,Petrol,Automatic,1,Metro,30450.0,2026-08-30,22
Mercedes-Benz,GLC,2012,173268,Petrol,Automatic,1,Metro,6000.0,2025-09-27,140
Chevrolet,Equinox,2023,14125,Petrol,Automatic,1,Metro,23050.0,2026-08-22,20
Honda,Pilot,2014,106414,Hybrid,Automatic,1,North,11150.0,2025-12-02,47
Toyota,RAV4,2013,196581,Petrol,Automatic,3,East,3600.0,2026-06-03,34
Hyundai,Santa Fe,2018,146427,Petrol,Manual,2,West,11350.0,2026-08-03,70
Audi,Q5,2016,58299,Diesel,Manual,3,West,8550.0,2026-05-11,28
Kia,Telluride,2023,15126,Petrol,Automatic,1,North,33650.0,2026-04-15,47
Hyundai,Santa Fe,2018,69598,Petrol,Automatic,1,Central,11800.0,2026-07-23,39
Toyota,RAV4,2022,21806,Hybrid,Automatic,1,West,26950.0,2026-06-30,28
Honda,Civic,2024,3000,Petrol,Automatic,1,Central,24850.0,2025-10-30,20
BMW,3 Series,2013,136867,Petrol,Automatic,2,West,5400.0,2026-05-10,26
Audi,Q5,2022,39531,Petrol,Automatic,1,North,33350.0,2026-02-10,42
Ford,F-150,2020,60572,Diesel,Automatic,2,East,19950.0,2026-08-12,118
Nissan,Sentra,2024,3000,Petrol,Automatic,1,West,23850.0,2026-03-13,5
Hyundai,Elantra,2022,22446,Petrol,Automatic,1,North,16600.0,2025-09-18,24
Volkswagen,Passat,2023,14894,Petrol,Manual,1,Metro,26400.0,2025-12-21,21
Ford,Explorer,2022,25355,Petrol,Automatic,1,West,31050.0,2025-11-18,4
Toyota,Corolla,2022,28543,Hybrid,Automatic,2,North,16350.0,2026-03-02,24
Hyundai,Elantra,2013,193956,Petrol,Manual,2,North,2650.0,2026-06-28,140
Audi,A4,2024,3000,Petrol,Manual,1,East,41950.0,2026-08-15,56
Kia,Sportage,2022,20699,Petrol,Automatic,1,East,23450.0,2026-04-27,40
Toyota,Tacoma,2024,3000,Hybrid,Automatic,1,South,35850.0,2025-10-29,29
Honda,Accord,2015,93157,Petrol,Automatic,3,South,8750.0,2025-10-03,108
Toyota,Camry,2023,15535,Petrol,Automatic,1,Central,25600.0,2025-10-12,27
Tesla,Model S,2024,3000,Electric,Automatic,2,West,86150.0,2025-10-23,28
Honda,Accord,2022,29526,Petrol,Automatic,1,West,24250.0,2026-01-31,9
Chevrolet,Equinox,2021,45948,Petrol,Automatic,1,North,18500.0,2026-01-13,45
Volkswagen,Passat,2024,3584,Petrol,Automatic,2,Metro,31600.0,2026-09-07,31
Nissan,Altima,2020,38139,Hybrid,Automatic,1,North,13300.0,2026-09-08,20
Audi,A6,2019,73352,Petrol,Automatic,1,North,25700.0,2026-05-28,8
Hyundai,Elantra,2016,120840,Hybrid,Automatic,2,West,5750.0,2026-06-02,54
Mercedes-Benz,GLC,2014,113915,Hybrid,Automatic,2,East,6000.0,2026-08-06,33
Honda,CR-V,2021,42509,Petrol,Automatic,1,East,22050.0,2025-12-06,54
Kia,Telluride,2019,67265,Hybrid,Automatic,2,South,16900.0,2026-08-05,13
Ford,Escape,2023,11369,Petrol,Automatic,1,South,25200.0,2026-09-06,29
Kia,Forte,2016,92344,Petrol,Automatic,2,East,4950.0,2025-10-28,53
Hyundai,Santa Fe,2013,89311,Petrol,Automatic,1,North,4900.0,2026-05-07,40
Tesla,Model Y,2017,78588,Electric,Automatic,2,West,16150.0,2026-03-30,28
Ford,F-150,2017,151615,Petrol,Automatic,3,East,8750.0,2026-07-03,25
Ford,Explorer,2014,124153,Petrol,Automatic,2,Central,5650.0,2026-03-16,33
Mazda,CX-9,2019,41183,Petrol,Manual,1,West,19650.0,2026-08-04,56
Toyota,Highlander,2019,45840,Diesel,Automatic,2,Central,20400.0,2026-04-06,29
Nissan,Rogue,2023,11199,Petrol,Automatic,2,South,24200.0,2025-11-28,28
Honda,Civic,2024,3000,Hybrid,Automatic,1,Metro,27300.0,2025-12-10,8
Toyota,Highlander,2014,119833,Petrol,Automatic,1,North,12100.0,2026-04-02,12
Tesla,Model X,2019,64546,Electric,Automatic,1,Metro,45800.0,2025-11-15,28
Subaru,Impreza,2017,89853,Petrol,Manual,3,West,7050.0,2026-06-28,20
Mercedes-Benz,GLE,2018,64131,Diesel,Automatic,2,East,16650.0,2026-04-19,20
Toyota,Highlander,2023,22255,Petrol,Automatic,1,South,35400.0,2025-12-12,30
BMW,5 Series,2021,43720,Hybrid,Automatic,1,Central,36000.0,2025-10-18,58
BMW,5 Series,2022,29533,Petrol,Automatic,1,Central,36050.0,2025-10-06,32
Honda,Civic,2024,3000,Diesel,Automatic,1,South,24600.0,2025-11-18,10
Mercedes-Benz,E-Class,2017,91036,Petrol,Manual,3,South,13350.0,2026-03-20,27
Porsche,Panamera,2012,214992,Hybrid,Automatic,2,Central,26400.0,2025-10-17,19
Nissan,Altima,2022,24397,Hybrid,Automatic,1,West,21150.0,2026-07-16,20
Nissan,Altima,2015,145984,Petrol,Automatic,3,South,3250.0,2026-08-21,50
Honda,CR-V,2022,26075,Petrol,Automatic,1,East,24400.0,2026-06-10,10
Chevrolet,Malibu,2015,106684,Petrol,Automatic,1,South,4550.0,2025-10-14,22
Toyota,RAV4,2024,3537,Hybrid,Manual,1,West,28850.0,2026-08-26,12
Tesla,Model 3,2022,29214,Electric,Automatic,1,East,34250.0,2026-09-05,67
Toyota,Highlander,2015,165619,Hybrid,Manual,2,South,11350.0,2026-05-11,59
Hyundai,Tucson,2022,33634,Petrol,Automatic,2,West,21700.0,2026-01-06,29
Toyota,Camry,2023,12917,Hybrid,Automatic,1,West,25900.0,2026-05-04,4
Volkswagen,Tiguan,2019,39635,Petrol,Automatic,2,North,13750.0,2025-11-20,14
Porsche,911,2019,75140,Petrol,Automatic,3,North,67600.0,2026-07-13,72
Mercedes-Benz,GLC,2019,66342,Hybrid,Automatic,2,East,18850.0,2025-11-12,29
Toyota,Camry,2024,3000,Petrol,Automatic,1,West,28550.0,2026-04-03,14
Toyota,RAV4,2024,3000,Hybrid,Automatic,1,Central,30450.0,2026-02-18,28
Mazda,CX-5,2021,64646,Petrol,Automatic,1,West,21000.0,2026-05-30,15
BMW,3 Series,2018,92676,Petrol,Automatic,1,Central,11750.0,2026-03-23,29
Tesla,Model X,2013,155343,Electric,Automatic,2,Metro,10550.0,2026-08-28,26
Ford,Mustang,2024,3000,Hybrid,Automatic,1,West,37200.0,2025-09-26,54
BMW,M3,2024,3000,Petrol,Automatic,1,Metro,79350.0,2026-07-13,19
Ford,Mustang,2020,61242,Petrol,Automatic,1,South,16750.0,2026-06-01,41
Porsche,Panamera,2019,97763,Petrol,Automatic,1,North,53100.0,2026-05-01,52
Mazda,Mazda6,2024,3000,Petrol,Automatic,1,Metro,28100.0,2025-10-23,30
Mercedes-Benz,E-Class,2024,3744,Hybrid,Manual,1,East,57700.0,2025-10-29,27
Hyundai,Tucson,2014,100657,Petrol,Automatic,3,West,4200.0,2025-11-14,42
Audi,Q7,2018,57075,Petrol,Manual,2,East,18950.0,2026-07-14,6
Chevrolet,Silverado,2013,170250,Electric,Automatic,2,West,4700.0,2026-04-24,64
BMW,M3,2017,93380,Petrol,Manual,2,Central,18450.0,2025-11-08,19
Chevrolet,Malibu,2023,12871,Petrol,Automatic,2,North,22200.0,2026-07-13,10
Toyota,Camry,2024,3000,Petrol,Manual,1,South,27250.0,2025-10-13,66
Toyota,Corolla,2020,35759,Diesel,Manual,1,South,12650.0,2026-06-10,11
Volkswagen,Golf,2018,82894,Petrol,Automatic,2,Metro,7500.0,2026-07-25,28
Ford,Mustang,2018,87081,Petrol,Automatic,4,North,10200.0,2026-07-29,30
Honda,Civic,2018,98462,Petrol,Automatic,1,North,9800.0,2026-09-06,57
Kia,Forte,2024,3000,Petrol,Automatic,1,South,21150.0,2026-01-09,54
Volkswagen,Jetta,2023,3000,Diesel,Automatic,1,West,19750.0,2026-05-31,18
Tesla,Model S,2019,58609,Electric,Automatic,1,Central,35150.0,2026-09-07,34
Mercedes-Benz,GLE,2018,88571,Hybrid,Automatic,2,East,23000.0,2025-11-03,23
Ford,Mustang,2015,165351,Petrol,Manual,3,North,4450.0,2026-08-26,7
Tesla,Model Y,2020,44643,Electric,Automatic,2,Central,22750.0,2026-09-03,39
Toyota,Corolla,2021,42117,Hybrid,Automatic,3,East,15000.0,2026-05-05,28
Mercedes-Benz,GLE,2020,36344,Diesel,Automatic,1,North,31550.0,2026-03-28,53
Volkswagen,Tiguan,2013,163107,Diesel,Automatic,2,East,3600.0,2025-12-11,140
Nissan,Rogue,2024,3000,Petrol,Automatic,1,Metro,32150.0,2026-05-22,27
Mazda,Mazda3,2018,64445,Petrol,Automatic,2,East,9750.0,2025-09-27,9
Audi,A4,2020,88072,Petrol,Automatic,2,Metro,19100.0,2026-09-11,58
Hyundai,Elantra,2012,168144,Hybrid,Automatic,1,North,2650.0,2026-08-24,140
Honda,CR-V,2015,180284,Petrol,Automatic,3,Metro,5650.0,2026-07-13,85
Ford,Mustang,2012,114462,Diesel,Automatic,1,North,4100.0,2026-03-12,41
Toyota,RAV4,2014,135550,Hybrid,Manual,3,Metro,6650.0,2026-05-12,11
Honda,CR-V,2022,25551,Petrol,Automatic,1,North,23500.0,2026-02-27,19
Subaru,Forester,2017,129898,Hybrid,Automatic,3,North,7650.0,2026-02-03,58
Audi,A4,2020,48461,Petrol,Manual,1,Central,20900.0,2026-01-09,12
Nissan,Altima,2014,128298,Petrol,Automatic,2,South,3250.0,2026-03-04,10
Mazda,Mazda3,2019,62509,Petrol,Automatic,2,Central,12050.0,2026-06-21,42
BMW,X5,2022,34900,Hybrid,Automatic,1,North,49000.0,2025-09-26,39
Hyundai,Sonata,2023,13922,Hybrid,Automatic,1,South,23800.0,2026-04-22,6
Toyota,Highlander,2023,14793,Petrol,Manual,1,Metro,37250.0,2025-09-17,21
Volkswagen,Golf,2019,59930,Hybrid,Automatic,3,Central,9600.0,2026-05-15,26
Audi,A4,2019,66941,Petrol,Automatic,2,Metro,17750.0,2026-01-30,23
Toyota,Highlander,2019,45516,Hybrid,Automatic,1,Metro,23850.0,2025-10-22,9
Audi,Q7,2016,68342,Petrol,Automatic,1,North,13050.0,2026-07-14,39
Honda,Pilot,2017,113010,Petrol,Manual,2,East,14450.0,2026-01-28,45
Chevrolet,Malibu,2019,59260,Petrol,Automatic,2,East,12000.0,2026-05-06,21
Chevrolet,Silverado,2014,144398,Petrol,Automatic,3,Central,6950.0,2026-04-21,50
Hyundai,Tucson,2014,143399,Petrol,Automatic,3,North,3350.0,2026-08-24,11
Nissan,Altima,2023,13378,Petrol,Automatic,1,East,25150.0,2026-05-10,35
Ford,Mustang,2020,40191,Petrol,Automatic,1,West,18650.0,2026-05-03,11
Ford,Mustang,2012,114807,Petrol,Automatic,2,North,4100.0,2026-07-24,74
Mercedes-Benz,E-Class,2023,16246,Petrol,Automatic,1,North,49000.0,2025-12-17,25
Ford,Mustang,2015,96465,Petrol,Automatic,2,West,7250.0,2026-03-19,66
Porsche,Panamera,2023,8243,Petrol,Automatic,1,West,95350.0,2026-07-21,23
Ford,Escape,2016,103696,Petrol,Automatic,2,Central,7400.0,2026-05-01,48
Ford,Escape,2012,181185,Petrol,Automatic,3,Central,3350.0,2026-07-18,140
Volkswagen,Passat,2024,3000,Petrol,Automatic,1,West,31300.0,2026-05-28,15
Ford,F-150,2024,3000,Petrol,Automatic,1,Central,38700.0,2025-11-03,20
Audi,Q7,2024,3000,Hybrid,Automatic,1,Metro,67250.0,2026-05-20,42
Hyundai,Santa Fe,2015,109746,Hybrid,Automatic,2,West,6850.0,2025-11-28,60
Hyundai,Santa Fe,2020,87383,Petrol,Automatic,1,Central,17450.0,2026-03-08,49
Toyota,Tacoma,2016,124352,Petrol,Automatic,1,South,11150.0,2026-04-16,77
Kia,Optima,2021,43577,Petrol,Automatic,1,East,16300.0,2025-11-10,21
Toyota,Camry,2015,158853,Petrol,Manual,4,Metro,4150.0,2025-10-18,37
Ford,Escape,2020,39907,Petrol,Automatic,1,Metro,18400.0,2025-11-22,43
Ford,Escape,2023,14365,Diesel,Manual,1,Metro,23750.0,2025-12-07,20
Toyota,Corolla,2014,120590,Petrol,Automatic,3,Central,2650.0,2026-06-14,29
Honda,Accord,2018,63038,Petrol,Automatic,4,North,10450.0,2026-07-04,19
Toyota,Tacoma,2012,106084,Hybrid,Automatic,2,Metro,9300.0,2025-10-11,101
Volkswagen,Golf,2014,183995,Petrol,Automatic,1,West,3100.0,2026-01-01,140
Toyota,Corolla,2016,86511,Petrol,Automatic,2,North,5800.0,2025-11-09,38
Ford,Explorer,2022,25069,Petrol,Automatic,1,Metro,30200.0,2025-12-21,39
Chevrolet,Equinox,2012,182963,Diesel,Automatic,2,South,3350.0,2026-01-23,140
Nissan,Altima,2015,176059,Petrol,Automatic,2,West,3250.0,2026-05-25,18
Mercedes-Benz,GLC,2013,88907,Petrol,Manual,3,West,6000.0,2026-07-09,73
Mercedes-Benz,GLE,2013,159706,Petrol,Automatic,2,North,7900.0,2026-08-29,132
Porsche,Macan,2021,37479,Petrol,Automatic,1,East,49050.0,2026-02-09,15
Hyundai,Elantra,2024,3000,Petrol,Automatic,1,West,22450.0,2025-11-17,26
Mercedes-Benz,GLC,2016,193907,Petrol,Manual,2,South,8800.0,2025-12-21,112
Toyota,RAV4,2023,12891,Petrol,Automatic,1,East,27900.0,2026-07-28,24
Toyota,Tacoma,2018,105395,Hybrid,Automatic,2,East,15350.0,2025-09-20,56
Honda,Pilot,2018,80580,Petrol,Automatic,2,West,15950.0,2025-12-04,33
Mazda,CX-5,2018,83821,Hybrid,Automatic,2,South,12000.0,2026-01-03,19
BMW,X5,2021,42606,Petrol,Automatic,3,Central,34300.0,2025-12-20,12
Ford,Explorer,2019,66939,Petrol,Automatic,1,North,17750.0,2025-11-04,46
Volkswagen,Passat,2015,173658,Petrol,Automatic,3,North,3500.0,2025-12-18,18
Toyota,Highlander,2019,50305,Hybrid,Automatic,1,Metro,28150.0,2025-11-24,65
Nissan,Sentra,2014,112359,Petrol,Manual,4,North,2650.0,2025-12-22,59
Honda,CR-V,2021,50114,Hybrid,Manual,3,West,20050.0,2026-02-12,43
Nissan,Pathfinder,2019,68907,Petrol,Automatic,2,West,15500.0,2025-09-24,16
Hyundai,Sonata,2024,3000,Petrol,Automatic,1,South,27150.0,2026-07-26,19
Volkswagen,Golf,2024,3000,Diesel,Automatic,1,West,27800.0,2026-02-15,9
Honda,Accord,2019,88275,Petrol,Automatic,3,Central,13850.0,2025-11-23,12
Mercedes-Benz,C-Class,2013,184309,Petrol,Automatic,2,West,5650.0,2026-06-15,140
Mercedes-Benz,E-Class,2021,49124,Diesel,Automatic,1,Metro,32500.0,2025-10-08,13
Mazda,CX-9,2012,152479,Petrol,Automatic,3,East,4550.0,2025-10-11,33
Mazda,CX-5,2017,103835,Petrol,Manual,3,South,8300.0,2025-12-27,12
Honda,Pilot,2022,33155,Petrol,Automatic,1,West,30500.0,2026-06-08,17
Mercedes-Benz,E-Class,2012,106301,Hybrid,Automatic,2,East,7200.0,2026-09-11,108
Hyundai,Sonata,2021,36223,Hybrid,Manual,1,North,15750.0,2026-02-01,26
Audi,Q5,2018,73228,Petrol,Automatic,3,Metro,18300.0,2026-03-09,50
Mercedes-Benz,GLE,2014,62145,Petrol,Automatic,1,North,9100.0,2026-02-17,27
Hyundai,Tucson,2023,17631,Petrol,Automatic,1,North,24700.0,2025-12-18,17
Porsche,Panamera,2022,28847,Petrol,Automatic,1,North,80700.0,2025-11-14,39
Toyota,Highlander,2020,88395,Hybrid,Manual,1,North,24700.0,2025-09-15,69
Hyundai,Tucson,2022,20526,Petrol,Automatic,1,Central,19350.0,2026-05-24,4
Kia,Optima,2012,112916,Petrol,Automatic,2,Metro,3000.0,2026-08-07,40
Toyota,RAV4,2017,151844,Hybrid,Automatic,1,East,10800.0,2026-03-24,56
Hyundai,Tucson,2019,81864,Hybrid,Manual,3,Metro,12350.0,2025-10-08,73
Toyota,Camry,2021,48778,Petrol,Manual,1,North,18950.0,2026-01-08,29
Nissan,Altima,2016,91457,Petrol,Automatic,1,North,4800.0,2026-03-31,21
Toyota,Camry,2015,149773,Petrol,Manual,2,North,6600.0,2026-01-31,40
Hyundai,Elantra,2017,48362,Petrol,Automatic,2,South,5350.0,2026-03-16,23
Mercedes-Benz,C-Class,2020,72116,Hybrid,Automatic,3,North,20700.0,2026-06-17,11
Ford,Explorer,2018,78431,Petrol,Automatic,3,North,13550.0,2026-06-26,39
Ford,F-150,2013,132194,Diesel,Automatic,2,West,4550.0,2026-07-21,29
Ford,Mustang,2022,21144,Petrol,Automatic,1,Central,25050.0,2025-10-28,9
Volkswagen,Jetta,2015,193134,Electric,Automatic,2,Metro,2800.0,2026-01-30,140
Chevrolet,Silverado,2018,83892,Petrol,Automatic,2,South,12650.0,2026-02-17,16
Mercedes-Benz,C-Class,2023,7717,Petrol,Automatic,1,East,40250.0,2025-09-28,24
Nissan,Pathfinder,2019,77856,Petrol,Automatic,2,North,14450.0,2025-11-18,20
Hyundai,Sonata,2015,169652,Petrol,Automatic,2,Metro,3400.0,2025-12-02,31
Honda,CR-V,2014,106760,Petrol,Automatic,2,South,4550.0,2026-01-04,8
Tesla,Model Y,2015,149422,Electric,Automatic,1,East,11250.0,2025-12-02,109
Mercedes-Benz,C-Class,2023,12483,Petrol,Automatic,1,Metro,44050.0,2026-05-07,52
Hyundai,Elantra,2019,65931,Petrol,Manual,2,Metro,9100.0,2026-05-31,18
Honda,Pilot,2016,110564,Diesel,Automatic,2,West,10100.0,2026-01-25,38
Ford,Escape,2016,74515,Petrol,Automatic,2,Central,6300.0,2026-06-04,38
Tesla,Model S,2024,3000,Electric,Automatic,1,West,89300.0,2026-04-17,13
Tesla,Model X,2017,40690,Electric,Automatic,2,South,25550.0,2026-04-19,24
BMW,5 Series,2021,39647,Diesel,Automatic,2,South,28850.0,2026-02-07,23
Toyota,Tacoma,2016,143557,Hybrid,Automatic,2,West,11350.0,2025-12-28,60
Toyota,Corolla,2017,113405,Petrol,Automatic,1,South,7700.0,2025-10-18,23
Kia,Optima,2024,3000,Hybrid,Automatic,1,South,26550.0,2025-11-07,13
Mercedes-Benz,E-Class,2019,95897,Hybrid,Automatic,2,North,25550.0,2026-07-02,36
Toyota,Highlander,2014,231608,Hybrid,Automatic,2,Metro,7900.0,2026-08-04,91
Porsche,Panamera,2020,96665,Petrol,Automatic,2,Metro,65800.0,2026-05-08,25
Honda,CR-V,2019,55257,Petrol,Automatic,2,Central,17000.0,2025-12-24,50
Tesla,Model S,2017,84043,Electric,Automatic,3,South,27500.0,2026-07-11,47
Tesla,Model S,2023,11925,Electric,Automatic,1,Central,70850.0,2026-05-05,82
Toyota,Camry,2015,128180,Hybrid,Automatic,1,South,7350.0,2025-11-19,43
Honda,Civic,2024,3797,Petrol,Manual,1,West,24800.0,2026-02-24,33
Hyundai,Elantra,2017,117844,Petrol,Automatic,3,North,3900.0,2025-10-17,24
Mercedes-Benz,C-Class,2014,156803,Petrol,Automatic,2,Metro,5650.0,2026-01-17,109
Tesla,Model 3,2020,105810,Electric,Automatic,1,East,21300.0,2026-04-19,29
Mercedes-Benz,C-Class,2017,115079,Hybrid,Automatic,3,North,9400.0,2026-07-06,25
Chevrolet,Equinox,2012,143482,Hybrid,Automatic,3,South,3350.0,2026-04-10,78
Ford,Escape,2016,105905,Petrol,Automatic,3,Metro,7650.0,2026-01-20,76
Ford,Escape,2012,266767,Electric,Automatic,1,South,3350.0,2026-07-15,140
Honda,Accord,2019,51721,Petrol,Automatic,1,North,15850.0,2026-02-01,26
Hyundai,Tucson,2021,39354,Hybrid,Automatic,1,West,18050.0,2026-06-21,53
Mercedes-Benz,GLC,2022,25425,Petrol,Manual,1,North,32800.0,2026-06-01,49
Porsche,Cayenne,2015,102578,Electric,Manual,2,South,32150.0,2026-06-26,37
Mercedes-Benz,GLE,2024,3000,Petrol,Automatic,1,West,73350.0,2025-11-12,32
Mazda,Mazda3,2023,11616,Petrol,Automatic,1,North,22400.0,2026-08-03,30
Mercedes-Benz,GLE,2019,60097,Electric,Automatic,1,Central,26400.0,2026-04-16,29
Honda,Accord,2022,15676,Hybrid,Manual,1,North,20900.0,2025-09-27,20
BMW,5 Series,2017,137429,Hybrid,Automatic,3,West,14000.0,2025-11-17,58
Toyota,Tacoma,2023,13583,Hybrid,Automatic,1,West,32500.0,2025-10-05,21
Kia,Optima,2016,122397,Petrol,Manual,1,Metro,6000.0,2025-12-23,74
Audi,Q5,2019,78971,Petrol,Manual,3,Metro,18350.0,2026-01-26,48
Honda,Accord,2016,123537,Petrol,Automatic,3,East,8600.0,2025-11-13,7
Toyota,Highlander,2019,64235,Hybrid,Automatic,1,Central,23100.0,2026-06-04,17
Mazda,Mazda6,2023,19042,Petrol,Automatic,1,Central,22800.0,2025-09-28,17
Tesla,Model Y,2017,81773,Electric,Automatic,3,West,13800.0,2025-12-02,8
Mazda,CX-5,2024,3000,Petrol,Automatic,1,North,27850.0,2025-09-25,28
Mercedes-Benz,E-Class,2021,33992,Petrol,Automatic,1,West,36500.0,2026-06-01,44
Mazda,Mazda3,2020,34058,Hybrid,Automatic,1,Metro,16200.0,2025-10-30,72
Toyota,Camry,2018,110143,Hybrid,Automatic,4,South,10100.0,2026-02-24,61
Mercedes-Benz,GLC,2021,79957,Petrol,Automatic,1,Metro,27150.0,2026-04-13,31
Nissan,Altima,2024,3000,Petrol,Automatic,1,West,28350.0,2026-09-06,5
Ford,Escape,2022,27438,Petrol,Manual,1,West,20950.0,2025-10-07,34
Honda,Civic,2020,53532,Petrol,Manual,1,Central,12550.0,2026-06-22,16
Porsche,911,2019,128437,Petrol,Automatic,1,East,75650.0,2026-06-23,38
Honda,CR-V,2023,9819,Hybrid,Manual,1,North,26800.0,2026-06-30,30
Nissan,Sentra,2020,59664,Petrol,Automatic,2,North,8000.0,2026-01-29,27
Tesla,Model X,2013,227715,Electric,Automatic,3,South,11700.0,2026-08-18,17
Ford,Explorer,2021,45993,Electric,Automatic,2,North,24650.0,2026-05-01,43
Hyundai,Elantra,2020,45492,Petrol,Automatic,2,West,11750.0,2026-09-15,25
Hyundai,Santa Fe,2021,31168,Petrol,Manual,3,Central,15500.0,2026-08-08,36
Toyota,Highlander,2022,23196,Petrol,Automatic,1,South,32700.0,2026-05-23,20
Toyota,Corolla,2018,111440,Petrol,Automatic,3,North,9300.0,2026-06-20,33
Mazda,CX-9,2016,219822,Hybrid,Automatic,2,South,7400.0,2026-01-22,12
Honda,Pilot,2019,34499,Petrol,Automatic,3,Central,15950.0,2026-02-20,38
Honda,CR-V,2019,46445,Hybrid,Automatic,1,North,17200.0,2026-08-12,53
Honda,Pilot,2013,106203,Petrol,Automatic,1,East,8400.0,2025-12-16,57
Mazda,Mazda3,2018,89967,Hybrid,Automatic,2,Metro,10100.0,2025-10-12,34
BMW,X5,2022,26122,Petrol,Manual,2,Central,41150.0,2026-05-10,29
Chevrolet,Equinox,2020,63194,Petrol,Automatic,1,South,15300.0,2025-09-15,3
Honda,Accord,2021,32639,Petrol,Automatic,2,Central,18550.0,2026-02-16,17
Honda,CR-V,2016,81130,Hybrid,Automatic,2,Central,9800.0,2025-09-18,30
Honda,Civic,2015,93924,Hybrid,Automatic,1,West,5700.0,2026-05-16,15
Honda,Pilot,2018,93631,Hybrid,Automatic,1,West,18400.0,2025-10-29,22
Nissan,Sentra,2013,183221,Petrol,Manual,3,Central,2650.0,2026-06-18,140
Toyota,Tacoma,2021,42998,Hybrid,Automatic,1,East,25350.0,2026-09-05,50
Mercedes-Benz,GLC,2015,156716,Petrol,Automatic,1,East,6000.0,2025-11-19,27
Audi,Q7,2013,165223,Petrol,Automatic,2,South,7450.0,2026-04-18,44
Ford,F-150,2024,3000,Petrol,Automatic,1,Metro,40450.0,2026-07-26,41
Audi,Q5,2018,125865,Diesel,Automatic,4,West,11800.0,2026-04-22,113
BMW,X5,2019,79522,Petrol,Automatic,2,West,27100.0,2026-04-03,88
Toyota,Tacoma,2020,71909,Hybrid,Automatic,1,East,20100.0,2026-04-15,6
Volkswagen,Tiguan,2024,3000,Petrol,Automatic,1,West,32000.0,2025-09-22,28
Subaru,Forester,2018,149118,Hybrid,Automatic,2,Metro,11700.0,2026-08-30,35
Toyota,Corolla,2013,98212,Petrol,Automatic,1,Metro,5150.0,2026-01-11,45
Porsche,911,2024,3000,Petrol,Automatic,2,East,119650.0,2026-05-22,21
Toyota,Camry,2023,7726,Hybrid,Automatic,1,Metro,27100.0,2025-11-05,5
Nissan,Pathfinder,2022,17598,Petrol,Automatic,1,West,26600.0,2026-08-12,14
Ford,Escape,2016,103242,Diesel,Automatic,1,North,6000.0,2026-09-12,26
Hyundai,Elantra,2024,3000,Petrol,Automatic,1,West,21950.0,2026-07-24,7
Mercedes-Benz,GLC,2019,63832,Petrol,Automatic,1,West,21400.0,2026-03-13,34
Hyundai,Sonata,2024,3000,Hybrid,Manual,1,West,26500.0,2026-03-13,43
Mercedes-Benz,C-Class,2013,208941,Petrol,Manual,1,Central,5650.0,2026-04-27,140
Kia,Optima,2012,164804,Petrol,Automatic,3,North,3000.0,2025-10-21,140
Hyundai,Tucson,2014,108895,Petrol,Automatic,1,North,5750.0,2026-01-12,37
Volkswagen,Passat,2022,32249,Petrol,Automatic,2,North,19850.0,2026-02-18,46
Honda,CR-V,2017,70791,Hybrid,Automatic,2,West,12700.0,2026-05-04,18
Audi,A6,2022,28883,Petrol,Automatic,1,East,43800.0,2026-08-20,31
Honda,Civic,2018,70776,Hybrid,Automatic,1,East,9200.0,2026-02-19,17
BMW,5 Series,2021,44898,Hybrid,Manual,1,North,33900.0,2025-11-23,21
Subaru,Forester,2018,59715,Petrol,Automatic,3,East,11000.0,2025-11-26,29
Hyundai,Elantra,2020,36991,Petrol,Automatic,3,Central,12400.0,2025-10-28,18
BMW,3 Series,2016,75389,Hybrid,Automatic,3,South,9150.0,2026-09-07,34
Mercedes-Benz,E-Class,2022,33709,Petrol,Automatic,1,South,41400.0,2026-02-18,30
Honda,Pilot,2018,76825,Petrol,Automatic,1,North,17450.0,2026-07-29,84
Hyundai,Santa Fe,2020,58077,Petrol,Automatic,1,North,18050.0,2026-03-17,38
Mazda,Mazda6,2019,79256,Petrol,Automatic,2,Central,12750.0,2026-02-19,22
BMW,X5,2018,108204,Diesel,Automatic,3,Central,17100.0,2026-04-29,42
Kia,Optima,2015,124439,Petrol,Automatic,3,East,3450.0,2026-08-20,32
Toyota,Highlander,2018,89704,Hybrid,Automatic,1,North,20350.0,2026-01-22,30
Ford,F-150,2024,3000,Petrol,Manual,1,South,33650.0,2026-02-09,9
Subaru,Crosstrek,2023,15979,Petrol,Automatic,1,West,25150.0,2025-11-02,39
Mercedes-Benz,C-Class,2012,143668,Hybrid,Automatic,2,Metro,5650.0,2026-07-23,140
Toyota,Corolla,2017,123611,Petrol,Automatic,3,East,6750.0,2026-08-05,43
Nissan,Sentra,2017,86770,Electric,Automatic,2,North,5000.0,2026-06-20,19
Ford,F-150,2020,85240,Petrol,Automatic,2,North,18350.0,2025-11-12,27
Porsche,Macan,2022,22175,Petrol,Automatic,1,Central,50600.0,2026-02-10,36
Audi,Q7,2015,104648,Petrol,Manual,2,West,14650.0,2026-01-02,140
BMW,X3,2016,132474,Petrol,Automatic,2,West,9600.0,2026-02-27,45
Porsche,Cayenne,2021,29350,Hybrid,Automatic,1,Metro,63600.0,2025-12-10,22
Volkswagen,Tiguan,2014,148112,Petrol,Automatic,1,Central,3600.0,2026-05-31,28
Honda,Accord,2014,108671,Hybrid,Automatic,2,Metro,6250.0,2026-08-29,62
BMW,X3,2021,40221,Petrol,Automatic,1,East,26950.0,2025-09-24,7
Mazda,CX-9,2023,6066,Petrol,Automatic,1,East,32100.0,2026-05-07,28
Toyota,Corolla,2021,26801,Hybrid,Manual,1,West,16200.0,2025-11-21,50
Honda,Pilot,2021,32312,Hybrid,Manual,1,North,24900.0,2026-09-01,8
Ford,F-150,2020,97703,Petrol,Automatic,3,South,19750.0,2026-02-22,24
Hyundai,Sonata,2014,151804,Petrol,Automatic,4,South,5050.0,2025-11-27,45
Ford,Explorer,2012,123429,Petrol,Automatic,2,West,4550.0,2026-07-13,140
Mazda,CX-5,2016,97839,Hybrid,Automatic,3,Metro,9700.0,2026-01-13,14
Volkswagen,Passat,2019,59647,Diesel,Automatic,1,North,12700.0,2026-02-25,56
Chevrolet,Malibu,2023,12794,Petrol,Automatic,1,Metro,24500.0,2026-05-09,10
Toyota,Highlander,2019,72609,Hybrid,Automatic,1,West,24550.0,2026-05-24,22
Porsche,Cayenne,2013,154701,Petrol,Automatic,1,Central,21400.0,2026-08-05,34
Volkswagen,Golf,2019,92944,Petrol,Automatic,1,East,11200.0,2026-07-03,25
Volkswagen,Tiguan,2017,67319,Petrol,Automatic,2,South,9250.0,2026-03-12,71
Nissan,Pathfinder,2024,3000,Petrol,Automatic,2,West,39150.0,2026-03-18,23
Porsche,Panamera,2022,28657,Petrol,Automatic,1,West,76700.0,2026-07-13,8
Porsche,Cayenne,2023,22635,Petrol,Automatic,1,West,81150.0,2026-06-28,19
Kia,Optima,2024,3958,Hybrid,Automatic,2,South,24900.0,2026-07-28,27
Mercedes-Benz,GLC,2020,53478,Diesel,Automatic,1,East,21900.0,2025-09-29,39
Honda,CR-V,2022,22896,Petrol,Automatic,1,West,24500.0,2025-09-19,49
BMW,M3,2012,196930,Petrol,Automatic,1,North,9350.0,2025-12-14,140
Subaru,Impreza,2024,3000,Hybrid,Automatic,1,East,25400.0,2026-06-19,25
Ford,Explorer,2020,87851,Petrol,Automatic,1,East,18450.0,2026-03-18,35
Chevrolet,Tahoe,2024,3000,Petrol,Automatic,1,North,57900.0,2026-03-17,22
BMW,3 Series,2023,5128,Petrol,Automatic,1,South,38650.0,2025-11-03,48
BMW,3 Series,2019,85050,Diesel,Automatic,1,North,14900.0,2026-06-26,40
Mercedes-Benz,GLE,2021,32595,Hybrid,Automatic,1,East,44450.0,2026-08-04,26
BMW,X3,2022,27924,Hybrid,Automatic,1,East,36350.0,2026-06-11,30
Hyundai,Santa Fe,2024,3000,Petrol,Manual,1,East,30900.0,2026-05-16,24
Kia,Telluride,2012,153482,Petrol,Automatic,2,West,4550.0,2026-03-04,83
Porsche,Macan,2018,113564,Petrol,Automatic,2,West,34750.0,2025-11-08,16
Tesla,Model 3,2015,81440,Electric,Automatic,1,Central,8850.0,2026-05-20,31
Mercedes-Benz,E-Class,2014,126899,Hybrid,Automatic,3,South,7200.0,2025-12-08,36
BMW,X3,2023,14283,Petrol,Automatic,1,South,43050.0,2026-04-21,19
Chevrolet,Tahoe,2015,122385,Diesel,Manual,1,East,13700.0,2025-10-15,44
Ford,Escape,2021,49945,Petrol,Automatic,2,Metro,17350.0,2026-08-24,55
Tesla,Model Y,2018,70335,Electric,Automatic,3,South,16200.0,2025-09-22,24
Nissan,Pathfinder,2022,28694,Petrol,Automatic,1,West,27600.0,2026-05-23,6
Honda,Civic,2022,35779,Petrol,Automatic,1,North,20700.0,2026-02-26,48
Ford,Escape,2015,95544,Petrol,Automatic,3,West,3450.0,2026-06-12,16
Ford,Mustang,2023,16508,Petrol,Automatic,1,East,31700.0,2026-02-13,23
Kia,Optima,2015,179027,Petrol,Automatic,3,North,3000.0,2026-02-01,39
Audi,A4,2022,34338,Diesel,Automatic,1,North,31250.0,2025-11-04,63
Honda,Pilot,2021,58414,Petrol,Automatic,2,Metro,27050.0,2026-01-25,37
Mercedes-Benz,GLC,2016,91667,Petrol,Automatic,2,West,10800.0,2026-05-02,58
BMW,3 Series,2019,44193,Electric,Automatic,2,East,17000.0,2026-01-16,23
Honda,Civic,2024,3000,Hybrid,Automatic,1,South,26950.0,2026-03-17,45
Hyundai,Sonata,2021,35260,Petrol,Manual,2,South,13700.0,2026-08-25,4
Hyundai,Tucson,2024,3000,Petrol,Automatic,1,Metro,29550.0,2026-07-11,12
Ford,Explorer,2019,83512,Petrol,Automatic,2,South,15200.0,2026-01-30,41
BMW,5 Series,2018,77515,Petrol,Automatic,2,North,15750.0,2025-09-30,46
Kia,Forte,2018,112905,Petrol,Automatic,2,Central,5650.0,2026-02-05,33
Chevrolet,Equinox,2022,22487,Petrol,Automatic,1,North,20400.0,2026-07-07,22
Tesla,Model X,2021,24301,Electric,Automatic,1,North,57400.0,2025-11-27,29
Mazda,Mazda3,2015,126873,Diesel,Manual,1,West,5450.0,2026-06-06,63
Audi,Q7,2014,144176,Hybrid,Automatic,1,West,7450.0,2026-08-08,54
Tesla,Model S,2019,82222,Electric,Automatic,1,Central,38700.0,2026-03-24,27
Toyota,Tacoma,2013,160578,Petrol,Automatic,1,Central,5200.0,2025-10-18,6
Tesla,Model Y,2018,65317,Electric,Automatic,3,Central,16400.0,2025-11-18,28
Hyundai,Sonata,2017,82587,Petrol,Automatic,2,West,10550.0,2025-11-21,14
Ford,Escape,2023,25051,Petrol,Automatic,1,West,24550.0,2025-12-15,19
Porsche,Macan,2023,11432,Electric,Automatic,1,North,63000.0,2025-09-23,47
Hyundai,Sonata,2014,94267,Hybrid,Automatic,1,Metro,6350.0,2025-11-17,23
Mercedes-Benz,GLC,2015,119027,Hybrid,Automatic,2,South,6450.0,2026-08-26,64
Chevrolet,Silverado,2021,17292,Petrol,Automatic,2,North,26100.0,2026-02-01,11
Honda,Civic,2024,3000,Hybrid,Automatic,1,South,25450.0,2026-01-02,32
Ford,Explorer,2015,168270,Hybrid,Automatic,1,West,6850.0,2025-09-16,48
Tesla,Model S,2022,31674,Electric,Automatic,1,West,63450.0,2026-01-07,20
Ford,Explorer,2022,28421,Hybrid,Automatic,1,North,29150.0,2025-10-16,44
Ford,Mustang,2022,22786,Petrol,Automatic,1,North,25150.0,2025-11-25,18
Ford,Explorer,2023,9833,Petrol,Automatic,1,North,37100.0,2026-08-16,43
Honda,CR-V,2019,53233,Petrol,Manual,2,South,14350.0,2026-08-09,56
Porsche,Macan,2018,68340,Petrol,Automatic,2,East,30250.0,2026-01-26,71
BMW,5 Series,2022,31947,Petrol,Automatic,2,North,36400.0,2026-07-13,39
Ford,Mustang,2022,20124,Hybrid,Automatic,1,Metro,27800.0,2026-01-27,28
Toyota,Highlander,2020,41225,Petrol,Automatic,2,South,22500.0,2025-11-25,49
Mercedes-Benz,C-Class,2014,150598,Diesel,Automatic,1,Metro,6600.0,2025-09-28,78
BMW,X3,2023,15161,Petrol,Automatic,1,North,40700.0,2026-09-04,14
Chevrolet,Malibu,2018,96570,Petrol,Automatic,3,West,7900.0,2026-02-07,31
Kia,Forte,2016,99230,Petrol,Automatic,2,Central,4400.0,2026-07-22,41
Toyota,Camry,2020,42490,Hybrid,Automatic,2,West,18350.0,2026-04-21,81
Tesla,Model 3,2023,15433,Electric,Automatic,1,South,36350.0,2025-09-17,16
Hyundai,Tucson,2016,124246,Petrol,Automatic,3,Central,5500.0,2025-10-03,36
Hyundai,Sonata,2021,26793,Hybrid,Automatic,1,South,17200.0,2026-04-29,25
Hyundai,Tucson,2015,75275,Hybrid,Automatic,1,Metro,7750.0,2026-01-23,9
Ford,F-150,2017,106587,Petrol,Automatic,2,Metro,12500.0,2026-04-12,12
Tesla,Model Y,2020,86781,Electric,Automatic,2,Metro,25500.0,2026-02-05,41
Honda,Civic,2021,28386,Petrol,Automatic,3,Metro,17000.0,2026-05-22,51
Kia,Sportage,2024,3000,Petrol,Automatic,2,East,27800.0,2025-12-31,18
BMW,5 Series,2022,64332,Hybrid,Automatic,1,North,40300.0,2026-07-24,25
Ford,Mustang,2022,21185,Petrol,Automatic,2,North,23550.0,2026-05-19,34
Porsche,Cayenne,2016,102707,Petrol,Automatic,3,North,39500.0,2026-01-22,19
Audi,A4,2012,135712,Petrol,Automatic,2,South,5600.0,2026-01-03,140
Kia,Optima,2020,94987,Petrol,Automatic,1,North,11900.0,2026-08-10,55
Hyundai,Tucson,2017,93954,Petrol,Automatic,1,Central,7900.0,2026-01-20,10
Ford,Mustang,2019,48147,Diesel,Manual,2,South,14350.0,2025-09-23,17
Kia,Sportage,2019,77959,Hybrid,Automatic,1,North,14850.0,2026-04-23,31
Honda,Civic,2018,64982,Petrol,Automatic,4,Metro,10600.0,2026-03-24,49
Volkswagen,Golf,2020,60325,Petrol,Automatic,1,West,12850.0,2026-02-18,41
Porsche,Macan,2014,177813,Petrol,Automatic,1,Central,18300.0,2026-08-08,39
Tesla,Model 3,2021,52900,Electric,Automatic,2,West,29600.0,2026-04-01,44
Tesla,Model S,2022,51831,Electric,Automatic,2,South,59550.0,2026-07-31,18
Hyundai,Sonata,2016,107061,Hybrid,Automatic,2,East,7100.0,2026-07-26,64
Mercedes-Benz,E-Class,2023,12094,Petrol,Automatic,1,West,51250.0,2025-10-24,34
Ford,Mustang,2018,122515,Petrol,Automatic,1,West,10250.0,2026-05-30,23
Porsche,911,2016,109345,Petrol,Automatic,3,South,51800.0,2026-09-12,88
Toyota,Tacoma,2017,45443,Petrol,Automatic,2,North,13450.0,2025-10-19,14
Hyundai,Santa Fe,2019,69843,Petrol,Automatic,1,South,14550.0,2026-06-19,23
BMW,3 Series,2024,3700,Hybrid,Automatic,1,East,47500.0,2025-09-19,17
Audi,A4,2016,68947,Petrol,Automatic,2,North,10300.0,2025-10-11,10
Kia,Forte,2022,34230,Petrol,Automatic,1,North,16000.0,2026-02-14,24
Honda,CR-V,2019,84376,Hybrid,Manual,1,West,14650.0,2026-04-19,28
Mercedes-Benz,GLE,2015,135251,Hybrid,Automatic,1,West,10450.0,2026-08-09,48
Porsche,Cayenne,2015,260294,Hybrid,Automatic,3,South,27750.0,2026-01-26,50
Ford,Explorer,2022,27280,Diesel,Manual,1,East,26250.0,2026-09-14,31
BMW,M3,2023,11446,Petrol,Manual,1,North,62950.0,2026-02-27,12
Ford,Explorer,2019,79808,Diesel,Manual,2,Metro,16900.0,2026-01-28,18
Toyota,Corolla,2023,6874,Petrol,Automatic,1,East,20150.0,2026-03-13,21
Porsche,Macan,2021,50791,Petrol,Automatic,1,Metro,48100.0,2026-02-11,4
BMW,5 Series,2016,103824,Petrol,Automatic,2,Central,12550.0,2026-01-28,70
Ford,Mustang,2022,29624,Hybrid,Automatic,1,West,28350.0,2026-08-16,30
Hyundai,Elantra,2017,56942,Hybrid,Manual,1,East,8050.0,2026-04-04,15
Honda,Pilot,2014,173309,Diesel,Manual,3,North,4700.0,2026-05-26,52
BMW,M3,2015,85961,Petrol,Automatic,1,West,12850.0,2026-04-29,45
Toyota,Tacoma,2024,3418,Hybrid,Automatic,1,West,36950.0,2026-03-21,51
Tesla,Model S,2023,12679,Electric,Automatic,1,South,76700.0,2026-09-10,54
Hyundai,Elantra,2018,81521,Petrol,Automatic,2,South,8200.0,2026-08-24,20
Chevrolet,Silverado,2021,32663,Petrol,Automatic,1,North,23700.0,2026-08-30,13
Kia,Sportage,2016,114085,Petrol,Manual,1,West,4500.0,2026-02-02,16
Hyundai,Sonata,2017,81270,Diesel,Automatic,1,West,8050.0,2026-05-16,37
Honda,Civic,2024,3255,Hybrid,Automatic,1,East,26250.0,2026-08-02,17
Hyundai,Tucson,2015,134878,Petrol,Automatic,2,North,5650.0,2026-07-06,25
Toyota,Corolla,2019,80835,Petrol,Manual,2,South,9550.0,2026-05-10,27
Ford,Escape,2023,12472,Petrol,Automatic,1,North,24350.0,2026-02-13,13
Subaru,Outback,2018,96624,Hybrid,Automatic,2,North,11250.0,2026-04-29,39
Honda,Civic,2020,79927,Hybrid,Manual,2,North,13650.0,2025-12-27,30
Porsche,Cayenne,2018,75567,Petrol,Automatic,1,Metro,41750.0,2026-08-07,37
BMW,X3,2012,212998,Petrol,Automatic,1,South,5900.0,2025-09-15,140
Hyundai,Sonata,2012,120887,Petrol,Automatic,3,South,3100.0,2026-04-30,108
Subaru,Impreza,2022,30416,Hybrid,Automatic,1,Metro,19250.0,2025-11-15,18
Kia,Optima,2013,143011,Petrol,Automatic,2,Central,3000.0,2026-09-05,53
Toyota,RAV4,2018,94731,Hybrid,Automatic,3,South,11050.0,2026-01-23,35
BMW,X5,2012,160253,Petrol,Automatic,2,Central,8050.0,2025-10-15,87
Audi,A4,2022,42979,Petrol,Automatic,1,South,28650.0,2026-05-05,42
BMW,3 Series,2014,185080,Diesel,Automatic,1,East,5400.0,2026-08-18,88
BMW,3 Series,2023,15536,Hybrid,Automatic,2,South,40750.0,2026-08-01,19
Hyundai,Sonata,2017,97190,Petrol,Automatic,2,Metro,6150.0,2025-11-21,42
Ford,Escape,2024,3000,Petrol,Automatic,1,Central,26700.0,2025-10-26,57
Mercedes-Benz,GLC,2024,3000,Petrol,Automatic,1,North,48800.0,2026-05-03,25
Honda,Accord,2018,70911,Petrol,Automatic,2,West,13000.0,2026-06-19,14
Honda,CR-V,2017,61590,Petrol,Automatic,4,North,10150.0,2026-02-16,65
Mercedes-Benz,C-Class,2022,25756,Petrol,Automatic,1,North,32000.0,2026-04-05,36
Ford,Escape,2019,69272,Petrol,Automatic,2,South,13150.0,2026-02-21,16
Honda,Civic,2019,38718,Petrol,Automatic,2,South,12100.0,2026-02-25,60
Subaru,Forester,2014,95722,Hybrid,Automatic,3,West,6650.0,2026-01-01,18
Chevrolet,Silverado,2013,199813,Diesel,Automatic,3,Central,4700.0,2026-02-07,140
Toyota,Corolla,2020,90480,Hybrid,Automatic,1,North,10400.0,2026-02-17,11
Ford,Escape,2013,180098,Electric,Automatic,3,North,3350.0,2025-10-27,140
Tesla,Model Y,2015,77764,Electric,Automatic,3,East,11800.0,2026-05-15,38
Audi,A6,2024,3000,Petrol,Manual,1,Central,51250.0,2026-05-23,23
Ford,Mustang,2015,142033,Petrol,Automatic,3,Central,6700.0,2026-03-31,40
Ford,Mustang,2020,40775,Diesel,Automatic,2,Metro,18800.0,2026-01-28,17
Ford,F-150,2015,120451,Petrol,Automatic,2,East,5400.0,2026-06-04,4
Toyota,RAV4,2019,67977,Petrol,Automatic,2,East,15750.0,2026-08-16,54
BMW,3 Series,2021,41707,Petrol,Automatic,1,North,24550.0,2026-08-28,36
Volkswagen,Jetta,2014,115540,Petrol,Automatic,2,Metro,2750.0,2025-10-12,55
Chevrolet,Equinox,2022,21763,Diesel,Automatic,1,North,18750.0,2025-11-12,12
Hyundai,Elantra,2012,109017,Hybrid,Automatic,2,North,2650.0,2026-07-08,20
Honda,Pilot,2015,112540,Petrol,Automatic,2,South,9200.0,2026-08-06,31
Porsche,Panamera,2023,7175,Petrol,Automatic,1,Metro,91200.0,2025-12-05,50
BMW,M3,2022,23734,Petrol,Automatic,1,East,55750.0,2026-03-24,24
Honda,Civic,2021,50842,Petrol,Automatic,2,Metro,16400.0,2026-06-02,9
Chevrolet,Tahoe,2014,198759,Petrol,Automatic,2,Metro,6850.0,2026-08-07,27
Toyota,Tacoma,2023,10937,Hybrid,Automatic,1,North,31200.0,2026-03-17,47
Hyundai,Elantra,2015,132302,Petrol,Automatic,2,North,2650.0,2026-02-26,20
Toyota,Highlander,2016,113014,Hybrid,Manual,3,West,12100.0,2026-02-25,35
Hyundai,Tucson,2013,157443,Hybrid,Automatic,1,Central,4250.0,2026-08-24,41
Nissan,Sentra,2021,25115,Petrol,Automatic,1,South,13750.0,2026-04-10,38
Honda,Pilot,2013,135898,Petrol,Automatic,3,Metro,6000.0,2025-11-27,37
Toyota,Highlander,2018,64651,Petrol,Automatic,3,Metro,19950.0,2025-09-23,67
Mercedes-Benz,E-Class,2018,107518,Hybrid,Manual,3,North,20350.0,2026-01-12,101
Tesla,Model Y,2023,14378,Electric,Automatic,1,West,45150.0,2025-11-13,28
Mercedes-Benz,E-Class,2020,33936,Hybrid,Manual,1,South,25350.0,2026-07-03,8
Toyota,Camry,2014,168134,Petrol,Manual,1,West,4650.0,2026-06-16,31
Honda,Accord,2024,3000,Petrol,Automatic,1,Central,28650.0,2026-06-18,46
Honda,Pilot,2024,3191,Petrol,Automatic,2,West,40250.0,2026-07-12,19
Volkswagen,Jetta,2022,22422,Petrol,Automatic,1,Metro,16800.0,2025-11-09,48
BMW,3 Series,2015,98955,Petrol,Automatic,1,East,7600.0,2026-04-14,12
Mercedes-Benz,C-Class,2020,41312,Petrol,Automatic,2,West,22750.0,2026-05-03,38
Toyota,Highlander,2022,27685,Petrol,Manual,1,South,30600.0,2026-08-16,75
Audi,A4,2013,133969,Petrol,Automatic,3,East,5150.0,2026-06-07,73
BMW,M3,2018,74070,Hybrid,Automatic,2,West,28050.0,2026-05-09,42
Toyota,Tacoma,2013,195793,Hybrid,Automatic,2,Central,7350.0,2026-03-30,9
Honda,Civic,2014,144955,Petrol,Automatic,1,West,5500.0,2026-05-18,69
Toyota,Corolla,2017,92860,Hybrid,Manual,3,West,8800.0,2026-08-21,130
Mercedes-Benz,GLC,2018,68696,Petrol,Automatic,1,East,12550.0,2025-11-08,45
Mercedes-Benz,GLC,2014,137716,Petrol,Automatic,2,Metro,7650.0,2026-06-06,29
BMW,X5,2020,33561,Petrol,Automatic,2,Metro,34850.0,2026-08-01,25
Audi,A6,2018,113056,Petrol,Automatic,1,East,17950.0,2025-10-05,58
Volkswagen,Golf,2024,3000,Petrol,Automatic,1,North,26400.0,2026-09-12,19
Kia,Sportage,2019,62869,Petrol,Automatic,3,Central,11850.0,2026-08-12,18
Subaru,Outback,2019,124435,Petrol,Automatic,1,South,11400.0,2025-09-30,28
Tesla,Model X,2021,42247,Electric,Automatic,1,Metro,64800.0,2025-10-16,77
Toyota,Highlander,2013,126044,Petrol,Automatic,4,West,7550.0,2026-08-04,38
Ford,Explorer,2022,25961,Petrol,Automatic,2,Metro,29850.0,2026-09-13,30
Mercedes-Benz,GLE,2014,225300,Hybrid,Automatic,2,South,7900.0,2026-03-05,51
Chevrolet,Silverado,2020,86915,Diesel,Automatic,2,West,18950.0,2025-10-28,28
Toyota,Highlander,2012,147756,Petrol,Automatic,2,North,7450.0,2025-10-24,56
BMW,M3,2018,49018,Petrol,Automatic,3,Metro,22600.0,2026-07-06,29
Toyota,Highlander,2022,21234,Hybrid,Manual,1,Metro,34650.0,2026-03-11,22
Hyundai,Santa Fe,2022,21434,Petrol,Automatic,1,South,23700.0,2026-02-21,21
Nissan,Pathfinder,2017,66657,Petrol,Automatic,2,East,8850.0,2026-01-18,16
Toyota,RAV4,2021,41451,Hybrid,Automatic,2,East,21300.0,2026-04-21,31
BMW,3 Series,2018,68529,Petrol,Automatic,1,Central,14650.0,2025-11-14,59
Mercedes-Benz,GLC,2020,70021,Hybrid,Automatic,2,Central,22500.0,2026-05-11,53
Ford,Mustang,2019,56797,Petrol,Manual,1,East,14850.0,2025-10-23,8
Honda,Civic,2023,13058,Petrol,Automatic,1,East,23150.0,2026-04-06,17
Honda,Civic,2024,3000,Petrol,Automatic,1,Central,25900.0,2025-11-12,21
Tesla,Model S,2017,130305,Electric,Automatic,3,East,23650.0,2026-06-26,32
Tesla,Model X,2017,87443,Electric,Automatic,3,West,28050.0,2026-03-29,27
Toyota,Camry,2024,3000,Petrol,Automatic,1,West,29450.0,2026-04-23,61
Toyota,Corolla,2022,30392,Hybrid,Automatic,2,North,17700.0,2026-07-26,24
Subaru,Forester,2024,3000,Petrol,Automatic,1,West,29550.0,2026-02-28,9
Ford,Explorer,2017,73369,Petrol,Automatic,3,East,12000.0,2026-03-09,18
Hyundai,Elantra,2013,137042,Petrol,Automatic,2,East,2650.0,2025-11-29,57
Nissan,Rogue,2022,48771,Petrol,Automatic,1,East,20700.0,2025-11-20,15
Tesla,Model Y,2013,87819,Electric,Automatic,3,East,7200.0,2026-05-22,32
Audi,A6,2017,109725,Petrol,Automatic,1,East,14500.0,2026-08-27,18
Hyundai,Tucson,2020,69463,Petrol,Manual,1,East,14250.0,2026-03-03,17
Nissan,Altima,2021,24323,Petrol,Automatic,1,South,16800.0,2025-11-22,50
Hyundai,Elantra,2018,106470,Petrol,Automatic,1,West,7900.0,2025-12-08,46
Toyota,Highlander,2022,28121,Petrol,Manual,1,Metro,31250.0,2026-04-30,13
Mazda,Mazda3,2018,83914,Petrol,Automatic,2,West,10050.0,2025-11-15,30
Audi,Q5,2021,34797,Petrol,Manual,2,South,27250.0,2025-12-14,53
Hyundai,Elantra,2023,15077,Hybrid,Automatic,1,East,21600.0,2026-05-27,14
Hyundai,Sonata,2022,35111,Petrol,Automatic,2,Central,19350.0,2026-05-12,9
Subaru,Crosstrek,2015,206815,Petrol,Automatic,2,Central,3100.0,2025-10-10,73
Toyota,Camry,2021,40277,Petrol,Manual,3,West,16900.0,2026-03-25,20
Mercedes-Benz,GLC,2023,16019,Petrol,Manual,1,North,39750.0,2026-07-01,3
Toyota,RAV4,2017,122335,Petrol,Automatic,3,North,11250.0,2026-03-04,49
BMW,X5,2014,126263,Petrol,Automatic,1,Central,8050.0,2026-08-19,82
Hyundai,Elantra,2024,3000,Hybrid,Automatic,1,Central,22550.0,2026-02-20,11
Toyota,Corolla,2021,40099,Hybrid,Manual,1,Central,14000.0,2025-10-27,33
Toyota,RAV4,2018,150811,Hybrid,Automatic,4,North,12350.0,2026-02-17,38
Honda,Accord,2014,81556,Hybrid,Manual,2,Central,5250.0,2025-10-23,34
Mercedes-Benz,C-Class,2022,29166,Hybrid,Automatic,1,South,33850.0,2026-06-18,13
BMW,X5,2024,3000,Petrol,Automatic,1,Metro,73400.0,2026-07-28,81
Toyota,Tacoma,2016,87496,Petrol,Automatic,1,East,12150.0,2025-12-04,47
Honda,Accord,2019,65042,Petrol,Automatic,1,Metro,14600.0,2026-03-06,14
Ford,Escape,2017,118026,Hybrid,Automatic,2,North,6950.0,2025-10-21,12
Tesla,Model X,2018,92359,Electric,Automatic,2,East,35400.0,2026-05-31,41
Kia,Forte,2019,46524,Hybrid,Automatic,1,South,10150.0,2026-05-19,36
Mercedes-Benz,C-Class,2023,14757,Electric,Automatic,1,East,42550.0,2026-07-09,40
Porsche,Macan,2020,39557,Petrol,Automatic,1,Central,43150.0,2025-12-13,35
Porsche,Cayenne,2022,20285,Petrol,Automatic,2,Central,62650.0,2026-03-11,64
Toyota,Corolla,2023,12740,Hybrid,Automatic,1,Central,19300.0,2025-09-18,24
Honda,CR-V,2022,18017,Petrol,Automatic,1,Central,24300.0,2026-02-09,13
Mercedes-Benz,GLC,2021,33210,Petrol,Automatic,2,South,27000.0,2026-06-27,21
Kia,Forte,2017,122196,Petrol,Automatic,3,East,5950.0,2025-09-23,31
Hyundai,Santa Fe,2022,14881,Petrol,Automatic,1,Central,24200.0,2026-03-20,17
Mercedes-Benz,C-Class,2020,54310,Diesel,Automatic,1,East,21500.0,2025-12-17,34
Hyundai,Sonata,2020,63973,Petrol,Automatic,1,South,13450.0,2026-09-06,25
Kia,Optima,2020,58484,Petrol,Manual,2,Central,11900.0,2025-12-31,6
Honda,Pilot,2024,3000,Petrol,Automatic,2,North,39250.0,2026-05-06,34
Toyota,Highlander,2024,3000,Hybrid,Automatic,1,West,45000.0,2026-01-20,36
Volkswagen,Jetta,2019,80528,Petrol,Manual,1,South,8400.0,2026-08-10,25
BMW,M3,2019,74313,Petrol,Automatic,2,North,25850.0,2026-06-24,45
Toyota,RAV4,2015,109087,Hybrid,Automatic,3,Central,8000.0,2025-12-15,34
Tesla,Model 3,2023,13362,Electric,Automatic,1,West,42250.0,2025-11-27,43
Toyota,RAV4,2018,59997,Hybrid,Automatic,2,West,13350.0,2026-08-31,10
Mercedes-Benz,E-Class,2023,24954,Petrol,Automatic,1,Central,49750.0,2026-06-10,72
Nissan,Pathfinder,2020,63681,Petrol,Automatic,2,East,17450.0,2026-03-01,9
Hyundai,Sonata,2022,40102,Hybrid,Automatic,1,South,21650.0,2025-12-27,40
Kia,Telluride,2021,38015,Petrol,Manual,2,Metro,23250.0,2026-01-29,38
Audi,A6,2022,25379,Hybrid,Automatic,1,South,45250.0,2026-04-16,46
Toyota,Camry,2023,19484,Petrol,Automatic,1,South,24550.0,2025-11-21,68
Hyundai,Sonata,2024,3000,Petrol,Manual,1,South,24700.0,2025-12-17,46
Chevrolet,Tahoe,2018,94322,Diesel,Manual,2,Central,20600.0,2026-06-09,17
Ford,F-150,2024,3000,Petrol,Manual,1,East,37150.0,2026-05-27,5
Ford,Escape,2015,56763,Petrol,Automatic,3,North,6400.0,2026-08-17,34
Toyota,Highlander,2019,104134,Hybrid,Manual,1,West,22700.0,2026-03-09,70
Honda,CR-V,2015,144362,Petrol,Automatic,2,West,7400.0,2026-05-26,12
Toyota,Tacoma,2014,204826,Hybrid,Manual,3,West,4650.0,2025-12-26,58
Subaru,Crosstrek,2021,44452,Petrol,Manual,3,East,14450.0,2026-03-03,37
Hyundai,Elantra,2016,103059,Petrol,Automatic,2,North,3500.0,2025-09-22,32
Ford,F-150,2020,47370,Petrol,Manual,1,Metro,19850.0,2026-02-11,17
Tesla,Model S,2014,102230,Electric,Automatic,2,North,14850.0,2026-05-22,16
Honda,Civic,2021,29285,Diesel,Automatic,2,South,14750.0,2025-10-08,21
Honda,Civic,2024,3000,Hybrid,Automatic,1,West,27050.0,2026-08-06,19
Porsche,Panamera,2022,16749,Petrol,Automatic,1,North,85200.0,2026-07-04,31
Ford,Escape,2021,36221,Petrol,Automatic,2,South,15650.0,2026-05-23,38
Mazda,CX-9,2024,3000,Petrol,Automatic,1,North,37450.0,2026-02-17,21
Tesla,Model S,2022,25332,Electric,Automatic,1,East,67250.0,2025-10-13,57
Ford,Mustang,2016,104754,Petrol,Automatic,2,Central,8050.0,2026-03-03,22
Honda,Accord,2018,75124,Petrol,Manual,1,North,10150.0,2026-03-03,23
Mercedes-Benz,E-Class,2021,41434,Petrol,Automatic,1,East,36100.0,2026-02-22,58
Ford,Escape,2023,6788,Petrol,Automatic,1,North,23850.0,2026-02-26,20
BMW,X3,2018,75542,Petrol,Automatic,2,Central,14350.0,2026-02-26,65
Mazda,Mazda6,2018,77562,Hybrid,Automatic,3,North,11200.0,2026-07-27,31
Subaru,Impreza,2015,150671,Petrol,Automatic,3,South,4100.0,2026-08-13,65
BMW,M3,2018,79863,Petrol,Automatic,2,West,25600.0,2025-11-28,105
Toyota,Camry,2019,45938,Petrol,Automatic,1,West,13650.0,2026-08-11,19
Toyota,Highlander,2018,84106,Petrol,Automatic,4,North,16950.0,2026-05-28,28
Mazda,CX-9,2013,135899,Petrol,Automatic,2,South,4550.0,2026-07-07,59
Honda,Accord,2014,192380,Petrol,Manual,3,Metro,4000.0,2026-06-18,25
Porsche,Macan,2024,3000,Petrol,Manual,1,Metro,64200.0,2026-04-15,66
Toyota,RAV4,2019,59853,Hybrid,Manual,1,Central,15050.0,2026-04-28,20
Toyota,Corolla,2015,125329,Hybrid,Automatic,2,West,5200.0,2026-05-02,67
Audi,Q5,2018,62204,Petrol,Automatic,1,Metro,18250.0,2026-06-19,38
BMW,3 Series,2022,17747,Petrol,Automatic,1,East,35200.0,2025-11-29,32
Toyota,RAV4,2021,51397,Petrol,Automatic,1,Metro,23400.0,2025-12-06,38
Volkswagen,Tiguan,2022,34938,Electric,Automatic,1,East,22400.0,2025-10-22,47
Honda,Pilot,2024,3000,Petrol,Automatic,1,West,39100.0,2026-06-22,34
Chevrolet,Malibu,2021,42801,Petrol,Automatic,2,South,16300.0,2025-10-13,15
Chevrolet,Tahoe,2024,3000,Diesel,Automatic,1,North,57150.0,2026-03-30,20
Toyota,Tacoma,2021,37913,Petrol,Manual,1,West,23650.0,2025-10-05,18
BMW,X5,2016,67060,Diesel,Manual,2,Central,14350.0,2026-08-10,29
Porsche,Macan,2024,3000,Petrol,Automatic,2,Metro,67050.0,2025-09-18,15
Mazda,Mazda3,2024,3000,Petrol,Automatic,1,South,25100.0,2026-04-14,9
Toyota,Highlander,2024,3000,Hybrid,Automatic,1,Central,40350.0,2026-08-01,25
BMW,X3,2024,3000,Petrol,Automatic,1,Central,48500.0,2026-03-30,25
BMW,X3,2016,193440,Petrol,Automatic,3,Central,5900.0,2026-08-27,60
Mercedes-Benz,E-Class,2022,26001,Petrol,Automatic,2,East,40200.0,2025-11-03,14
Honda,Accord,2020,44574,Petrol,Automatic,3,Central,15050.0,2026-07-01,25
Kia,Sportage,2018,110016,Petrol,Automatic,2,East,11450.0,2026-06-09,51
Hyundai,Tucson,2024,3000,Hybrid,Automatic,1,Central,29400.0,2026-09-06,12
BMW,3 Series,2023,13307,Petrol,Automatic,2,North,37100.0,2025-12-15,16
Subaru,Crosstrek,2014,66450,Petrol,Automatic,2,West,5950.0,2026-09-05,38
Honda,CR-V,2021,21775,Petrol,Automatic,2,North,21900.0,2025-10-25,32
Hyundai,Tucson,2023,15917,Petrol,Manual,1,Metro,24450.0,2025-11-24,45
Audi,Q5,2019,43576,Petrol,Automatic,1,South,16600.0,2026-03-09,7
Hyundai,Santa Fe,2023,7526,Petrol,Automatic,1,East,29400.0,2025-11-30,36
Toyota,RAV4,2016,117869,Hybrid,Manual,2,West,9550.0,2025-10-03,25
Honda,CR-V,2024,3000,Petrol,Automatic,1,North,30050.0,2026-08-24,12
Toyota,Camry,2021,27161,Hybrid,Automatic,1,West,18950.0,2026-06-02,13
Hyundai,Sonata,2020,42255,Hybrid,Automatic,3,North,13250.0,2026-04-18,22
Kia,Forte,2024,3000,Petrol,Automatic,1,South,20400.0,2025-11-11,25
Tesla,Model S,2016,96475,Electric,Automatic,1,East,23750.0,2026-02-24,46
Nissan,Rogue,2022,39266,Petrol,Automatic,1,Central,19000.0,2025-12-01,18
Honda,Civic,2017,92131,Petrol,Automatic,3,Central,7500.0,2025-10-02,100
BMW,X5,2014,151239,Electric,Automatic,2,East,8050.0,2026-06-30,56
Tesla,Model 3,2020,62570,Electric,Automatic,1,East,20800.0,2026-04-19,25
BMW,X3,2023,13089,Petrol,Automatic,1,Metro,44950.0,2026-02-03,51
Hyundai,Santa Fe,2024,3000,Petrol,Automatic,1,North,34700.0,2026-09-01,14
Volkswagen,Golf,2020,64594,Petrol,Automatic,2,South,12900.0,2025-10-03,49
Chevrolet,Malibu,2017,101374,Petrol,Automatic,1,South,5750.0,2026-04-29,25
Toyota,Highlander,2022,33968,Hybrid,Manual,1,East,33750.0,2025-09-20,13
Tesla,Model S,2023,18333,Electric,Automatic,1,South,70550.0,2026-09-07,42
Honda,Accord,2024,3000,Petrol,Manual,1,Metro,29150.0,2026-02-03,16
Audi,Q7,2012,108555,Petrol,Automatic,2,Metro,7450.0,2026-08-16,106
BMW,X5,2015,89442,Hybrid,Automatic,2,West,15650.0,2026-03-12,24
Ford,F-150,2021,45331,Petrol,Automatic,1,North,24350.0,2026-04-03,27
Toyota,Camry,2023,8046,Hybrid,Automatic,1,Metro,27100.0,2025-09-17,8
Audi,A6,2020,32106,Petrol,Automatic,3,East,27400.0,2025-11-06,23
Ford,F-150,2021,35256,Petrol,Automatic,2,West,23200.0,2026-05-01,28
Tesla,Model Y,2023,9816,Electric,Automatic,1,North,41750.0,2025-10-27,24
Toyota,Camry,2020,45220,Petrol,Manual,2,Metro,13650.0,2026-01-06,18
Tesla,Model X,2017,112685,Electric,Automatic,3,East,26800.0,2025-09-23,21
BMW,5 Series,2019,72599,Petrol,Automatic,1,East,18700.0,2026-05-11,32
Audi,A6,2024,3000,Petrol,Automatic,1,South,59550.0,2026-08-01,32
Toyota,Corolla,2012,129151,Petrol,Automatic,1,West,2800.0,2025-10-29,56
Tesla,Model X,2020,39741,Electric,Automatic,1,East,50000.0,2025-12-12,20
Honda,Accord,2018,65830,Petrol,Automatic,2,Central,10750.0,2026-02-23,38
Toyota,RAV4,2016,92003,Diesel,Automatic,3,Metro,9500.0,2026-03-18,15
Ford,Explorer,2022,44485,Hybrid,Automatic,1,Central,27900.0,2026-01-01,4
Ford,Explorer,2016,98574,Hybrid,Automatic,1,Metro,11650.0,2026-05-30,31
Honda,Civic,2019,50764,Petrol,Automatic,1,West,11750.0,2026-01-21,15
Tesla,Model Y,2012,167047,Electric,Automatic,1,South,5750.0,2026-06-30,107
Nissan,Pathfinder,2016,136769,Electric,Automatic,4,North,7650.0,2026-06-05,56
Ford,Escape,2022,35933,Petrol,Automatic,1,Metro,21250.0,2026-05-17,26
Honda,Civic,2018,92692,Petrol,Manual,3,Metro,9650.0,2026-06-23,15
Toyota,Highlander,2024,3000,Diesel,Automatic,1,West,39150.0,2025-11-20,33
Honda,Pilot,2022,27966,Petrol,Automatic,1,North,31500.0,2025-12-15,52
Ford,Explorer,2020,42708,Petrol,Manual,3,West,20050.0,2026-05-08,55
Honda,CR-V,2020,56319,Hybrid,Automatic,1,East,17800.0,2026-05-29,46
Chevrolet,Equinox,2021,32376,Petrol,Automatic,1,West,18650.0,2025-12-18,40
Honda,Civic,2022,13338,Hybrid,Automatic,1,Metro,22350.0,2026-04-05,19
Audi,A6,2023,14194,Petrol,Manual,1,South,45850.0,2025-09-28,28
BMW,X5,2020,41632,Diesel,Automatic,1,Metro,32700.0,2026-02-15,11
Ford,Explorer,2020,74726,Electric,Manual,1,Metro,21600.0,2026-08-23,39
Honda,CR-V,2014,109798,Petrol,Automatic,4,South,4150.0,2025-11-24,22
Honda,CR-V,2020,80670,Hybrid,Automatic,1,Central,17450.0,2025-11-16,28
Toyota,Tacoma,2020,58289,Hybrid,Automatic,1,West,22250.0,2025-11-04,54
Kia,Telluride,2012,166407,Petrol,Automatic,1,South,4550.0,2026-07-02,86
Tesla,Model 3,2023,12082,Electric,Automatic,1,West,40350.0,2026-08-25,22
BMW,X3,2019,63075,Petrol,Automatic,1,East,19900.0,2025-11-06,38
Audi,A6,2014,113141,Hybrid,Automatic,1,Central,8100.0,2025-11-29,51
Mazda,Mazda3,2013,208563,Petrol,Automatic,1,West,3000.0,2026-08-14,140
Ford,Mustang,2015,131466,Petrol,Automatic,1,East,5600.0,2026-04-28,34
Mercedes-Benz,GLE,2024,3000,Petrol,Manual,1,South,63350.0,2026-01-23,37
Ford,Escape,2017,134042,Petrol,Automatic,1,East,10150.0,2026-08-28,75
Ford,Mustang,2013,203651,Petrol,Manual,2,North,4100.0,2026-09-08,140
BMW,M3,2014,142757,Petrol,Automatic,2,North,9350.0,2026-01-03,43
Tesla,Model 3,2021,34971,Electric,Automatic,1,West,29300.0,2025-12-14,36
Toyota,Tacoma,2023,12643,Hybrid,Automatic,1,North,30450.0,2026-03-10,30
Ford,Explorer,2022,18259,Diesel,Automatic,1,North,26950.0,2026-01-14,24
Honda,Accord,2014,159504,Petrol,Automatic,3,Central,4500.0,2026-02-11,39
Ford,Explorer,2023,17950,Petrol,Manual,1,North,30100.0,2025-12-07,26
Volkswagen,Jetta,2021,54833,Petrol,Manual,1,South,13600.0,2025-10-07,19
Tesla,Model Y,2017,95574,Electric,Automatic,3,Metro,13300.0,2025-10-15,56
Tesla,Model 3,2016,130362,Electric,Automatic,4,East,10700.0,2026-03-13,23
Toyota,Camry,2017,98517,Petrol,Automatic,2,West,9950.0,2026-04-15,46
Toyota,Corolla,2023,12848,Hybrid,Manual,1,North,19600.0,2025-12-06,36
Subaru,Crosstrek,2023,7087,Petrol,Automatic,1,Metro,25050.0,2025-11-19,40
Tesla,Model 3,2018,90212,Electric,Automatic,3,Central,10800.0,2026-08-04,28
Audi,A6,2022,20166,Hybrid,Automatic,1,North,42500.0,2025-10-30,23
Audi,Q7,2013,107880,Petrol,Automatic,2,West,7450.0,2025-09-25,58
Toyota,Highlander,2023,6178,Petrol,Automatic,1,Metro,36400.0,2026-08-02,20
Tesla,Model S,2018,56830,Electric,Automatic,3,East,38500.0,2026-04-05,48
Toyota,Camry,2016,120153,Hybrid,Automatic,3,North,6550.0,2026-08-25,26
Porsche,Panamera,2024,3000,Hybrid,Automatic,1,Metro,107300.0,2026-09-08,34
Mercedes-Benz,GLE,2023,26478,Hybrid,Automatic,2,South,59800.0,2026-06-14,37
Volkswagen,Jetta,2023,9672,Diesel,Manual,1,North,19250.0,2025-09-28,29
Toyota,Corolla,2014,138895,Petrol,Automatic,1,South,4950.0,2025-11-21,40
Tesla,Model Y,2013,276173,Electric,Automatic,2,North,5750.0,2026-05-07,140
Kia,Telluride,2019,101175,Petrol,Automatic,2,Metro,17400.0,2026-08-19,28
Toyota,Highlander,2023,15509,Petrol,Automatic,1,South,36300.0,2025-11-20,54
Ford,F-150,2016,45893,Petrol,Automatic,2,Metro,10950.0,2025-12-02,11
Mazda,CX-5,2023,12280,Petrol,Automatic,1,South,25200.0,2026-07-25,21
Toyota,RAV4,2018,94246,Hybrid,Automatic,3,West,13500.0,2025-12-05,15
Toyota,Camry,2020,53925,Hybrid,Automatic,2,Metro,14850.0,2025-11-18,24
Audi,Q7,2022,25094,Petrol,Automatic,2,Central,42700.0,2026-08-23,16
Tesla,Model 3,2017,94799,Electric,Automatic,2,West,15050.0,2026-05-20,63
Honda,Pilot,2022,47816,Petrol,Automatic,1,West,28300.0,2026-08-14,16
Nissan,Pathfinder,2014,173032,Hybrid,Automatic,1,East,4450.0,2026-04-11,31
Audi,Q7,2020,45741,Petrol,Automatic,1,West,33850.0,2026-03-03,45
Ford,F-150,2015,106206,Petrol,Automatic,1,Metro,7300.0,2026-05-08,31
Mercedes-Benz,E-Class,2023,11947,Petrol,Automatic,1,North,51900.0,2026-06-25,39
Toyota,Corolla,2021,33656,Hybrid,Automatic,2,South,15250.0,2025-11-05,17
BMW,3 Series,2020,47177,Petrol,Automatic,1,South,21550.0,2026-03-12,19
Toyota,Camry,2023,11912,Hybrid,Automatic,1,North,26550.0,2026-05-11,14
Toyota,Tacoma,2021,20220,Petrol,Automatic,2,West,22450.0,2025-12-06,27
Ford,F-150,2017,103219,Petrol,Automatic,2,North,13850.0,2026-06-09,43
Volkswagen,Passat,2018,59900,Petrol,Automatic,2,Central,10800.0,2026-08-12,23
Volkswagen,Tiguan,2023,6290,Petrol,Automatic,2,Metro,29500.0,2026-09-10,11
Kia,Optima,2022,25197,Petrol,Automatic,1,Metro,19000.0,2026-03-11,14
Ford,F-150,2023,9368,Petrol,Automatic,1,Metro,33800.0,2026-05-17,22
Kia,Forte,2017,66130,Petrol,Manual,3,East,5500.0,2026-05-26,35
Kia,Sportage,2024,3000,Petrol,Automatic,1,North,27050.0,2026-06-17,14
Hyundai,Santa Fe,2023,31220,Petrol,Automatic,1,Central,25800.0,2026-05-17,26
BMW,5 Series,2022,29272,Petrol,Automatic,2,West,43350.0,2026-02-04,27
Toyota,Camry,2021,46889,Petrol,Automatic,3,East,18100.0,2026-06-22,44
Volkswagen,Passat,2021,24659,Petrol,Automatic,1,South,17750.0,2026-06-10,47
Audi,A4,2019,55598,Petrol,Manual,1,East,16100.0,2026-03-12,15
Kia,Forte,2021,21878,Petrol,Automatic,2,East,13850.0,2025-12-16,28
Volkswagen,Jetta,2018,102750,Diesel,Automatic,1,East,9350.0,2025-10-14,54
Hyundai,Sonata,2013,117248,Hybrid,Automatic,3,Central,4100.0,2025-09-30,53
Hyundai,Sonata,2017,131761,Petrol,Automatic,1,Metro,8800.0,2025-11-05,15
Toyota,Corolla,2023,20766,Petrol,Automatic,1,West,19850.0,2026-04-03,32
Ford,Escape,2019,67617,Hybrid,Automatic,1,West,12700.0,2026-03-10,29
Honda,Accord,2021,28343,Diesel,Manual,2,East,16600.0,2026-08-18,61
Volkswagen,Jetta,2021,57923,Petrol,Automatic,3,North,13050.0,2025-11-11,64
Chevrolet,Equinox,2012,136551,Petrol,Automatic,2,Metro,3350.0,2025-12-06,24
BMW,X5,2022,26370,Diesel,Automatic,1,West,44200.0,2026-07-03,4
Mazda,Mazda3,2016,88997,Diesel,Automatic,3,South,6850.0,2026-08-17,14
Toyota,Highlander,2013,115892,Hybrid,Automatic,2,West,9750.0,2026-09-11,31
Toyota,Tacoma,2022,26948,Petrol,Automatic,1,South,27850.0,2026-04-14,33
Honda,Pilot,2024,3000,Petrol,Automatic,2,Metro,40600.0,2026-05-15,10
Hyundai,Elantra,2021,38100,Petrol,Automatic,1,North,14700.0,2026-05-18,44
Honda,Accord,2015,109021,Petrol,Automatic,4,Central,3850.0,2026-03-06,28
Audi,A4,2017,61447,Petrol,Automatic,1,Central,10350.0,2025-10-08,49
Toyota,Corolla,2018,67631,Petrol,Automatic,1,South,8800.0,2026-04-11,15
Audi,A4,2023,11158,Hybrid,Automatic,1,North,34750.0,2025-12-07,14
Audi,A6,2019,107461,Diesel,Automatic,1,South,21500.0,2026-08-07,62
Kia,Forte,2020,56997,Petrol,Automatic,2,East,10850.0,2025-12-18,17
Honda,Accord,2023,11672,Petrol,Automatic,1,East,26800.0,2026-07-03,20
Toyota,Tacoma,2020,85085,Petrol,Automatic,1,West,21200.0,2026-06-21,24
Ford,Escape,2017,177708,Petrol,Automatic,2,South,5550.0,2025-10-30,28
BMW,5 Series,2019,80391,Petrol,Automatic,1,Central,21750.0,2025-10-21,50
Tesla,Model 3,2013,103734,Electric,Automatic,2,East,5050.0,2026-06-29,29
Toyota,RAV4,2024,3000,Hybrid,Automatic,1,East,32200.0,2025-11-23,57
Toyota,RAV4,2022,21906,Petrol,Automatic,1,Central,23350.0,2025-12-09,11
BMW,X5,2019,85205,Petrol,Automatic,1,West,21100.0,2026-08-15,48
Hyundai,Sonata,2024,3334,Petrol,Automatic,1,East,26500.0,2026-08-09,23
Toyota,Corolla,2024,3627,Hybrid,Automatic,1,South,23300.0,2025-11-17,27
Toyota,Corolla,2024,3000,Petrol,Automatic,1,South,21250.0,2026-05-03,53
Honda,Pilot,2024,3000,Hybrid,Automatic,1,South,43750.0,2026-01-14,35
Hyundai,Santa Fe,2016,137686,Petrol,Automatic,1,South,7450.0,2025-10-05,4
Honda,Pilot,2016,107479,Petrol,Automatic,1,East,12850.0,2026-08-26,39
Toyota,Camry,2024,3384,Hybrid,Automatic,1,East,27650.0,2026-05-09,21
Tesla,Model 3,2014,114655,Electric,Automatic,3,North,5300.0,2026-09-07,39
Volkswagen,Passat,2014,175217,Petrol,Automatic,2,West,3850.0,2026-01-12,140
Audi,A6,2015,74753,Petrol,Automatic,2,East,7750.0,2026-07-23,6
Subaru,Impreza,2022,19825,Petrol,Automatic,1,South,17200.0,2026-03-19,4
Mercedes-Benz,C-Class,2016,103263,Hybrid,Automatic,2,East,9650.0,2025-10-06,65
Honda,Accord,2021,98789,Petrol,Automatic,2,South,17900.0,2025-09-29,41
Mercedes-Benz,GLC,2019,81028,Petrol,Automatic,1,South,21800.0,2026-08-04,39
Toyota,Corolla,2022,29652,Hybrid,Automatic,1,Metro,18650.0,2025-12-29,14
Audi,A4,2012,226609,Petrol,Manual,2,South,5150.0,2026-07-05,140
Mercedes-Benz,GLE,2018,79170,Diesel,Automatic,2,East,22200.0,2025-12-04,29
Kia,Optima,2019,64801,Petrol,Manual,2,South,10350.0,2026-07-14,23
Mercedes-Benz,E-Class,2019,65748,Hybrid,Automatic,1,East,23750.0,2025-11-15,39
Kia,Forte,2020,62191,Petrol,Automatic,1,South,11750.0,2026-08-13,18
Honda,Civic,2019,59166,Diesel,Automatic,1,North,12100.0,2026-07-15,9
Toyota,RAV4,2015,151681,Petrol,Automatic,1,South,6800.0,2026-04-14,24
BMW,X5,2022,29264,Petrol,Automatic,1,East,51000.0,2025-12-19,113
Toyota,Tacoma,2016,77157,Hybrid,Manual,3,South,10700.0,2026-02-13,20
Toyota,RAV4,2014,122313,Hybrid,Automatic,2,Metro,8400.0,2026-04-08,10
Honda,CR-V,2022,27069,Petrol,Automatic,1,East,25050.0,2025-11-30,3
Toyota,Highlander,2023,23444,Petrol,Automatic,1,South,36650.0,2026-01-05,32
BMW,X5,2021,59965,Hybrid,Automatic,2,North,38350.0,2025-11-15,15
Hyundai,Sonata,2017,137916,Petrol,Automatic,2,East,5600.0,2025-09-17,17
Toyota,Camry,2015,146123,Petrol,Automatic,2,West,4700.0,2026-04-16,28
Tesla,Model 3,2020,45213,Electric,Automatic,2,East,21700.0,2026-06-30,30
Honda,Pilot,2017,128823,Hybrid,Automatic,2,Central,14300.0,2025-12-23,23
Honda,Civic,2024,3000,Hybrid,Manual,1,West,25600.0,2025-11-13,8
Mercedes-Benz,E-Class,2016,56883,Hybrid,Automatic,2,North,16800.0,2026-03-29,55
Toyota,Tacoma,2017,160005,Hybrid,Automatic,2,South,9700.0,2025-12-22,24
Ford,Mustang,2015,89392,Petrol,Automatic,2,North,6700.0,2026-08-09,94
Volkswagen,Jetta,2012,160440,Petrol,Automatic,1,West,2750.0,2025-11-03,140
Mercedes-Benz,GLC,2013,180259,Hybrid,Automatic,1,East,6000.0,2026-05-19,140
Subaru,Forester,2020,109971,Petrol,Automatic,1,North,14900.0,2025-11-29,17
Kia,Forte,2016,98830,Petrol,Automatic,2,North,5900.0,2026-07-08,30
BMW,M3,2013,119461,Petrol,Automatic,2,South,11950.0,2026-06-18,105
Toyota,Tacoma,2012,152017,Petrol,Automatic,1,East,8300.0,2026-02-07,46
Honda,Accord,2013,114475,Petrol,Automatic,2,Central,3500.0,2026-02-23,15
Toyota,Highlander,2012,200355,Hybrid,Automatic,3,East,6000.0,2026-02-22,29
Audi,A4,2020,27193,Petrol,Automatic,1,North,21100.0,2026-04-02,47
BMW,3 Series,2020,45517,Hybrid,Manual,2,North,22600.0,2026-02-08,65
Toyota,Highlander,2023,13475,Hybrid,Automatic,2,Central,34050.0,2026-08-21,21
Chevrolet,Tahoe,2024,3000,Petrol,Manual,1,Central,50950.0,2026-08-27,29
Honda,CR-V,2019,58592,Diesel,Automatic,1,East,14550.0,2026-07-29,21
Nissan,Pathfinder,2015,102012,Petrol,Manual,2,West,4750.0,2026-07-22,29
Hyundai,Santa Fe,2021,37112,Petrol,Automatic,1,South,21700.0,2025-12-07,29
Hyundai,Santa Fe,2022,28642,Hybrid,Automatic,1,Central,24900.0,2025-11-27,11
Hyundai,Elantra,2019,93957,Hybrid,Manual,1,East,8550.0,2025-10-20,35
Honda,Accord,2022,12234,Hybrid,Automatic,1,Metro,25700.0,2026-01-18,23
Toyota,Corolla,2016,151764,Petrol,Automatic,2,Metro,5300.0,2026-02-13,14
Tesla,Model 3,2017,102110,Electric,Automatic,2,Central,10850.0,2026-08-25,34
Ford,Explorer,2023,17098,Diesel,Automatic,1,West,31500.0,2026-08-23,26
Honda,Pilot,2024,3235,Petrol,Automatic,1,Metro,41750.0,2026-04-28,13
Ford,Escape,2014,121390,Petrol,Automatic,1,North,3350.0,2025-09-22,7
BMW,X5,2024,3000,Petrol,Automatic,1,West,71250.0,2025-11-25,50
BMW,X3,2017,139372,Petrol,Manual,3,Central,8000.0,2025-12-21,50
Toyota,Corolla,2013,164573,Hybrid,Manual,2,West,2650.0,2026-07-04,78
Honda,Civic,2020,51856,Petrol,Automatic,1,Central,13950.0,2026-08-11,26
Porsche,911,2019,74067,Petrol,Manual,1,East,72700.0,2026-07-25,25
Toyota,Corolla,2019,91486,Hybrid,Automatic,1,South,10350.0,2025-11-11,22
Honda,Civic,2024,3000,Petrol,Automatic,1,Metro,26100.0,2026-05-08,47
Volkswagen,Passat,2012,138895,Petrol,Automatic,2,East,3500.0,2026-07-09,25
Chevrolet,Tahoe,2023,14093,Petrol,Automatic,2,West,46450.0,2025-12-01,30
Ford,F-150,2019,62875,Petrol,Automatic,1,South,16600.0,2025-12-16,31
Nissan,Altima,2024,3308,Petrol,Automatic,1,Central,26550.0,2026-07-22,27
Toyota,Highlander,2015,190606,Hybrid,Automatic,1,South,11750.0,2026-07-11,43
Honda,CR-V,2023,7786,Petrol,Automatic,1,East,28750.0,2026-06-26,11
Ford,Mustang,2023,11332,Petrol,Automatic,1,Metro,30250.0,2026-04-27,30
Honda,Pilot,2023,14244,Petrol,Automatic,1,South,33800.0,2025-12-31,17
Audi,Q5,2013,234325,Electric,Automatic,2,West,5650.0,2026-04-03,140
Volkswagen,Jetta,2018,68133,Petrol,Automatic,3,East,7050.0,2025-10-23,35
BMW,5 Series,2023,13968,Diesel,Automatic,1,East,46550.0,2025-10-03,24
BMW,3 Series,2018,95917,Petrol,Automatic,1,North,16350.0,2025-12-22,122
BMW,M3,2021,42876,Hybrid,Manual,1,Central,40750.0,2026-08-10,19
BMW,X3,2023,12586,Petrol,Manual,1,Central,38250.0,2026-06-20,28
Tesla,Model S,2019,61313,Electric,Automatic,1,South,44400.0,2026-02-06,14
Volkswagen,Jetta,2015,177548,Petrol,Automatic,2,North,2750.0,2026-08-16,140
Mercedes-Benz,GLE,2016,84053,Petrol,Automatic,3,Central,15350.0,2026-07-26,60
Mercedes-Benz,GLE,2012,99473,Hybrid,Automatic,1,Central,7900.0,2026-04-07,140
Toyota,Camry,2022,18829,Hybrid,Automatic,1,West,23500.0,2026-04-09,26
Nissan,Rogue,2019,68430,Petrol,Automatic,1,East,11400.0,2026-02-09,28
Ford,F-150,2024,3000,Petrol,Automatic,1,East,40800.0,2025-10-10,12
Ford,F-150,2017,94565,Petrol,Automatic,1,East,11900.0,2026-08-07,24
Honda,CR-V,2022,32151,Petrol,Automatic,1,West,26250.0,2026-07-27,37
Honda,Civic,2024,3000,Petrol,Manual,1,West,23200.0,2025-12-08,28
Nissan,Rogue,2021,32193,Petrol,Automatic,1,North,19100.0,2025-10-26,55
Toyota,Highlander,2024,3000,Petrol,Manual,1,North,35750.0,2026-01-25,13
Ford,Explorer,2016,171545,Electric,Automatic,3,East,8500.0,2026-03-13,20
Mazda,Mazda3,2021,33615,Petrol,Automatic,1,West,18900.0,2025-09-29,24
Porsche,Panamera,2017,88643,Petrol,Automatic,1,Metro,55500.0,2026-04-28,44
Toyota,Highlander,2017,99943,Petrol,Automatic,2,South,17000.0,2025-11-17,49
Mercedes-Benz,GLE,2022,28030,Petrol,Manual,1,North,41250.0,2026-07-07,15
Nissan,Rogue,2017,122350,Petrol,Automatic,2,West,5100.0,2025-12-30,28
Chevrolet,Malibu,2013,119634,Petrol,Automatic,1,North,3100.0,2025-10-13,77
Toyota,Camry,2023,7010,Hybrid,Automatic,1,Central,24500.0,2026-03-28,20
Ford,Mustang,2023,13868,Petrol,Manual,2,West,30100.0,2026-02-19,25
Toyota,Tacoma,2023,12197,Petrol,Automatic,2,Metro,30900.0,2026-07-08,35
Kia,Optima,2013,146630,Petrol,Automatic,2,North,3550.0,2025-12-02,140
Chevrolet,Tahoe,2024,3000,Diesel,Automatic,1,Central,54200.0,2025-12-10,46
BMW,X5,2019,72462,Petrol,Automatic,2,Metro,24750.0,2026-09-08,39
Volkswagen,Jetta,2018,109352,Hybrid,Automatic,2,East,6000.0,2026-03-13,27
BMW,3 Series,2023,15392,Hybrid,Automatic,1,East,37900.0,2026-02-02,26
Nissan,Rogue,2016,173437,Petrol,Automatic,2,South,3550.0,2026-09-13,70
BMW,5 Series,2015,98146,Hybrid,Automatic,4,Central,6950.0,2026-09-13,19
Ford,Mustang,2017,71307,Petrol,Automatic,2,East,10200.0,2026-01-31,24
Tesla,Model Y,2016,104833,Electric,Automatic,3,Metro,8900.0,2026-04-21,34
Porsche,Cayenne,2016,123742,Petrol,Automatic,3,West,37100.0,2026-07-05,34
Mercedes-Benz,E-Class,2024,3000,Petrol,Automatic,1,West,63300.0,2026-06-25,13
Ford,Escape,2022,18358,Petrol,Automatic,1,Metro,23100.0,2026-01-23,8
Chevrolet,Silverado,2020,35906,Petrol,Automatic,2,South,20150.0,2025-12-11,27
Honda,Accord,2020,50842,Petrol,Automatic,2,East,16050.0,2026-03-26,15
BMW,3 Series,2012,154919,Diesel,Automatic,3,Metro,5400.0,2026-04-13,140
Hyundai,Santa Fe,2024,3000,Petrol,Automatic,1,East,33350.0,2026-03-19,13
Nissan,Sentra,2016,89070,Petrol,Manual,2,West,3300.0,2025-10-02,18
Mercedes-Benz,GLE,2023,9021,Petrol,Automatic,1,East,55850.0,2026-04-24,31
Nissan,Sentra,2023,13312,Petrol,Automatic,1,Metro,18200.0,2026-03-13,14
Mercedes-Benz,GLC,2013,123579,Hybrid,Manual,1,West,6000.0,2026-02-27,96
Ford,Mustang,2017,190018,Petrol,Automatic,1,Central,6800.0,2026-01-01,3
Mercedes-Benz,E-Class,2024,3000,Diesel,Automatic,1,Metro,61450.0,2026-07-06,19
Audi,A4,2023,11481,Petrol,Automatic,1,North,36450.0,2025-10-16,6
Honda,CR-V,2022,31471,Petrol,Automatic,1,Metro,25500.0,2026-07-26,79
BMW,M3,2019,75070,Petrol,Automatic,2,North,32300.0,2026-01-11,43
Honda,CR-V,2018,71607,Petrol,Automatic,2,South,12900.0,2025-11-10,26
Tesla,Model 3,2012,269068,Electric,Automatic,1,West,5050.0,2025-11-13,140
Chevrolet,Silverado,2021,30292,Diesel,Automatic,1,Metro,25050.0,2026-04-09,11
Mercedes-Benz,C-Class,2021,38511,Hybrid,Automatic,1,Metro,28450.0,2026-08-08,27
Ford,Mustang,2022,30543,Petrol,Automatic,1,West,26400.0,2026-05-13,19
BMW,X5,2021,27151,Electric,Automatic,1,Metro,44400.0,2026-05-26,49
Honda,Pilot,2021,18802,Petrol,Automatic,3,Central,23000.0,2026-03-09,10
Tesla,Model X,2016,114518,Electric,Automatic,4,West,22750.0,2026-03-08,28
Honda,Accord,2023,13464,Hybrid,Automatic,1,North,25650.0,2026-01-12,3
Nissan,Altima,2023,10952,Hybrid,Automatic,1,South,23550.0,2026-01-31,19
Nissan,Pathfinder,2020,54108,Petrol,Automatic,1,Metro,20150.0,2026-08-10,29
Honda,CR-V,2021,37073,Petrol,Automatic,1,Central,19550.0,2025-12-08,17
Toyota,Tacoma,2023,17067,Petrol,Automatic,1,East,30350.0,2025-11-05,33
Ford,Escape,2019,47199,Petrol,Automatic,2,East,12950.0,2025-11-28,18
Toyota,Camry,2020,45447,Diesel,Automatic,2,South,15750.0,2026-03-15,24
Toyota,Camry,2024,3000,Hybrid,Automatic,1,West,29200.0,2025-09-21,30
BMW,M3,2019,45967,Petrol,Automatic,1,East,28950.0,2026-02-08,39
Porsche,Cayenne,2016,96917,Petrol,Automatic,1,Metro,37350.0,2026-08-23,15
Honda,Accord,2019,64145,Petrol,Automatic,1,Metro,16100.0,2025-10-06,52
Mercedes-Benz,GLE,2022,37636,Petrol,Automatic,1,West,50100.0,2026-07-19,19
Toyota,Camry,2013,188171,Petrol,Automatic,2,South,3250.0,2026-08-23,44
Kia,Forte,2023,19240,Petrol,Manual,1,East,17600.0,2026-06-05,20
Audi,A4,2022,39110,Petrol,Automatic,2,Metro,29200.0,2025-10-09,5
Ford,Escape,2023,13921,Petrol,Manual,1,West,25450.0,2025-10-27,18
Honda,Civic,2023,13633,Hybrid,Automatic,1,West,25100.0,2026-05-13,9
Chevrolet,Equinox,2016,119055,Diesel,Automatic,2,East,6850.0,2025-12-19,54
Mercedes-Benz,E-Class,2014,135949,Hybrid,Automatic,3,Metro,7200.0,2026-03-07,80
Nissan,Sentra,2018,99465,Petrol,Automatic,2,Metro,5000.0,2026-08-01,48
Audi,Q7,2019,50096,Petrol,Automatic,2,West,24150.0,2026-01-04,39
Subaru,Forester,2020,46768,Petrol,Automatic,3,West,15400.0,2025-10-29,16
Honda,Pilot,2023,12731,Petrol,Automatic,1,Metro,38900.0,2026-08-15,25
Toyota,Corolla,2020,75494,Hybrid,Automatic,2,North,12250.0,2025-11-15,14
Ford,Escape,2024,3000,Hybrid,Automatic,2,West,28550.0,2026-04-14,19
BMW,X3,2022,22367,Diesel,Automatic,1,North,30300.0,2026-09-08,27
Chevrolet,Equinox,2024,3000,Petrol,Automatic,1,Metro,31400.0,2026-04-10,16
Honda,CR-V,2024,3000,Hybrid,Automatic,1,Metro,35450.0,2025-11-30,29
Toyota,Highlander,2023,15173,Petrol,Automatic,1,Central,37250.0,2026-07-24,23
Subaru,Crosstrek,2021,37979,Petrol,Automatic,1,South,16950.0,2025-11-13,6
Ford,Escape,2021,42365,Petrol,Automatic,1,West,18250.0,2026-06-29,27
Hyundai,Elantra,2016,177346,Petrol,Automatic,2,Central,3100.0,2025-10-08,42
Tesla,Model S,2022,23162,Electric,Automatic,1,North,59600.0,2026-05-18,12
Chevrolet,Tahoe,2014,147865,Diesel,Automatic,1,West,6850.0,2025-09-28,13
Toyota,Tacoma,2020,85758,Petrol,Manual,1,North,19950.0,2025-11-03,5
Chevrolet,Malibu,2020,72893,Petrol,Automatic,3,South,12400.0,2026-09-03,70
Mazda,CX-5,2024,3000,Petrol,Manual,1,South,28750.0,2026-04-05,22
Tesla,Model S,2021,51620,Electric,Automatic,1,South,53100.0,2026-06-26,41
Mercedes-Benz,E-Class,2022,24604,Hybrid,Automatic,1,West,45850.0,2026-06-13,44
Honda,CR-V,2022,25490,Petrol,Automatic,1,Metro,26200.0,2025-11-02,22
Toyota,Highlander,2013,241579,Petrol,Automatic,3,North,6150.0,2026-05-25,47
Honda,Pilot,2020,80129,Petrol,Manual,2,South,20200.0,2026-04-10,53
Honda,Accord,2016,60848,Petrol,Manual,2,Central,8800.0,2026-02-23,11
Honda,CR-V,2020,61430,Hybrid,Manual,1,East,17750.0,2026-06-11,35
Volkswagen,Passat,2016,104190,Petrol,Automatic,1,Metro,8450.0,2025-12-30,124
Toyota,Highlander,2014,142480,Petrol,Automatic,2,West,10200.0,2025-10-12,19
Porsche,911,2022,39771,Petrol,Automatic,1,North,100200.0,2026-04-08,25
Toyota,RAV4,2021,39215,Hybrid,Automatic,1,Central,22000.0,2025-11-24,28
Honda,Civic,2016,118222,Petrol,Automatic,3,South,6300.0,2025-09-16,59
Honda,Civic,2018,90850,Petrol,Automatic,3,North,8700.0,2026-03-10,28
Chevrolet,Equinox,2014,220055,Petrol,Automatic,3,South,3350.0,2025-11-21,140
Mercedes-Benz,E-Class,2016,123617,Petrol,Automatic,1,South,13800.0,2026-01-05,65
Volkswagen,Jetta,2022,47345,Petrol,Manual,1,North,14400.0,2026-03-19,24
Hyundai,Elantra,2017,186673,Petrol,Automatic,3,Central,4050.0,2026-05-22,57
Hyundai,Elantra,2019,57420,Petrol,Automatic,1,North,9300.0,2025-10-07,64
Ford,Mustang,2023,12172,Petrol,Automatic,1,South,28050.0,2026-08-01,27
Honda,Pilot,2015,85682,Petrol,Automatic,2,Metro,12800.0,2026-04-02,12
Toyota,Highlander,2018,80638,Petrol,Manual,3,West,17950.0,2026-01-12,52
Toyota,Camry,2020,53365,Hybrid,Automatic,1,East,17650.0,2026-01-22,28
Ford,Mustang,2019,36334,Petrol,Automatic,2,South,17200.0,2026-06-14,30
BMW,X3,2021,18486,Petrol,Automatic,1,Metro,27150.0,2026-07-07,11
Nissan,Altima,2013,136048,Petrol,Automatic,1,North,3250.0,2026-03-27,75
Nissan,Altima,2021,38367,Petrol,Automatic,2,Metro,17150.0,2026-07-10,74
Porsche,911,2024,3000,Petrol,Manual,1,South,110100.0,2025-11-25,44
Ford,Escape,2022,38756,Petrol,Automatic,1,Metro,22250.0,2025-12-23,45
Chevrolet,Tahoe,2014,139023,Electric,Automatic,2,Central,8900.0,2025-09-18,21
Kia,Telluride,2023,19830,Petrol,Automatic,1,South,34350.0,2025-10-26,70
Honda,Pilot,2019,59952,Petrol,Automatic,2,Central,21450.0,2026-08-25,18
Subaru,Forester,2020,41003,Hybrid,Automatic,1,East,18650.0,2026-01-01,46
BMW,X5,2023,15234,Diesel,Automatic,1,Central,53200.0,2026-08-02,61
Mercedes-Benz,E-Class,2013,120194,Hybrid,Automatic,1,Central,7200.0,2026-02-20,86
BMW,M3,2018,98233,Petrol,Automatic,2,Metro,25950.0,2026-04-27,18
BMW,M3,2023,15368,Petrol,Automatic,1,East,69300.0,2025-12-25,26
Ford,F-150,2024,3314,Petrol,Automatic,1,Metro,40750.0,2026-08-26,23
Mercedes-Benz,GLC,2016,101928,Petrol,Manual,2,West,6800.0,2026-04-25,7
Toyota,Camry,2016,78389,Hybrid,Automatic,1,Metro,11600.0,2026-04-17,35
Mercedes-Benz,C-Class,2019,61145,Diesel,Automatic,1,Central,18800.0,2025-10-06,69
Volkswagen,Passat,2023,9508,Petrol,Automatic,1,Central,24200.0,2026-08-10,33
Porsche,Macan,2021,37897,Hybrid,Automatic,2,Central,45400.0,2026-05-23,25
Honda,Accord,2023,10369,Petrol,Automatic,1,East,28200.0,2026-06-29,48
Audi,A4,2014,107612,Hybrid,Automatic,3,North,5150.0,2026-02-05,58
Hyundai,Sonata,2019,57340,Petrol,Manual,1,West,11350.0,2026-08-21,13
Volkswagen,Passat,2015,170031,Petrol,Automatic,2,North,3500.0,2026-06-06,26
BMW,5 Series,2012,133343,Petrol,Automatic,3,Central,6950.0,2026-03-21,140
Chevrolet,Malibu,2018,70655,Petrol,Manual,1,Metro,8750.0,2026-04-17,6
Honda,Pilot,2016,83286,Hybrid,Automatic,1,North,12750.0,2026-03-17,31
Audi,A4,2023,17772,Petrol,Automatic,2,West,36850.0,2026-03-15,39
Subaru,Crosstrek,2024,3000,Petrol,Automatic,1,East,27200.0,2025-10-21,14
Tesla,Model X,2022,28610,Electric,Automatic,1,South,67250.0,2026-02-24,26
Tesla,Model Y,2024,3000,Electric,Automatic,1,North,50650.0,2026-03-02,18
Toyota,Highlander,2023,15105,Hybrid,Automatic,1,East,35150.0,2026-02-23,14
BMW,X5,2019,84495,Electric,Automatic,2,Central,25750.0,2025-09-21,34
Honda,Accord,2016,113360,Petrol,Manual,3,East,8450.0,2026-07-23,16
Honda,Civic,2019,90564,Petrol,Automatic,1,South,11650.0,2026-01-17,27
Subaru,Outback,2018,111421,Petrol,Automatic,2,North,12250.0,2025-09-17,54
Hyundai,Santa Fe,2020,69601,Hybrid,Manual,2,West,17400.0,2025-11-05,30
Subaru,Forester,2023,13442,Hybrid,Automatic,1,Central,26300.0,2025-12-01,43
Audi,A4,2024,3000,Hybrid,Automatic,1,Central,44550.0,2026-02-14,15
Ford,F-150,2021,30770,Petrol,Automatic,1,South,24950.0,2026-02-17,33
Volkswagen,Golf,2019,55900,Petrol,Manual,1,North,11150.0,2026-03-15,15
Honda,CR-V,2020,64420,Petrol,Automatic,2,North,16550.0,2026-08-14,30
BMW,5 Series,2015,127390,Petrol,Automatic,1,Metro,7900.0,2026-05-16,20
Nissan,Rogue,2022,16650,Electric,Manual,1,North,19250.0,2025-12-14,38
Toyota,Camry,2018,66941,Petrol,Automatic,4,Central,11200.0,2026-09-07,13
Kia,Telluride,2021,55164,Hybrid,Automatic,1,Central,25700.0,2026-08-04,19
Ford,Escape,2024,3865,Hybrid,Automatic,1,East,29150.0,2025-10-14,15
Chevrolet,Equinox,2018,109568,Petrol,Manual,1,West,11300.0,2026-06-03,27
Honda,Civic,2022,34766,Petrol,Manual,1,Metro,19050.0,2025-12-27,24
Toyota,Corolla,2017,153706,Petrol,Automatic,2,North,6450.0,2025-12-16,19
Toyota,Tacoma,2017,76129,Petrol,Manual,2,North,12350.0,2026-07-13,24
Toyota,Corolla,2013,128847,Petrol,Automatic,2,Central,2650.0,2026-03-20,48
Chevrolet,Malibu,2014,133015,Petrol,Automatic,2,North,3100.0,2026-06-04,76
BMW,M3,2023,10421,Petrol,Automatic,1,Central,66050.0,2026-01-21,52
Ford,Explorer,2021,39134,Diesel,Automatic,1,Central,22100.0,2025-10-06,15
Volkswagen,Passat,2019,72326,Hybrid,Automatic,3,Central,11950.0,2026-07-25,40
Tesla,Model 3,2023,8646,Electric,Automatic,1,North,36300.0,2026-04-20,7
Audi,Q5,2016,93315,Petrol,Automatic,3,West,9450.0,2026-03-30,77
Mercedes-Benz,E-Class,2021,52665,Petrol,Automatic,1,South,30400.0,2025-11-24,18
Porsche,Macan,2018,51154,Petrol,Automatic,1,South,37200.0,2026-08-14,25
Ford,Mustang,2016,102713,Petrol,Automatic,1,Metro,6700.0,2026-01-01,33
Audi,Q7,2017,99454,Diesel,Automatic,1,West,16500.0,2025-11-23,4
Hyundai,Elantra,2016,109665,Petrol,Automatic,2,East,5850.0,2026-07-06,27
BMW,X5,2015,157666,Petrol,Automatic,2,Central,8050.0,2025-10-21,48
Hyundai,Elantra,2021,32088,Petrol,Manual,2,Central,11800.0,2025-11-15,24
Porsche,Macan,2012,148199,Petrol,Automatic,3,Central,13800.0,2026-09-14,23
Mazda,Mazda3,2021,42257,Diesel,Automatic,1,East,16150.0,2026-02-25,7
Chevrolet,Tahoe,2021,51159,Petrol,Manual,1,Central,34850.0,2026-03-02,29
Toyota,Corolla,2024,3000,Petrol,Automatic,1,South,21900.0,2026-02-06,42
Ford,Escape,2021,36038,Petrol,Automatic,1,Central,17000.0,2025-10-03,47
Toyota,Corolla,2023,14419,Petrol,Automatic,1,West,19900.0,2026-03-14,12
Honda,CR-V,2017,118098,Petrol,Automatic,2,West,9000.0,2025-11-04,103
Nissan,Pathfinder,2021,39308,Petrol,Automatic,1,North,22550.0,2026-01-16,41
Mercedes-Benz,GLC,2012,152887,Petrol,Automatic,2,West,6000.0,2026-08-18,140
Hyundai,Elantra,2021,27456,Petrol,Manual,2,South,13350.0,2026-07-14,40
BMW,X5,2015,190063,Hybrid,Automatic,1,South,9600.0,2026-07-31,54
Mercedes-Benz,E-Class,2023,17023,Petrol,Automatic,1,Metro,53700.0,2026-03-13,45
Ford,F-150,2016,88020,Electric,Automatic,2,West,10350.0,2025-10-12,37
Honda,CR-V,2023,5931,Petrol,Automatic,1,North,26400.0,2026-04-21,10
Audi,A6,2023,12302,Petrol,Automatic,1,West,56850.0,2025-10-10,54
Volkswagen,Jetta,2017,94217,Diesel,Automatic,4,South,5300.0,2026-01-05,47
Audi,Q5,2015,69263,Petrol,Automatic,3,Central,9300.0,2025-12-25,22
Ford,F-150,2023,21005,Petrol,Automatic,1,South,33650.0,2026-09-01,34
Tesla,Model X,2020,58672,Electric,Automatic,1,North,48750.0,2026-07-27,25
Ford,Mustang,2018,62730,Hybrid,Manual,3,Metro,12900.0,2026-04-19,51
Hyundai,Elantra,2016,110202,Petrol,Automatic,2,Central,4950.0,2026-04-09,29
Honda,Accord,2020,61560,Petrol,Automatic,2,West,18500.0,2026-02-16,30
Tesla,Model X,2021,35251,Electric,Automatic,2,North,55600.0,2026-03-05,21
Honda,Accord,2021,43420,Petrol,Automatic,3,Central,17300.0,2026-07-10,16
Chevrolet,Equinox,2023,10447,Petrol,Automatic,1,Metro,26550.0,2026-01-12,16
Tesla,Model 3,2017,94742,Electric,Automatic,4,West,11800.0,2026-07-06,86
BMW,X5,2024,3000,Petrol,Automatic,1,East,70150.0,2026-05-04,43
Hyundai,Sonata,2024,3000,Petrol,Automatic,1,Metro,27750.0,2026-03-18,29
Mazda,CX-5,2015,115503,Hybrid,Automatic,2,North,6450.0,2026-03-27,23
Honda,Civic,2019,71462,Petrol,Manual,2,North,10950.0,2025-12-15,13
Nissan,Sentra,2017,122988,Petrol,Automatic,3,North,3900.0,2026-08-14,42
Ford,Explorer,2017,76429,Petrol,Automatic,2,Metro,13150.0,2026-08-01,25
Toyota,Tacoma,2023,22270,Hybrid,Manual,1,West,30800.0,2026-04-14,13
Ford,F-150,2024,3000,Petrol,Automatic,1,West,40000.0,2026-02-15,28
Hyundai,Tucson,2020,58481,Hybrid,Automatic,2,Central,15250.0,2026-08-02,36
Ford,Escape,2020,59443,Diesel,Automatic,2,South,13750.0,2026-01-28,19
Honda,Civic,2016,134261,Petrol,Automatic,3,Metro,3950.0,2026-05-17,21
Toyota,Tacoma,2013,139172,Petrol,Automatic,2,North,7300.0,2025-11-11,51
Audi,A6,2024,3000,Petrol,Automatic,1,East,59850.0,2026-07-27,62
Volkswagen,Jetta,2023,17422,Petrol,Manual,1,North,18500.0,2026-02-15,45
Honda,Pilot,2012,237372,Petrol,Automatic,1,Metro,4700.0,2026-06-07,47
Chevrolet,Malibu,2015,110805,Hybrid,Automatic,2,Central,4800.0,2026-02-09,24
Nissan,Rogue,2024,3000,Petrol,Automatic,1,Central,29400.0,2026-04-30,24
Kia,Sportage,2024,3000,Petrol,Manual,1,Metro,29050.0,2026-02-21,81
Chevrolet,Equinox,2022,39459,Diesel,Automatic,1,East,20650.0,2026-02-06,17
Toyota,Highlander,2022,18673,Petrol,Automatic,1,Central,34400.0,2025-11-21,14
Volkswagen,Tiguan,2024,3000,Petrol,Automatic,1,Central,28650.0,2026-04-11,30
Ford,Mustang,2023,11513,Petrol,Automatic,1,West,29900.0,2026-08-16,15
Hyundai,Elantra,2015,111505,Petrol,Manual,2,North,3550.0,2026-05-08,26
Nissan,Altima,2024,3000,Petrol,Automatic,1,Central,25450.0,2026-09-03,20
Chevrolet,Malibu,2018,128995,Petrol,Automatic,3,East,6650.0,2025-12-18,37
Ford,Mustang,2018,94868,Petrol,Automatic,2,Central,11150.0,2026-07-11,3
Honda,Accord,2023,11329,Hybrid,Automatic,1,North,26100.0,2025-12-15,41
Mercedes-Benz,C-Class,2018,61487,Hybrid,Manual,2,Central,12950.0,2025-10-11,17
Hyundai,Santa Fe,2021,41747,Petrol,Automatic,1,East,22550.0,2026-07-30,31
Toyota,Corolla,2023,12385,Petrol,Automatic,2,East,19200.0,2025-11-27,19
BMW,3 Series,2014,139582,Diesel,Automatic,4,South,5400.0,2026-03-02,140
Chevrolet,Equinox,2013,106816,Petrol,Automatic,4,East,4150.0,2026-06-26,74
Mercedes-Benz,GLC,2022,25722,Hybrid,Automatic,1,South,34500.0,2026-01-30,51
Volkswagen,Tiguan,2023,11562,Petrol,Automatic,1,South,25950.0,2026-07-16,34
Kia,Optima,2018,83941,Petrol,Automatic,2,North,8250.0,2025-11-12,36
Subaru,Impreza,2014,166461,Petrol,Automatic,2,Metro,2750.0,2026-04-17,133
Audi,Q7,2019,58777,Petrol,Automatic,3,West,25400.0,2026-08-31,30
Toyota,Corolla,2015,74367,Petrol,Automatic,4,West,5650.0,2026-06-26,25
Mercedes-Benz,GLC,2014,189741,Petrol,Automatic,4,Central,6000.0,2026-04-02,139
Honda,CR-V,2024,3000,Petrol,Automatic,2,West,30750.0,2026-05-12,30
Toyota,RAV4,2019,51844,Hybrid,Automatic,1,West,18650.0,2026-07-29,42
Mercedes-Benz,GLC,2023,12578,Hybrid,Automatic,1,Central,44450.0,2026-07-08,49
Chevrolet,Equinox,2024,3000,Diesel,Automatic,1,South,30100.0,2025-10-16,54
Audi,Q7,2022,17805,Petrol,Automatic,1,West,46000.0,2026-07-05,8
Tesla,Model Y,2020,68851,Electric,Automatic,1,East,26300.0,2026-07-13,32
Ford,Mustang,2022,37446,Petrol,Automatic,2,Central,23800.0,2026-06-12,22
BMW,X5,2017,136921,Petrol,Automatic,1,West,21850.0,2025-11-21,37
Honda,Accord,2014,118103,Petrol,Automatic,2,South,6000.0,2026-08-10,53
Subaru,Crosstrek,2022,20224,Petrol,Manual,1,Metro,19600.0,2026-06-30,5
Audi,A4,2023,16067,Petrol,Automatic,1,Central,35500.0,2026-05-28,33
Mercedes-Benz,GLC,2019,65828,Petrol,Automatic,3,West,19800.0,2026-04-17,28
Toyota,Camry,2012,176491,Petrol,Automatic,3,West,3250.0,2025-09-28,92
Honda,CR-V,2015,84062,Petrol,Automatic,2,North,9650.0,2025-12-18,45
Porsche,Cayenne,2016,132119,Electric,Automatic,1,West,37850.0,2025-10-04,30
Tesla,Model 3,2021,44235,Electric,Automatic,1,North,26500.0,2026-05-25,15
Tesla,Model Y,2014,102402,Electric,Automatic,1,Metro,6900.0,2026-05-16,44
Toyota,Highlander,2024,3000,Petrol,Automatic,1,South,40550.0,2026-09-02,16
Audi,Q7,2024,3000,Petrol,Automatic,2,North,58900.0,2026-01-28,42
BMW,X5,2015,120872,Petrol,Automatic,3,South,11600.0,2026-08-31,17
Toyota,Tacoma,2018,173597,Petrol,Automatic,1,South,12050.0,2026-01-01,26
Nissan,Altima,2016,106121,Petrol,Automatic,3,West,5200.0,2026-07-22,43
Mercedes-Benz,C-Class,2018,48566,Diesel,Automatic,2,Central,12550.0,2025-10-03,21
BMW,X3,2022,40033,Diesel,Manual,1,West,33400.0,2025-10-24,42
Toyota,Highlander,2014,135912,Hybrid,Automatic,3,North,11050.0,2026-03-05,54
Porsche,911,2019,75196,Petrol,Automatic,1,East,75200.0,2026-07-28,45
Tesla,Model 3,2021,33655,Electric,Automatic,1,Central,25600.0,2026-01-03,84
Chevrolet,Silverado,2024,3071,Diesel,Automatic,1,South,36650.0,2026-02-23,20
BMW,5 Series,2014,109117,Petrol,Automatic,2,South,6950.0,2025-10-11,83
BMW,3 Series,2019,157751,Petrol,Manual,2,South,16150.0,2025-12-08,29
Mercedes-Benz,GLE,2024,3095,Diesel,Manual,1,North,62300.0,2025-10-31,49
Toyota,Camry,2017,74689,Hybrid,Automatic,2,East,11100.0,2025-11-23,24
Mercedes-Benz,GLE,2012,318564,Hybrid,Automatic,2,Metro,7900.0,2025-10-06,140
Honda,CR-V,2023,12491,Petrol,Automatic,1,Metro,31250.0,2026-08-10,27
Hyundai,Tucson,2022,42501,Petrol,Manual,1,East,17600.0,2026-07-04,27
Honda,Pilot,2022,28166,Hybrid,Automatic,1,South,30300.0,2026-02-20,30
Subaru,Impreza,2019,79738,Hybrid,Manual,2,West,11400.0,2026-08-07,48
Tesla,Model X,2017,123401,Electric,Automatic,1,South,27500.0,2025-11-30,55
Mercedes-Benz,E-Class,2017,55089,Petrol,Automatic,3,Central,14350.0,2025-09-19,45
Ford,F-150,2017,94135,Petrol,Automatic,2,West,10950.0,2025-10-18,54
Volkswagen,Golf,2023,17585,Petrol,Automatic,1,North,21150.0,2026-02-07,21
Audi,Q5,2021,31417,Hybrid,Automatic,1,South,29550.0,2026-08-22,31
Honda,Accord,2016,119656,Petrol,Automatic,3,South,7550.0,2026-01-11,7
Audi,Q7,2021,41253,Petrol,Automatic,1,Metro,40050.0,2026-03-16,23
Honda,Accord,2018,110227,Hybrid,Automatic,2,North,10800.0,2026-07-04,13
Kia,Optima,2024,3000,Petrol,Automatic,1,South,25450.0,2026-09-15,11
BMW,M3,2024,3000,Hybrid,Automatic,1,Metro,88850.0,2026-07-20,70
Audi,A6,2019,73648,Petrol,Automatic,1,North,25900.0,2026-01-08,59
Volkswagen,Jetta,2016,70782,Electric,Automatic,3,North,5800.0,2025-12-20,59
Nissan,Rogue,2023,21085,Petrol,Automatic,1,North,22550.0,2026-02-08,9
BMW,3 Series,2013,112648,Petrol,Manual,2,South,5400.0,2026-07-16,29
Ford,F-150,2015,91283,Petrol,Automatic,2,South,8100.0,2026-09-01,17
Toyota,Corolla,2014,155488,Petrol,Automatic,3,North,2650.0,2026-07-12,42
Ford,F-150,2021,21846,Petrol,Automatic,2,East,24100.0,2026-02-09,18
Kia,Forte,2015,100404,Petrol,Automatic,1,West,3850.0,2026-07-21,46
Toyota,Tacoma,2019,101928,Petrol,Automatic,1,South,16700.0,2026-08-26,14
Nissan,Rogue,2015,100169,Petrol,Automatic,1,South,3600.0,2025-12-22,20
BMW,X5,2022,8853,Hybrid,Automatic,1,South,50900.0,2025-09-21,58
Hyundai,Elantra,2016,97014,Petrol,Automatic,1,Central,4800.0,2025-09-18,27
Honda,Civic,2019,40896,Diesel,Manual,1,South,11100.0,2026-07-19,8
Audi,A6,2021,61446,Hybrid,Automatic,1,Metro,41800.0,2026-06-06,38
Chevrolet,Equinox,2013,86028,Diesel,Automatic,2,Metro,3350.0,2026-04-10,33
BMW,M3,2017,92443,Petrol,Automatic,2,North,16750.0,2025-10-31,36
Mercedes-Benz,GLC,2013,179261,Hybrid,Automatic,3,Metro,6000.0,2026-06-25,140
Audi,Q5,2019,67659,Electric,Automatic,1,West,24700.0,2026-03-22,24
Honda,CR-V,2024,3000,Petrol,Automatic,1,West,32750.0,2025-11-02,48
Volkswagen,Passat,2020,49543,Petrol,Automatic,1,Metro,18100.0,2026-01-24,55
Volkswagen,Golf,2020,101244,Petrol,Automatic,1,South,11750.0,2026-04-12,33
Porsche,Macan,2020,44072,Petrol,Automatic,2,East,42700.0,2026-05-30,51
Mazda,CX-5,2022,33176,Petrol,Automatic,1,North,25600.0,2025-11-26,38
Honda,Accord,2018,73995,Petrol,Automatic,2,West,12550.0,2026-03-30,43
Honda,CR-V,2018,71820,Petrol,Automatic,4,Central,12500.0,2026-01-22,47
Tesla,Model 3,2021,85917,Electric,Automatic,2,West,27600.0,2025-12-04,59
BMW,3 Series,2022,24069,Petrol,Automatic,2,West,29950.0,2026-04-24,31
Chevrolet,Tahoe,2018,77284,Petrol,Automatic,1,South,24750.0,2025-09-27,12
Kia,Forte,2022,33960,Hybrid,Manual,1,North,14950.0,2025-10-29,36
Porsche,911,2016,91188,Petrol,Automatic,3,Metro,58700.0,2026-05-18,69
Tesla,Model X,2022,22058,Electric,Automatic,1,South,68400.0,2025-11-19,20
Audi,Q7,2017,111436,Diesel,Automatic,2,West,17650.0,2026-08-09,9
Porsche,Panamera,2024,3000,Petrol,Automatic,1,West,103600.0,2026-04-14,31
Porsche,Cayenne,2022,19060,Petrol,Automatic,1,South,65700.0,2026-06-25,15
Tesla,Model 3,2012,169518,Electric,Automatic,1,West,5050.0,2025-09-24,140
BMW,X3,2018,73920,Hybrid,Automatic,2,East,13400.0,2026-05-24,18
Hyundai,Elantra,2024,3000,Hybrid,Automatic,1,East,23050.0,2026-02-06,27
Honda,Accord,2023,7210,Petrol,Automatic,1,Central,24950.0,2025-10-20,14
Tesla,Model 3,2022,37991,Electric,Automatic,1,East,34350.0,2026-06-15,66
Volkswagen,Passat,2019,87186,Petrol,Automatic,2,North,12450.0,2026-03-14,21
Honda,Civic,2014,147836,Hybrid,Manual,4,North,4500.0,2026-05-16,42
Toyota,Camry,2020,45768,Petrol,Automatic,1,East,17500.0,2025-10-23,56
BMW,X3,2023,15779,Petrol,Automatic,1,Metro,45550.0,2026-09-12,27
Kia,Forte,2019,121944,Hybrid,Automatic,1,South,7600.0,2025-10-20,51
Audi,Q7,2024,3000,Petrol,Automatic,1,Metro,65950.0,2026-05-01,37
Ford,Explorer,2020,57656,Petrol,Manual,2,North,16600.0,2026-03-29,28
Mercedes-Benz,GLC,2013,117941,Petrol,Automatic,3,West,6100.0,2025-11-09,48
Ford,F-150,2021,43304,Petrol,Automatic,2,South,24550.0,2026-06-05,16
Nissan,Rogue,2019,85363,Petrol,Manual,1,South,9600.0,2026-08-11,27
Toyota,Tacoma,2022,35114,Petrol,Automatic,1,Metro,25350.0,2026-08-27,29
Tesla,Model 3,2024,3000,Electric,Automatic,1,Metro,46150.0,2025-10-03,19
BMW,X5,2015,108739,Petrol,Manual,1,Metro,12650.0,2026-09-11,17
Honda,Pilot,2013,190901,Hybrid,Automatic,2,North,4700.0,2026-03-22,34
Honda,CR-V,2020,46524,Hybrid,Automatic,1,North,19750.0,2025-11-11,38
Toyota,Highlander,2021,40877,Hybrid,Automatic,2,West,28550.0,2026-02-10,25
Hyundai,Sonata,2019,94542,Petrol,Automatic,2,Central,10700.0,2026-01-21,38
Ford,Explorer,2018,85287,Petrol,Automatic,2,Central,13350.0,2025-10-22,21
Toyota,Camry,2024,3000,Petrol,Automatic,2,North,26450.0,2026-03-18,34
Ford,Explorer,2023,14246,Petrol,Automatic,1,East,33800.0,2026-07-06,27
Chevrolet,Silverado,2021,41533,Hybrid,Automatic,1,Central,22300.0,2026-06-10,31
Audi,A6,2020,26976,Hybrid,Automatic,2,Metro,30100.0,2025-11-11,17
Audi,A6,2015,133157,Electric,Manual,1,East,11200.0,2025-10-12,34
Porsche,Panamera,2024,3000,Petrol,Manual,1,Metro,95800.0,2026-07-12,8
Volkswagen,Jetta,2018,76346,Petrol,Automatic,4,Metro,8000.0,2026-06-27,43
Honda,CR-V,2024,3000,Petrol,Manual,1,Central,26800.0,2025-12-24,44
Toyota,Tacoma,2017,58923,Hybrid,Automatic,1,Metro,14500.0,2025-10-01,37
Toyota,RAV4,2019,66545,Petrol,Automatic,1,South,16500.0,2026-01-30,45
Mazda,Mazda6,2024,3571,Hybrid,Automatic,1,Central,26850.0,2026-09-09,8
Volkswagen,Passat,2020,67693,Petrol,Automatic,2,North,12050.0,2025-12-21,7
Chevrolet,Malibu,2022,22321,Petrol,Automatic,2,Central,17300.0,2026-04-25,25
Honda,Pilot,2013,113639,Petrol,Manual,4,Central,5050.0,2026-09-08,18
Ford,F-150,2017,160320,Hybrid,Automatic,2,South,12450.0,2026-09-14,46
Toyota,Corolla,2022,24144,Petrol,Automatic,1,Metro,18850.0,2026-08-29,13
Mercedes-Benz,E-Class,2020,59780,Hybrid,Manual,2,Central,26800.0,2025-11-11,20
Audi,A4,2023,12751,Diesel,Automatic,2,Central,33800.0,2025-12-05,23
BMW,X5,2016,111878,Diesel,Automatic,2,Central,14750.0,2026-04-08,52
Chevrolet,Tahoe,2019,72731,Petrol,Manual,2,East,26750.0,2025-11-08,43
Hyundai,Sonata,2017,81745,Petrol,Automatic,3,South,6700.0,2026-05-26,22
Kia,Telluride,2020,45676,Petrol,Automatic,1,South,21450.0,2026-04-29,34
Honda,CR-V,2020,42694,Hybrid,Automatic,2,Metro,18150.0,2026-07-09,26
Mercedes-Benz,C-Class,2023,15880,Petrol,Automatic,1,Central,36800.0,2025-12-02,24
Tesla,Model S,2020,38755,Electric,Automatic,1,West,51750.0,2025-10-23,126
Hyundai,Tucson,2021,55612,Hybrid,Automatic,3,North,18150.0,2026-08-15,33
Mercedes-Benz,GLE,2021,46052,Hybrid,Automatic,2,Central,33650.0,2025-10-31,11
Hyundai,Santa Fe,2022,43322,Hybrid,Automatic,1,North,23600.0,2025-09-27,14
Hyundai,Sonata,2018,98844,Petrol,Automatic,3,West,9550.0,2025-10-06,49
Toyota,Highlander,2023,6925,Hybrid,Automatic,1,East,38800.0,2025-11-23,38
Hyundai,Santa Fe,2015,117574,Hybrid,Manual,1,North,8300.0,2025-11-01,124
Audi,A4,2020,37822,Hybrid,Automatic,2,Metro,20400.0,2026-06-21,42
Subaru,Impreza,2015,147781,Petrol,Automatic,4,Metro,5700.0,2026-06-02,130
Chevrolet,Equinox,2019,115353,Diesel,Automatic,1,West,10750.0,2025-11-11,69
Mazda,Mazda3,2014,201206,Petrol,Automatic,2,East,3000.0,2025-10-25,57
Hyundai,Elantra,2020,58719,Petrol,Manual,2,West,11600.0,2026-06-12,15
Hyundai,Santa Fe,2018,80278,Petrol,Automatic,2,East,11050.0,2025-12-21,33
Porsche,Panamera,2020,60087,Electric,Automatic,1,East,71900.0,2026-07-01,23
Ford,Mustang,2024,3000,Petrol,Manual,1,North,32700.0,2025-12-16,38
Audi,A6,2018,67274,Petrol,Automatic,1,East,23150.0,2026-01-09,48
Mercedes-Benz,GLC,2015,185950,Hybrid,Automatic,2,Central,6000.0,2026-01-02,42
Kia,Forte,2023,7909,Petrol,Automatic,2,North,16500.0,2026-05-15,29
Honda,Civic,2015,130497,Petrol,Automatic,2,Central,4600.0,2026-04-09,49
Honda,CR-V,2019,29792,Petrol,Automatic,1,Central,17250.0,2025-11-19,46
BMW,M3,2023,11566,Petrol,Manual,1,East,62500.0,2026-08-20,34
Honda,Pilot,2017,65959,Petrol,Automatic,1,Central,17650.0,2026-05-24,14
Ford,Explorer,2015,118733,Diesel,Automatic,2,Metro,6550.0,2026-07-28,26
BMW,3 Series,2020,96682,Petrol,Automatic,1,South,21650.0,2026-06-23,38
Ford,Mustang,2017,89271,Diesel,Automatic,1,South,8650.0,2026-05-11,38
Subaru,Impreza,2019,48161,Petrol,Manual,1,South,10800.0,2026-07-03,46
Toyota,Highlander,2020,70051,Petrol,Manual,1,North,22700.0,2025-09-17,20
Mercedes-Benz,GLE,2022,10830,Petrol,Manual,1,Metro,46150.0,2026-05-23,61
Toyota,Highlander,2018,55564,Petrol,Automatic,2,Central,18300.0,2026-05-03,53
Kia,Telluride,2014,180052,Hybrid,Automatic,1,South,5800.0,2026-05-14,117
Volkswagen,Jetta,2014,138994,Petrol,Manual,2,East,2750.0,2026-06-14,33
Toyota,Highlander,2024,3000,Petrol,Manual,1,West,39250.0,2025-12-18,15
BMW,X3,2022,24873,Petrol,Automatic,1,East,34000.0,2026-09-13,33
BMW,3 Series,2018,87558,Petrol,Automatic,1,North,14200.0,2026-04-20,21
Mercedes-Benz,C-Class,2013,191548,Petrol,Automatic,1,North,5650.0,2025-12-22,140
Toyota,RAV4,2024,3000,Hybrid,Automatic,1,West,32400.0,2026-08-03,24
Subaru,Outback,2023,12024,Hybrid,Automatic,1,West,28550.0,2026-07-02,41
Nissan,Altima,2012,178117,Petrol,Automatic,3,South,3250.0,2025-11-19,140
Toyota,Highlander,2019,94332,Petrol,Automatic,1,South,21400.0,2026-01-19,24
Toyota,Highlander,2020,30402,Hybrid,Automatic,1,East,28000.0,2025-10-24,29
Honda,CR-V,2022,18565,Hybrid,Automatic,1,Metro,28650.0,2026-04-18,74
Kia,Telluride,2022,28134,Petrol,Automatic,2,North,26800.0,2025-10-09,35
Audi,A4,2015,143348,Petrol,Automatic,2,South,6750.0,2025-10-09,32
Toyota,Corolla,2021,36730,Petrol,Automatic,3,South,14150.0,2025-10-16,19
Tesla,Model X,2020,32438,Electric,Automatic,2,South,50200.0,2025-10-19,42
Ford,Explorer,2013,114990,Electric,Manual,1,Metro,8500.0,2025-12-18,43
Tesla,Model 3,2012,154279,Electric,Automatic,1,East,5050.0,2026-02-23,140
Nissan,Pathfinder,2022,30588,Petrol,Manual,1,South,25800.0,2026-07-30,15
Audi,Q7,2017,73835,Petrol,Automatic,3,South,13300.0,2026-05-16,31
Kia,Forte,2021,38039,Petrol,Automatic,1,East,13400.0,2026-04-29,37
Porsche,Macan,2022,40275,Electric,Manual,1,West,51850.0,2026-07-14,16
Mercedes-Benz,C-Class,2022,39996,Petrol,Automatic,1,South,32550.0,2026-01-06,35
Mercedes-Benz,C-Class,2021,62324,Diesel,Automatic,2,South,25800.0,2025-11-01,18
Toyota,Tacoma,2018,92997,Diesel,Automatic,2,West,13950.0,2025-10-26,23
Tesla,Model X,2021,39422,Electric,Automatic,2,North,55600.0,2025-12-03,45
Mazda,CX-9,2012,281296,Petrol,Automatic,3,West,4550.0,2026-07-16,119
Hyundai,Santa Fe,2024,3843,Hybrid,Automatic,1,North,32850.0,2025-10-10,10
BMW,3 Series,2017,140154,Electric,Automatic,1,East,10850.0,2026-06-15,58
Ford,F-150,2017,120943,Electric,Manual,1,South,11600.0,2026-06-09,23
Volkswagen,Golf,2016,113052,Petrol,Automatic,1,Central,5350.0,2026-04-27,34
Chevrolet,Equinox,2020,47654,Petrol,Automatic,1,South,15200.0,2025-11-13,12
Honda,Civic,2015,83430,Hybrid,Automatic,1,Metro,6850.0,2026-06-08,50
Audi,A6,2017,79880,Petrol,Automatic,4,West,15950.0,2025-11-13,31
Ford,Mustang,2024,3000,Petrol,Automatic,1,West,35850.0,2025-09-28,5
Hyundai,Elantra,2018,71741,Petrol,Automatic,3,East,8700.0,2026-06-03,23
BMW,5 Series,2024,3000,Petrol,Automatic,1,Central,54100.0,2026-01-02,27
Ford,Escape,2023,16650,Petrol,Automatic,1,West,24100.0,2026-08-02,19
Mercedes-Benz,C-Class,2012,123658,Electric,Automatic,1,West,5650.0,2026-08-15,140
Subaru,Impreza,2014,133704,Petrol,Automatic,1,South,3550.0,2026-04-09,60
Honda,Civic,2012,158394,Petrol,Automatic,1,South,3000.0,2026-05-08,18
Volkswagen,Tiguan,2021,57480,Petrol,Manual,1,South,16700.0,2026-07-17,62
Ford,Mustang,2024,3000,Petrol,Manual,1,Metro,34200.0,2025-10-09,23
Mercedes-Benz,E-Class,2024,3000,Petrol,Automatic,1,East,62900.0,2026-08-21,47
Nissan,Rogue,2022,15465,Petrol,Automatic,1,South,23350.0,2025-10-11,23
Mazda,CX-9,2024,3000,Petrol,Automatic,1,West,40200.0,2026-05-19,47
Chevrolet,Tahoe,2016,118259,Petrol,Automatic,2,Metro,14950.0,2026-06-08,22
Toyota,Corolla,2023,13200,Hybrid,Automatic,1,East,21250.0,2025-10-06,18
BMW,X5,2019,58342,Petrol,Manual,2,West,29150.0,2026-01-07,67
Mercedes-Benz,E-Class,2021,37823,Petrol,Manual,1,Metro,33750.0,2026-03-22,17
Toyota,RAV4,2017,87135,Petrol,Manual,2,South,11750.0,2025-11-28,30
Honda,Civic,2014,115306,Petrol,Automatic,3,East,4150.0,2025-10-20,18
Honda,Pilot,2024,3000,Petrol,Automatic,1,South,39100.0,2026-05-15,7
Honda,CR-V,2021,44829,Hybrid,Automatic,1,North,23450.0,2025-11-13,57
Mazda,CX-5,2018,154052,Petrol,Automatic,2,West,8500.0,2026-06-15,22
Audi,Q5,2017,108478,Petrol,Automatic,2,East,10850.0,2026-03-02,75
Chevrolet,Malibu,2022,27426,Petrol,Automatic,1,South,18800.0,2025-10-03,40
Ford,Escape,2017,172864,Petrol,Automatic,2,West,4550.0,2026-04-20,39
Kia,Telluride,2022,40811,Hybrid,Automatic,1,South,27550.0,2026-08-14,25
Ford,F-150,2013,211766,Hybrid,Automatic,3,West,4550.0,2026-04-04,118
Audi,A4,2014,91071,Diesel,Automatic,2,East,5150.0,2025-11-13,10
BMW,3 Series,2020,77506,Petrol,Automatic,3,Central,18000.0,2026-08-19,12
Honda,Pilot,2022,40126,Petrol,Automatic,1,East,28800.0,2026-03-24,21
BMW,M3,2024,3000,Electric,Automatic,1,North,81650.0,2026-04-24,42
Volkswagen,Tiguan,2020,77276,Petrol,Automatic,1,West,14550.0,2026-02-21,9
Mercedes-Benz,GLC,2024,3000,Hybrid,Automatic,1,Metro,56700.0,2026-03-14,51
Audi,Q7,2019,32705,Petrol,Automatic,1,East,27950.0,2026-03-04,53
Tesla,Model Y,2023,10938,Electric,Automatic,1,South,41700.0,2026-08-25,17
Tesla,Model Y,2015,123380,Electric,Automatic,2,West,10650.0,2025-11-16,8
Honda,CR-V,2015,137923,Hybrid,Automatic,2,North,5550.0,2026-03-16,57
Ford,Explorer,2022,16053,Petrol,Automatic,1,South,27250.0,2026-08-21,32
Audi,Q7,2012,173493,Diesel,Automatic,1,East,7450.0,2026-06-01,140
Mercedes-Benz,GLE,2021,43959,Petrol,Automatic,1,West,37300.0,2025-10-07,35
Chevrolet,Equinox,2019,78088,Petrol,Automatic,3,Central,10950.0,2025-09-25,55
Chevrolet,Tahoe,2024,3000,Petrol,Manual,1,Central,49250.0,2026-07-21,20
Toyota,Camry,2020,68985,Petrol,Manual,2,Metro,16200.0,2025-09-23,33
Mazda,Mazda6,2016,94961,Petrol,Automatic,3,Metro,7700.0,2025-10-11,15
Audi,A4,2016,69070,Diesel,Automatic,1,South,9400.0,2026-07-06,43
Ford,F-150,2018,95186,Hybrid,Manual,2,West,14850.0,2026-08-12,39
Chevrolet,Tahoe,2023,13985,Diesel,Automatic,1,North,48300.0,2025-10-28,51
Audi,A4,2021,36507,Diesel,Automatic,1,North,24650.0,2025-10-05,29
Honda,Civic,2019,99507,Hybrid,Manual,1,South,9650.0,2025-11-24,36
Honda,CR-V,2022,19578,Petrol,Automatic,1,South,26100.0,2026-03-21,22
Audi,Q7,2024,3000,Petrol,Automatic,1,South,65050.0,2026-05-07,16
BMW,X5,2022,21169,Petrol,Automatic,1,South,47750.0,2025-12-11,26
Mazda,CX-9,2019,79672,Petrol,Automatic,1,North,18550.0,2026-04-01,28
Tesla,Model S,2014,89173,Electric,Automatic,3,West,10950.0,2026-08-07,27
Toyota,Tacoma,2022,25645,Petrol,Automatic,1,North,25950.0,2025-10-23,51
Mazda,Mazda6,2024,3000,Petrol,Automatic,1,East,27600.0,2026-01-08,9
Nissan,Rogue,2024,3000,Petrol,Automatic,1,North,27500.0,2026-08-25,17
BMW,M3,2022,35752,Petrol,Automatic,2,North,52850.0,2025-10-11,36
Honda,Pilot,2018,62152,Diesel,Automatic,2,South,17550.0,2026-07-02,50
Audi,Q7,2023,11097,Petrol,Automatic,1,West,56950.0,2026-08-08,39
Volkswagen,Golf,2023,11711,Diesel,Automatic,1,West,22400.0,2025-10-19,10
Toyota,Camry,2017,110761,Petrol,Automatic,2,West,10450.0,2026-06-28,30
BMW,M3,2018,70915,Petrol,Automatic,1,North,30200.0,2026-04-28,25
Nissan,Rogue,2018,89922,Petrol,Automatic,2,Central,9200.0,2026-05-12,32
Volkswagen,Tiguan,2019,51775,Hybrid,Automatic,3,West,14250.0,2026-09-07,25
Audi,Q5,2021,46227,Hybrid,Manual,2,Central,21900.0,2026-03-20,25
Honda,Accord,2020,53263,Petrol,Automatic,3,West,17150.0,2026-06-06,28
Tesla,Model S,2017,64945,Electric,Automatic,2,Metro,27250.0,2026-02-24,19
Tesla,Model X,2012,163723,Electric,Automatic,1,South,10550.0,2026-04-26,81
Honda,CR-V,2017,115130,Petrol,Manual,3,South,6500.0,2025-11-01,20
BMW,3 Series,2018,103125,Petrol,Automatic,2,North,12200.0,2026-04-15,25
Kia,Telluride,2013,175881,Petrol,Automatic,1,Metro,5050.0,2026-06-26,73
Tesla,Model Y,2018,77690,Electric,Automatic,2,North,18250.0,2025-11-21,32
BMW,3 Series,2016,131105,Petrol,Manual,2,East,9200.0,2026-01-14,64
Mercedes-Benz,C-Class,2019,69484,Petrol,Automatic,1,East,17300.0,2026-08-26,41
Kia,Sportage,2015,116950,Petrol,Manual,1,Metro,5950.0,2026-01-13,23
BMW,3 Series,2024,3000,Diesel,Automatic,1,Metro,47250.0,2025-10-10,28
Audi,Q7,2015,112132,Diesel,Automatic,4,South,9250.0,2026-05-30,56
Mercedes-Benz,GLC,2015,125320,Hybrid,Manual,1,South,6900.0,2026-05-25,44
Honda,Civic,2018,99321,Petrol,Automatic,2,Central,7700.0,2026-06-17,20
Honda,Pilot,2012,128684,Petrol,Manual,4,Metro,6950.0,2026-02-14,29
Toyota,Camry,2023,15984,Hybrid,Automatic,1,South,25000.0,2026-08-19,11
Toyota,Corolla,2018,88608,Hybrid,Manual,1,South,8950.0,2025-11-24,38
Ford,Mustang,2019,72848,Diesel,Automatic,3,West,13950.0,2026-01-02,35
Toyota,RAV4,2020,42761,Petrol,Automatic,1,East,19450.0,2026-01-07,44
Hyundai,Tucson,2023,18032,Petrol,Automatic,1,South,25000.0,2026-05-10,16
Audi,A4,2023,30720,Petrol,Automatic,1,West,40650.0,2026-09-10,16
Nissan,Pathfinder,2021,53928,Petrol,Automatic,2,East,22350.0,2026-09-09,38
Mercedes-Benz,GLC,2023,10421,Petrol,Automatic,1,Metro,46100.0,2026-06-05,42
Mercedes-Benz,E-Class,2020,59703,Diesel,Manual,2,East,25650.0,2026-07-30,50
Toyota,Corolla,2022,25537,Petrol,Automatic,1,North,17700.0,2026-09-14,27
Ford,F-150,2020,51400,Petrol,Automatic,1,South,19600.0,2026-05-12,34
BMW,5 Series,2014,95354,Petrol,Automatic,1,East,9400.0,2026-06-15,19
Toyota,Camry,2024,3000,Hybrid,Manual,2,North,27700.0,2026-01-31,24
Ford,Mustang,2020,50459,Petrol,Automatic,1,South,18000.0,2026-03-18,33
Subaru,Impreza,2024,3000,Petrol,Automatic,1,West,23400.0,2026-05-30,20
Toyota,Tacoma,2021,40504,Hybrid,Automatic,1,South,23250.0,2026-08-30,17
Volkswagen,Golf,2021,38153,Petrol,Automatic,3,South,15450.0,2025-09-27,25
Honda,Civic,2022,53496,Petrol,Automatic,1,West,20300.0,2026-06-14,3
Audi,Q7,2018,125100,Petrol,Automatic,2,East,20850.0,2026-08-29,56
Toyota,RAV4,2022,21722,Hybrid,Automatic,1,North,25200.0,2026-09-07,35
Hyundai,Sonata,2015,78135,Hybrid,Automatic,1,Metro,5550.0,2026-06-04,17
Tesla,Model Y,2014,159273,Electric,Automatic,3,Metro,7750.0,2026-04-21,47
Honda,Pilot,2016,118098,Petrol,Automatic,1,East,11850.0,2026-08-14,15
Volkswagen,Passat,2023,13030,Diesel,Automatic,1,West,25900.0,2026-06-14,19
Mazda,Mazda3,2019,69514,Petrol,Manual,2,West,11150.0,2026-02-01,27
Ford,Mustang,2014,127677,Petrol,Automatic,1,North,4300.0,2026-02-19,43
Ford,Explorer,2014,219539,Petrol,Automatic,3,Central,4550.0,2026-08-25,21
Subaru,Forester,2020,48784,Petrol,Automatic,1,North,16100.0,2025-09-23,30
Honda,Civic,2021,37079,Diesel,Automatic,1,South,15200.0,2025-09-27,11
Honda,Civic,2024,3000,Hybrid,Automatic,1,South,25400.0,2026-05-02,13
Volkswagen,Golf,2016,91920,Petrol,Automatic,2,East,5050.0,2026-02-14,33
Mercedes-Benz,C-Class,2013,178880,Diesel,Automatic,2,North,5650.0,2025-10-27,140
Mercedes-Benz,GLC,2017,92276,Hybrid,Automatic,1,North,11150.0,2026-08-04,43
Chevrolet,Tahoe,2021,49912,Petrol,Automatic,1,South,38250.0,2026-06-08,19
Honda,CR-V,2019,101983,Petrol,Automatic,1,North,13850.0,2026-06-28,24
Kia,Forte,2022,48345,Petrol,Automatic,1,South,14600.0,2025-10-25,42
Toyota,Tacoma,2016,146982,Diesel,Automatic,3,East,8800.0,2026-07-08,20
Mazda,CX-5,2018,81250,Petrol,Automatic,2,North,12000.0,2025-10-15,25
Porsche,Macan,2018,75089,Petrol,Automatic,2,West,32250.0,2026-06-08,18
Mercedes-Benz,E-Class,2013,129174,Petrol,Manual,1,West,7200.0,2026-06-10,48
Ford,Explorer,2013,99264,Petrol,Automatic,1,South,4900.0,2026-05-19,61
Honda,Accord,2017,107121,Diesel,Automatic,2,South,9400.0,2026-05-07,44
Mazda,CX-5,2024,3000,Petrol,Manual,2,Central,28250.0,2025-10-30,22
Mazda,Mazda6,2017,69230,Petrol,Automatic,2,Metro,10950.0,2026-06-19,21
Audi,A4,2020,40090,Petrol,Manual,1,South,18950.0,2026-08-19,16
Subaru,Outback,2016,132015,Petrol,Automatic,1,North,6950.0,2026-03-04,41
Audi,A4,2013,165907,Petrol,Automatic,3,West,5150.0,2025-11-29,140
Volkswagen,Golf,2021,30495,Diesel,Automatic,2,South,14900.0,2026-01-09,15
Ford,Explorer,2022,26872,Petrol,Automatic,1,Metro,30300.0,2026-03-02,32
Hyundai,Elantra,2022,32363,Hybrid,Automatic,1,West,17750.0,2026-05-21,34
Audi,Q5,2022,18521,Hybrid,Automatic,1,Metro,38050.0,2026-06-06,46
Toyota,Camry,2023,16197,Petrol,Automatic,1,West,23500.0,2026-02-11,15
BMW,X5,2012,189869,Petrol,Automatic,3,South,8050.0,2026-07-27,140
Toyota,RAV4,2013,174611,Petrol,Automatic,2,Central,5950.0,2025-12-26,59
Mazda,Mazda6,2023,20045,Petrol,Automatic,1,West,27150.0,2026-02-14,36
Audi,A6,2013,144544,Petrol,Automatic,2,Metro,7100.0,2026-07-07,53
BMW,5 Series,2012,138541,Petrol,Automatic,2,South,6950.0,2025-12-18,101
Porsche,Macan,2022,44249,Petrol,Automatic,1,West,55500.0,2025-11-29,35
Volkswagen,Jetta,2017,97302,Hybrid,Automatic,4,North,5600.0,2026-02-12,21
Porsche,911,2020,60389,Petrol,Automatic,2,East,75350.0,2026-01-13,3
Mercedes-Benz,GLC,2018,59791,Electric,Automatic,1,South,17500.0,2025-12-22,24
Toyota,Camry,2022,41257,Hybrid,Manual,1,Central,21800.0,2026-04-05,8
Toyota,Corolla,2019,57190,Hybrid,Automatic,1,Metro,11450.0,2026-07-20,29
Honda,CR-V,2021,54705,Petrol,Automatic,3,Central,18300.0,2025-12-01,61
Nissan,Rogue,2014,128374,Petrol,Automatic,2,South,3500.0,2026-01-23,32
Nissan,Altima,2021,35309,Petrol,Automatic,2,South,15000.0,2026-09-04,45
Mazda,Mazda3,2022,33314,Petrol,Automatic,2,Central,18050.0,2026-06-07,11
Ford,Escape,2015,109800,Petrol,Automatic,1,East,5200.0,2026-07-20,28
Ford,Escape,2024,3000,Petrol,Automatic,1,West,28800.0,2025-10-16,19
Honda,Accord,2022,24150,Petrol,Automatic,1,North,23150.0,2026-02-15,63
Ford,F-150,2013,93611,Petrol,Automatic,4,East,6800.0,2026-01-04,115
Ford,Escape,2013,100717,Petrol,Automatic,2,South,4800.0,2026-01-29,140
Mercedes-Benz,GLC,2012,218719,Hybrid,Automatic,2,Metro,6000.0,2026-08-11,140
Kia,Sportage,2024,3000,Petrol,Automatic,1,Metro,31200.0,2026-02-24,30
Tesla,Model S,2016,78370,Electric,Automatic,1,East,25850.0,2026-02-14,69
Honda,Accord,2015,142757,Petrol,Automatic,2,East,7300.0,2025-12-10,24
Nissan,Rogue,2017,60823,Petrol,Automatic,3,Metro,8250.0,2025-12-01,19
Chevrolet,Equinox,2020,70163,Petrol,Automatic,2,West,14150.0,2026-04-26,28
Kia,Optima,2016,78183,Petrol,Automatic,2,South,5900.0,2026-06-02,34
BMW,M3,2017,93597,Petrol,Automatic,2,East,25200.0,2026-07-11,47
Honda,Pilot,2021,43508,Petrol,Automatic,2,North,26250.0,2026-06-05,35
Honda,CR-V,2023,17678,Hybrid,Automatic,1,West,28950.0,2026-06-30,24
Mercedes-Benz,C-Class,2018,83347,Hybrid,Automatic,1,South,15350.0,2026-06-24,38
Nissan,Pathfinder,2019,72879,Petrol,Manual,1,South,15500.0,2025-11-19,45
Toyota,Tacoma,2021,47656,Hybrid,Manual,2,South,19300.0,2025-12-29,23
Audi,Q5,2018,95456,Petrol,Automatic,2,North,17300.0,2026-07-12,21
Mercedes-Benz,C-Class,2020,56766,Petrol,Automatic,1,Central,21150.0,2026-05-19,19
Volkswagen,Jetta,2021,30416,Petrol,Automatic,1,South,15650.0,2026-09-01,29
Chevrolet,Equinox,2023,11541,Petrol,Automatic,2,South,21250.0,2026-01-19,34
Volkswagen,Passat,2012,192690,Petrol,Automatic,3,Metro,3500.0,2026-09-06,140
Chevrolet,Silverado,2016,84077,Petrol,Automatic,1,Metro,13650.0,2026-04-13,20
Porsche,Cayenne,2022,20046,Hybrid,Manual,1,Central,62850.0,2026-05-04,37
Hyundai,Elantra,2020,62327,Hybrid,Manual,3,East,9800.0,2026-02-05,28
Tesla,Model X,2022,35377,Electric,Automatic,1,Metro,75150.0,2025-12-15,51
Toyota,Camry,2012,127075,Hybrid,Automatic,2,Metro,3250.0,2026-03-19,36
Kia,Telluride,2018,70481,Petrol,Automatic,2,West,14850.0,2026-01-13,10
Subaru,Forester,2020,61272,Petrol,Automatic,1,Central,14650.0,2026-05-24,16
Ford,Mustang,2022,23537,Petrol,Manual,1,South,26600.0,2026-01-30,26
Honda,Accord,2020,52545,Hybrid,Automatic,1,West,19100.0,2025-09-28,94
BMW,X3,2021,48265,Electric,Automatic,3,Metro,29750.0,2026-05-07,37
BMW,X5,2019,80296,Hybrid,Automatic,2,Metro,29450.0,2026-06-10,34
Mercedes-Benz,C-Class,2024,3000,Petrol,Automatic,1,South,48050.0,2025-12-08,28
BMW,5 Series,2022,24585,Petrol,Automatic,2,West,41050.0,2026-09-10,20
Audi,Q5,2017,60852,Hybrid,Automatic,2,North,13500.0,2026-07-24,50
Tesla,Model Y,2023,12167,Electric,Automatic,1,Metro,44900.0,2026-06-18,17
Volkswagen,Passat,2019,54907,Petrol,Automatic,3,East,13250.0,2026-04-08,50
Tesla,Model S,2018,69424,Electric,Automatic,1,South,33850.0,2026-07-12,31
Mazda,CX-5,2023,11456,Petrol,Manual,1,South,25350.0,2025-09-24,32
Tesla,Model S,2023,14130,Electric,Automatic,1,North,73200.0,2025-11-09,29
Mazda,Mazda6,2024,3000,Petrol,Manual,1,West,27950.0,2025-12-11,5
Toyota,Corolla,2015,88703,Petrol,Automatic,3,South,5500.0,2026-07-29,16
Tesla,Model X,2023,27044,Electric,Automatic,1,East,80250.0,2025-12-08,25
Chevrolet,Malibu,2024,3000,Petrol,Manual,1,Metro,25150.0,2026-08-01,32
Ford,Escape,2014,154684,Petrol,Automatic,3,East,3350.0,2026-04-18,127
BMW,X3,2017,114963,Petrol,Automatic,2,South,9000.0,2025-11-18,8
Chevrolet,Tahoe,2013,242979,Petrol,Automatic,1,West,6850.0,2026-02-26,132
BMW,3 Series,2024,3602,Petrol,Automatic,1,East,48550.0,2026-09-04,14
Nissan,Altima,2014,142055,Petrol,Automatic,2,North,3900.0,2025-11-12,27
Toyota,Corolla,2023,21477,Hybrid,Automatic,1,East,19950.0,2026-09-13,17
Hyundai,Sonata,2024,3000,Petrol,Manual,1,Metro,26600.0,2026-01-12,19
Hyundai,Sonata,2022,48237,Petrol,Automatic,1,Central,18500.0,2026-01-28,30
Kia,Sportage,2016,129500,Petrol,Automatic,3,Central,5800.0,2025-11-04,28
Toyota,Camry,2017,70959,Hybrid,Automatic,2,Central,10350.0,2026-03-01,32
Tesla,Model X,2018,84213,Electric,Automatic,1,East,36050.0,2026-01-12,37
Ford,Explorer,2012,174003,Petrol,Automatic,1,North,4550.0,2026-02-19,140
Kia,Sportage,2018,59671,Petrol,Manual,2,North,9550.0,2026-05-01,55
Honda,CR-V,2016,124422,Petrol,Manual,2,East,8900.0,2025-10-31,30
Ford,Explorer,2022,30897,Electric,Automatic,1,Metro,29850.0,2026-06-19,38
Ford,Escape,2024,3000,Petrol,Automatic,1,East,29350.0,2026-03-19,16
Audi,Q5,2016,75908,Petrol,Automatic,3,West,11050.0,2026-09-02,28
Nissan,Sentra,2022,47492,Petrol,Automatic,1,South,15250.0,2026-04-20,17
Kia,Sportage,2024,3000,Petrol,Automatic,1,East,26850.0,2026-03-14,23
Toyota,Tacoma,2021,21409,Hybrid,Manual,1,East,22800.0,2026-08-04,8
Tesla,Model 3,2021,31355,Electric,Automatic,1,East,26950.0,2026-04-04,17
Volkswagen,Jetta,2023,7854,Petrol,Automatic,1,East,21750.0,2026-06-02,20
Tesla,Model Y,2015,186482,Electric,Automatic,2,Metro,9550.0,2026-03-08,109
Tesla,Model 3,2024,3000,Electric,Automatic,1,West,45200.0,2026-01-14,9
Volkswagen,Tiguan,2017,87206,Petrol,Automatic,4,Central,9100.0,2025-11-11,9
Kia,Optima,2021,39950,Petrol,Manual,2,East,14450.0,2026-09-10,29
Audi,Q7,2012,180719,Petrol,Automatic,1,Central,7450.0,2026-08-26,140
Tesla,Model X,2020,46551,Electric,Automatic,1,West,51050.0,2026-01-20,21
Nissan,Pathfinder,2022,33902,Petrol,Automatic,1,East,25950.0,2025-12-15,5
Toyota,Tacoma,2018,85622,Petrol,Automatic,3,North,14550.0,2026-01-21,15
Honda,CR-V,2015,102124,Hybrid,Manual,1,North,8250.0,2026-09-13,41
Volkswagen,Jetta,2021,47938,Petrol,Automatic,1,West,14000.0,2025-10-07,8
Mercedes-Benz,GLC,2016,81055,Hybrid,Manual,3,Metro,10300.0,2026-03-01,41
Chevrolet,Malibu,2016,144978,Hybrid,Automatic,2,West,3500.0,2026-08-31,51
Mercedes-Benz,GLC,2019,56558,Diesel,Manual,1,West,15850.0,2026-01-23,22
Chevrolet,Silverado,2023,21535,Hybrid,Manual,1,North,30550.0,2026-01-03,35
Tesla,Model X,2012,65471,Electric,Automatic,2,Central,10550.0,2026-01-13,49
BMW,3 Series,2018,91196,Petrol,Manual,2,Central,9100.0,2025-11-26,23
Audi,Q5,2024,3000,Petrol,Manual,1,East,45850.0,2025-10-24,26
Chevrolet,Malibu,2021,25587,Petrol,Automatic,1,North,15650.0,2026-01-21,31
Toyota,Corolla,2021,33421,Petrol,Automatic,1,South,14350.0,2026-07-12,6
Ford,F-150,2019,74301,Petrol,Automatic,1,East,19300.0,2025-10-29,54
Toyota,Corolla,2015,162613,Hybrid,Automatic,1,North,3300.0,2025-10-18,69
Honda,CR-V,2020,63002,Hybrid,Manual,1,Central,15050.0,2026-01-01,19
Hyundai,Elantra,2023,24153,Petrol,Automatic,1,West,19950.0,2026-04-16,28
Kia,Optima,2020,35189,Petrol,Automatic,1,South,14150.0,2026-07-24,17
Mercedes-Benz,GLE,2017,84547,Electric,Manual,1,North,15000.0,2026-02-10,41
Tesla,Model 3,2022,42204,Electric,Automatic,1,East,31000.0,2026-03-22,34
Toyota,Highlander,2019,60375,Hybrid,Automatic,1,Metro,24400.0,2026-05-18,29
Chevrolet,Silverado,2024,3000,Petrol,Automatic,1,North,38500.0,2026-05-27,10
Toyota,Highlander,2015,66146,Petrol,Automatic,1,North,13500.0,2025-11-10,9
Mercedes-Benz,GLE,2023,13718,Hybrid,Manual,1,Metro,55400.0,2026-02-11,57
BMW,X3,2022,23456,Diesel,Automatic,1,South,33350.0,2026-04-29,4
Tesla,Model Y,2018,101805,Electric,Automatic,2,North,16500.0,2025-09-23,47
Volkswagen,Tiguan,2022,23621,Petrol,Automatic,1,West,21850.0,2026-08-01,28
Ford,Mustang,2022,29912,Petrol,Automatic,1,Metro,27400.0,2026-07-16,27
Mercedes-Benz,E-Class,2017,95911,Hybrid,Manual,2,North,13950.0,2025-10-02,29
Ford,Explorer,2021,42178,Hybrid,Manual,1,West,23950.0,2026-08-04,19
BMW,X5,2012,231338,Petrol,Automatic,1,West,8050.0,2026-06-19,140
Toyota,RAV4,2022,28266,Diesel,Manual,2,East,21250.0,2025-10-12,43
Tesla,Model S,2022,22334,Electric,Automatic,1,Metro,65000.0,2026-07-26,22
BMW,3 Series,2024,3000,Petrol,Automatic,1,North,43400.0,2026-05-24,37
Ford,Explorer,2023,18714,Petrol,Automatic,1,East,33550.0,2026-03-03,37
Ford,F-150,2016,151614,Petrol,Automatic,2,South,7200.0,2026-04-01,25
Nissan,Pathfinder,2023,11166,Petrol,Automatic,1,North,30500.0,2026-06-30,22
Audi,A6,2020,47906,Petrol,Automatic,1,Metro,32550.0,2026-07-14,46
Mercedes-Benz,E-Class,2018,81098,Petrol,Manual,1,North,18700.0,2026-03-21,44
Mercedes-Benz,C-Class,2024,3000,Petrol,Automatic,1,North,45350.0,2026-09-15,22
Volkswagen,Golf,2019,62993,Diesel,Automatic,3,West,11250.0,2026-05-18,26
Tesla,Model X,2020,46028,Electric,Automatic,2,North,47550.0,2026-08-13,95
Toyota,Highlander,2019,57135,Petrol,Automatic,1,South,23050.0,2026-05-19,46
Ford,Escape,2014,142722,Petrol,Automatic,1,North,3900.0,2026-07-13,39
Honda,CR-V,2021,32596,Petrol,Automatic,1,West,21700.0,2025-10-11,22
Nissan,Sentra,2014,115882,Petrol,Automatic,2,North,2650.0,2026-02-06,72
Honda,Civic,2024,3000,Hybrid,Automatic,1,North,24800.0,2026-06-15,36
BMW,3 Series,2012,135107,Hybrid,Automatic,1,East,5400.0,2026-01-29,140
Volkswagen,Tiguan,2017,178691,Petrol,Automatic,1,North,7400.0,2026-01-24,32
Subaru,Forester,2021,30618,Petrol,Automatic,1,South,19050.0,2026-02-21,18
Chevrolet,Silverado,2022,33096,Hybrid,Automatic,1,North,30650.0,2026-01-10,13
Mazda,CX-9,2023,7430,Petrol,Manual,1,West,34950.0,2026-02-10,41
Chevrolet,Equinox,2024,3000,Petrol,Automatic,1,East,28800.0,2025-10-01,63
BMW,X5,2015,89231,Hybrid,Manual,1,Metro,13950.0,2026-08-05,33
Hyundai,Elantra,2022,24079,Petrol,Automatic,1,South,16850.0,2026-04-16,45
Honda,CR-V,2017,135058,Hybrid,Automatic,2,Central,8500.0,2026-03-02,20
Ford,F-150,2020,38867,Petrol,Automatic,1,Central,18500.0,2026-02-13,14
Ford,F-150,2013,180785,Petrol,Automatic,2,Metro,4550.0,2025-10-30,140
Hyundai,Tucson,2023,14208,Hybrid,Automatic,1,North,24650.0,2026-08-06,29
Porsche,Macan,2020,47579,Petrol,Automatic,1,West,46650.0,2026-05-22,36
Mercedes-Benz,GLE,2023,12182,Petrol,Automatic,2,Metro,54300.0,2026-05-13,21
Hyundai,Tucson,2021,24983,Petrol,Automatic,1,East,19100.0,2026-07-24,24
Honda,Accord,2014,194858,Hybrid,Automatic,2,South,3900.0,2026-04-07,88
Honda,CR-V,2022,22348,Hybrid,Automatic,1,Metro,27650.0,2025-12-06,10
Audi,A4,2018,97996,Petrol,Automatic,2,Central,14650.0,2025-11-29,25
Chevrolet,Tahoe,2013,203247,Petrol,Automatic,3,North,6850.0,2025-12-07,52
Toyota,Camry,2023,11300,Petrol,Automatic,1,Metro,26350.0,2026-07-14,23
Nissan,Altima,2019,73851,Electric,Automatic,1,East,9450.0,2026-01-31,22
BMW,M3,2021,50026,Petrol,Automatic,1,West,43700.0,2026-04-04,28
Nissan,Rogue,2015,97427,Petrol,Automatic,4,Central,3500.0,2026-03-25,37
Chevrolet,Malibu,2020,49913,Petrol,Automatic,2,North,12700.0,2025-10-20,42
Mazda,Mazda3,2017,102025,Petrol,Automatic,2,East,8500.0,2026-06-20,44
Mazda,Mazda6,2015,137455,Petrol,Automatic,1,South,6650.0,2026-07-06,91
Audi,Q7,2023,7542,Petrol,Automatic,1,South,48850.0,2026-02-10,26
Mercedes-Benz,GLE,2021,61140,Hybrid,Automatic,1,North,35400.0,2026-05-05,39
Audi,A6,2020,45569,Petrol,Automatic,1,South,29250.0,2025-12-15,39
Kia,Optima,2023,18470,Hybrid,Automatic,1,Central,21350.0,2026-03-10,27
Toyota,Camry,2014,116077,Petrol,Manual,1,West,5000.0,2026-01-15,29
Toyota,Highlander,2018,138469,Petrol,Automatic,4,West,15800.0,2026-09-02,39
Ford,F-150,2017,145120,Petrol,Automatic,2,East,9000.0,2026-07-19,68
Hyundai,Santa Fe,2023,17953,Hybrid,Automatic,2,Metro,29550.0,2026-06-28,18
Toyota,Tacoma,2020,36396,Petrol,Automatic,1,North,19850.0,2025-10-06,19
Mazda,Mazda3,2017,114226,Petrol,Automatic,2,East,7050.0,2026-06-08,15
Nissan,Pathfinder,2023,11273,Electric,Manual,2,West,31550.0,2025-10-09,7
Tesla,Model X,2024,3000,Electric,Automatic,1,South,95400.0,2025-09-26,42
Subaru,Crosstrek,2016,101017,Petrol,Automatic,4,North,6800.0,2025-10-31,49
Audi,A6,2020,37820,Petrol,Manual,2,North,26900.0,2026-05-29,45
Honda,CR-V,2021,57956,Petrol,Manual,1,West,20050.0,2026-05-05,51
Chevrolet,Equinox,2016,79724,Petrol,Automatic,1,Metro,9800.0,2026-07-27,41
Toyota,Highlander,2017,139400,Hybrid,Automatic,2,Metro,18150.0,2026-06-08,53
Volkswagen,Jetta,2013,153403,Petrol,Automatic,2,South,2750.0,2026-06-08,140
BMW,X5,2016,92225,Petrol,Automatic,1,North,13700.0,2026-06-11,32
Toyota,Highlander,2019,40632,Hybrid,Automatic,1,North,24850.0,2026-02-02,44
Chevrolet,Silverado,2024,3000,Diesel,Manual,1,South,35500.0,2026-09-14,17
Chevrolet,Tahoe,2024,3000,Petrol,Automatic,1,South,61200.0,2025-12-07,17
Mercedes-Benz,GLC,2019,63208,Petrol,Manual,1,Metro,18000.0,2026-01-29,14
Porsche,Macan,2019,40401,Petrol,Automatic,1,Central,36950.0,2025-12-18,77
Ford,F-150,2022,23617,Petrol,Manual,1,West,29550.0,2026-05-06,28
Porsche,911,2021,53932,Petrol,Manual,1,North,79050.0,2026-04-03,33
Nissan,Sentra,2016,111703,Petrol,Automatic,2,South,4500.0,2025-11-13,97
Nissan,Pathfinder,2024,3000,Petrol,Automatic,2,East,36800.0,2025-12-13,23
BMW,5 Series,2024,3000,Petrol,Automatic,1,West,61850.0,2026-08-21,27
Hyundai,Sonata,2021,26011,Diesel,Manual,1,West,16100.0,2026-06-18,54
Toyota,Highlander,2024,3000,Petrol,Automatic,1,West,40950.0,2025-10-02,20
Hyundai,Elantra,2020,105867,Petrol,Automatic,2,South,10200.0,2026-01-18,22
Ford,Explorer,2013,200138,Petrol,Automatic,2,West,4550.0,2026-01-29,95
BMW,X3,2022,24850,Petrol,Manual,1,South,32150.0,2026-04-28,18
Tesla,Model Y,2024,3000,Electric,Automatic,1,East,50150.0,2026-09-01,42
Hyundai,Elantra,2024,3000,Petrol,Automatic,1,West,21700.0,2026-07-05,30
Audi,A4,2018,120277,Diesel,Automatic,1,West,17600.0,2026-06-17,57
Toyota,Corolla,2024,3000,Petrol,Automatic,1,North,22050.0,2025-12-30,25
Mazda,Mazda3,2018,56141,Petrol,Automatic,1,Central,11350.0,2026-08-05,24
Hyundai,Elantra,2015,164951,Petrol,Automatic,2,West,3900.0,2025-12-22,42
BMW,X3,2018,106008,Petrol,Automatic,3,Central,14600.0,2026-07-29,17
Toyota,Highlander,2017,110587,Hybrid,Automatic,2,Metro,18450.0,2026-08-01,60
Hyundai,Tucson,2017,100994,Petrol,Automatic,1,Metro,11050.0,2026-07-16,140
Mazda,Mazda6,2024,3000,Petrol,Automatic,1,North,27000.0,2026-08-10,15
BMW,M3,2019,72811,Petrol,Automatic,2,North,30600.0,2025-12-27,21
Mercedes-Benz,GLC,2020,55196,Hybrid,Automatic,2,South,24550.0,2026-03-21,30
Toyota,RAV4,2022,30778,Petrol,Automatic,1,North,22900.0,2026-04-23,30
Volkswagen,Passat,2023,13780,Petrol,Automatic,1,South,23900.0,2025-09-25,18
Porsche,911,2017,79753,Petrol,Automatic,2,West,69100.0,2026-03-04,26
Toyota,RAV4,2020,101136,Petrol,Automatic,2,East,15650.0,2025-12-05,25
Mercedes-Benz,E-Class,2021,41516,Hybrid,Automatic,2,Metro,37650.0,2026-06-25,17
Volkswagen,Tiguan,2017,99652,Petrol,Automatic,1,Metro,10350.0,2026-02-15,31
BMW,5 Series,2014,104784,Petrol,Manual,2,West,7000.0,2026-09-04,32
BMW,M3,2023,16960,Petrol,Automatic,1,West,65000.0,2026-01-16,11
Honda,Civic,2017,125002,Petrol,Manual,1,South,7250.0,2025-10-04,17
Volkswagen,Golf,2020,48546,Petrol,Automatic,1,East,13750.0,2026-02-22,30
Mazda,Mazda3,2022,40719,Petrol,Automatic,1,Central,18450.0,2026-05-17,72
Ford,Explorer,2013,266999,Hybrid,Automatic,2,West,4550.0,2026-09-01,140
Honda,Civic,2018,76474,Petrol,Manual,2,South,9200.0,2025-12-13,16
Audi,A6,2019,88773,Hybrid,Manual,1,South,22150.0,2026-06-13,19
Hyundai,Tucson,2016,123258,Petrol,Manual,2,South,5000.0,2026-01-13,18
Subaru,Impreza,2023,6189,Petrol,Automatic,1,Metro,21500.0,2026-07-07,35
Honda,Pilot,2013,130156,Hybrid,Manual,2,Metro,7550.0,2026-06-02,16
Ford,Explorer,2017,97284,Petrol,Automatic,1,West,13750.0,2026-05-28,34
Toyota,Corolla,2023,11886,Petrol,Automatic,2,South,20250.0,2025-11-26,47
Chevrolet,Equinox,2015,96211,Petrol,Automatic,3,North,3350.0,2026-07-14,15
Honda,CR-V,2014,123200,Petrol,Manual,2,East,6000.0,2026-05-26,49
Honda,Accord,2024,3000,Petrol,Automatic,1,Metro,31100.0,2025-10-20,5
Toyota,Corolla,2014,124428,Hybrid,Automatic,4,West,4800.0,2025-10-20,34
Chevrolet,Silverado,2018,76185,Petrol,Automatic,2,East,16450.0,2026-05-08,69
Audi,Q5,2014,120681,Hybrid,Automatic,2,East,6700.0,2026-07-18,37
Kia,Telluride,2024,3000,Petrol,Automatic,2,North,34350.0,2025-09-25,12
Audi,Q5,2017,79978,Petrol,Manual,1,Metro,11850.0,2025-09-23,20
Toyota,Camry,2024,3000,Petrol,Automatic,1,East,27350.0,2026-01-12,11
Kia,Optima,2015,100631,Petrol,Automatic,1,West,5150.0,2026-02-27,41
Toyota,Tacoma,2013,125225,Hybrid,Automatic,3,North,6150.0,2025-09-28,16
Hyundai,Sonata,2018,98938,Hybrid,Automatic,4,South,9250.0,2025-09-17,65
Toyota,Corolla,2015,96680,Hybrid,Automatic,1,West,6450.0,2026-05-08,35
Subaru,Crosstrek,2013,162849,Petrol,Automatic,3,South,3100.0,2026-09-08,32
Toyota,Camry,2020,75554,Hybrid,Manual,2,North,14750.0,2026-02-03,21
Toyota,Camry,2015,116615,Hybrid,Automatic,2,West,6450.0,2026-06-10,36
Volkswagen,Jetta,2024,3000,Diesel,Automatic,1,South,21950.0,2026-05-31,15
Honda,Pilot,2024,3000,Petrol,Automatic,2,West,36050.0,2026-07-13,16
Volkswagen,Golf,2023,11670,Diesel,Automatic,1,East,21900.0,2025-09-21,17
BMW,3 Series,2016,125874,Hybrid,Automatic,3,South,9800.0,2026-04-17,11
Chevrolet,Tahoe,2021,36921,Petrol,Automatic,2,Central,33100.0,2026-07-31,32
Hyundai,Santa Fe,2021,48572,Petrol,Automatic,2,North,19950.0,2026-02-10,27
Tesla,Model S,2020,60515,Electric,Automatic,2,East,43850.0,2026-04-14,35
Volkswagen,Tiguan,2015,146991,Petrol,Automatic,3,Central,3600.0,2026-02-22,25
Toyota,Camry,2018,114223,Petrol,Automatic,2,East,11450.0,2025-09-27,33
Honda,Accord,2022,38166,Petrol,Automatic,1,East,23550.0,2026-09-09,62
Tesla,Model X,2022,19551,Electric,Automatic,2,East,72500.0,2026-01-28,48
Nissan,Rogue,2015,158996,Hybrid,Automatic,2,East,3500.0,2026-08-27,27
Toyota,Highlander,2023,12347,Petrol,Automatic,1,West,38450.0,2026-05-27,20
Mercedes-Benz,GLE,2022,26699,Petrol,Manual,1,South,44200.0,2026-03-30,34
Toyota,Tacoma,2023,13851,Petrol,Automatic,1,Central,31100.0,2025-11-19,30
Toyota,Tacoma,2014,152511,Petrol,Automatic,2,Metro,5900.0,2026-06-23,41
Honda,Civic,2021,32408,Petrol,Automatic,1,North,16200.0,2026-06-03,41
Honda,Pilot,2012,150511,Petrol,Automatic,3,East,5350.0,2025-10-11,43
Mercedes-Benz,GLC,2022,21600,Petrol,Automatic,1,Central,36500.0,2026-07-26,10
Toyota,Tacoma,2023,23011,Petrol,Automatic,1,West,30150.0,2026-02-09,13
Volkswagen,Golf,2023,11036,Petrol,Automatic,1,Metro,26050.0,2025-09-24,34
Audi,A6,2024,3000,Hybrid,Automatic,1,North,61600.0,2025-11-27,15
Tesla,Model 3,2024,3798,Electric,Automatic,1,West,44450.0,2026-06-01,32
Mazda,CX-5,2019,78087,Petrol,Automatic,1,Metro,17100.0,2026-07-26,33
Nissan,Sentra,2013,171145,Petrol,Automatic,1,South,2650.0,2025-11-16,140
Honda,Civic,2024,3376,Petrol,Automatic,1,Metro,26950.0,2026-06-02,7
Tesla,Model X,2021,43908,Electric,Automatic,2,West,53300.0,2026-08-22,69
Toyota,Corolla,2022,25675,Petrol,Automatic,2,East,17900.0,2025-11-01,47
Volkswagen,Golf,2024,3000,Petrol,Automatic,1,East,26150.0,2026-05-23,29
Ford,Explorer,2016,176744,Hybrid,Manual,1,North,8600.0,2026-06-01,46
Audi,Q5,2020,44187,Petrol,Automatic,1,South,23450.0,2026-09-13,11
Volkswagen,Jetta,2021,50944,Petrol,Automatic,2,South,12050.0,2026-01-24,18
BMW,3 Series,2022,33580,Petrol,Automatic,1,Metro,33500.0,2025-11-22,35
Ford,Explorer,2021,50909,Petrol,Automatic,1,North,23600.0,2026-01-04,13
Subaru,Impreza,2020,60471,Petrol,Automatic,1,East,13250.0,2025-12-19,24
Ford,Mustang,2016,96170,Petrol,Manual,1,Metro,10050.0,2025-11-07,49
Kia,Telluride,2019,128251,Hybrid,Automatic,1,Metro,20450.0,2025-12-23,60
Mercedes-Benz,GLC,2020,34934,Petrol,Automatic,2,East,26450.0,2025-10-19,35
BMW,M3,2023,22978,Petrol,Automatic,1,Central,61400.0,2026-05-22,39
Honda,CR-V,2018,69856,Hybrid,Automatic,3,Metro,14250.0,2026-04-11,44
Ford,Mustang,2020,73276,Petrol,Automatic,2,Metro,17750.0,2026-08-07,15
Porsche,Cayenne,2024,3000,Petrol,Automatic,1,West,89350.0,2026-04-25,27
Mercedes-Benz,E-Class,2021,47976,Petrol,Manual,1,North,30700.0,2026-05-02,39
BMW,5 Series,2022,16932,Hybrid,Automatic,1,South,42650.0,2025-09-21,53
Chevrolet,Equinox,2012,68821,Petrol,Manual,1,Central,3350.0,2025-12-07,108
Honda,Accord,2019,67247,Petrol,Automatic,1,North,14400.0,2026-04-15,26
Tesla,Model Y,2015,110563,Electric,Automatic,2,West,10600.0,2026-04-23,56
Toyota,Camry,2018,62789,Petrol,Automatic,1,West,13750.0,2025-11-21,12
Mercedes-Benz,C-Class,2024,3000,Petrol,Automatic,1,North,44550.0,2026-02-11,16
Hyundai,Santa Fe,2024,3000,Petrol,Automatic,1,North,32900.0,2026-04-25,32
Hyundai,Sonata,2022,21362,Hybrid,Manual,1,East,19350.0,2025-10-17,42
Hyundai,Elantra,2021,27763,Petrol,Manual,3,Central,11500.0,2026-02-01,18
Toyota,RAV4,2022,26479,Hybrid,Automatic,1,East,25550.0,2025-11-09,25
Audi,Q5,2020,71280,Electric,Manual,1,South,22100.0,2026-06-20,48
BMW,5 Series,2020,31123,Petrol,Automatic,2,East,26450.0,2025-11-30,52
Honda,Pilot,2020,53865,Hybrid,Automatic,1,Central,22150.0,2025-11-20,22
Volkswagen,Jetta,2024,3000,Hybrid,Automatic,1,South,23800.0,2026-03-06,20
BMW,X5,2014,171666,Petrol,Automatic,2,South,12700.0,2026-02-13,38
Volkswagen,Golf,2020,41970,Hybrid,Automatic,1,Metro,15000.0,2026-04-24,37
Mercedes-Benz,C-Class,2012,135307,Petrol,Manual,1,North,5650.0,2025-12-22,140
Ford,F-150,2022,28055,Electric,Automatic,1,Central,25800.0,2025-10-28,12
Toyota,RAV4,2023,10624,Hybrid,Automatic,1,Central,27950.0,2025-12-25,13
Chevrolet,Malibu,2017,70274,Petrol,Automatic,2,North,6800.0,2026-08-30,12
Ford,F-150,2020,47789,Petrol,Manual,1,West,21050.0,2026-04-23,44
Honda,Accord,2024,3000,Diesel,Manual,1,West,28100.0,2026-07-02,31
Tesla,Model S,2020,42423,Electric,Automatic,1,East,52450.0,2026-08-22,52
BMW,X5,2012,124972,Hybrid,Automatic,1,West,8050.0,2026-07-20,81
Toyota,Highlander,2018,87719,Petrol,Automatic,2,North,17600.0,2026-07-19,15
Porsche,Macan,2024,3000,Petrol,Automatic,1,South,61550.0,2025-10-01,30
Ford,Escape,2022,32518,Petrol,Automatic,1,West,21000.0,2025-11-08,28
Chevrolet,Equinox,2019,68224,Petrol,Automatic,1,North,12650.0,2025-10-05,29
Chevrolet,Silverado,2023,6469,Diesel,Automatic,1,Metro,35600.0,2026-03-01,43
Audi,Q7,2019,75063,Petrol,Automatic,1,North,26200.0,2026-03-13,56
Hyundai,Elantra,2013,245995,Hybrid,Automatic,3,East,2650.0,2026-08-21,140
Tesla,Model X,2023,8389,Electric,Automatic,1,South,76200.0,2025-10-08,34
Hyundai,Santa Fe,2015,150150,Petrol,Automatic,2,Central,6450.0,2026-03-14,24
Toyota,Camry,2015,84847,Hybrid,Manual,1,North,8750.0,2026-08-31,36
BMW,3 Series,2023,17394,Petrol,Automatic,1,North,39500.0,2026-07-09,61
Ford,Mustang,2018,79537,Petrol,Automatic,3,Metro,11300.0,2025-12-06,18
Toyota,Corolla,2016,182573,Petrol,Automatic,1,North,4200.0,2026-01-23,30
Tesla,Model X,2022,23891,Electric,Automatic,1,Central,70400.0,2026-06-19,29
Hyundai,Sonata,2024,3457,Petrol,Automatic,1,East,26950.0,2025-12-04,11
Ford,Explorer,2023,15507,Hybrid,Automatic,1,South,34750.0,2026-08-07,19
Nissan,Rogue,2022,33947,Petrol,Automatic,1,East,22200.0,2026-03-03,22
Honda,Civic,2024,3000,Hybrid,Automatic,1,North,25750.0,2026-03-05,26
Honda,Pilot,2021,61233,Petrol,Automatic,1,West,28200.0,2025-10-24,6
Tesla,Model X,2015,157655,Electric,Automatic,2,East,16450.0,2026-03-26,19
BMW,5 Series,2023,17319,Petrol,Automatic,1,Central,48200.0,2025-09-20,18
Audi,Q5,2016,98598,Petrol,Automatic,2,South,9900.0,2026-07-31,25
Audi,A4,2020,35986,Petrol,Manual,3,Metro,23100.0,2026-08-14,52
Toyota,RAV4,2024,3000,Petrol,Automatic,1,South,28650.0,2026-07-06,23
Honda,CR-V,2023,15675,Hybrid,Automatic,1,East,29950.0,2026-06-02,31
Mercedes-Benz,C-Class,2023,9270,Petrol,Automatic,1,North,39050.0,2025-09-25,33
Honda,Accord,2017,65963,Diesel,Automatic,2,Metro,11700.0,2026-05-27,33
Audi,Q5,2021,57295,Petrol,Automatic,1,Central,24900.0,2026-07-06,42
Chevrolet,Tahoe,2024,3000,Petrol,Automatic,1,South,58800.0,2026-04-16,32
Kia,Telluride,2018,110453,Hybrid,Automatic,2,North,15800.0,2026-02-08,78
Audi,A4,2014,151308,Petrol,Automatic,2,East,5150.0,2026-02-03,97
Subaru,Crosstrek,2020,52815,Petrol,Manual,2,North,13750.0,2025-12-14,25
Nissan,Altima,2018,95269,Petrol,Manual,1,North,6750.0,2026-07-23,58
Mercedes-Benz,GLC,2017,97202,Hybrid,Automatic,3,Central,7250.0,2026-06-27,18
Honda,Accord,2015,84461,Hybrid,Automatic,2,North,9550.0,2026-01-11,69
Nissan,Sentra,2022,40229,Petrol,Automatic,1,East,16500.0,2026-07-11,45
Honda,Pilot,2021,25979,Diesel,Automatic,1,North,24300.0,2026-01-23,24
Nissan,Altima,2017,104788,Petrol,Automatic,1,Central,6750.0,2026-07-11,42
Honda,Pilot,2023,14739,Petrol,Automatic,1,South,37300.0,2026-08-20,42
Ford,Escape,2012,190358,Petrol,Manual,1,South,3350.0,2026-06-02,140
Mazda,Mazda6,2018,53530,Petrol,Automatic,1,South,11500.0,2025-10-01,33
Toyota,RAV4,2015,180510,Petrol,Automatic,3,North,7100.0,2026-04-19,48
BMW,M3,2014,163069,Petrol,Automatic,4,South,13150.0,2026-08-21,58
Porsche,Macan,2014,124508,Petrol,Manual,3,Metro,18750.0,2026-07-14,40
Tesla,Model 3,2024,3000,Electric,Automatic,1,East,45500.0,2026-03-28,26
Ford,Escape,2018,75356,Petrol,Automatic,2,South,9350.0,2026-05-12,30
Toyota,RAV4,2019,52767,Hybrid,Automatic,1,West,17100.0,2026-08-29,36
BMW,X3,2017,112912,Petrol,Automatic,4,South,9900.0,2026-04-21,19
Mercedes-Benz,GLE,2024,3000,Hybrid,Manual,1,Central,60750.0,2025-10-28,27
Mercedes-Benz,E-Class,2023,10882,Petrol,Automatic,1,North,48650.0,2025-12-29,25
Ford,Explorer,2020,33531,Petrol,Automatic,2,Central,19800.0,2026-01-12,11
Toyota,Highlander,2024,3000,Petrol,Automatic,1,East,42800.0,2026-02-04,45
Ford,Mustang,2023,7799,Petrol,Automatic,1,Metro,30200.0,2026-02-19,27
Toyota,Tacoma,2024,3000,Petrol,Automatic,1,North,33750.0,2025-10-10,11
Audi,A4,2014,163029,Petrol,Automatic,2,Central,5150.0,2026-05-17,36
Ford,Escape,2023,12793,Petrol,Automatic,1,Metro,26700.0,2025-12-19,11
Tesla,Model S,2021,32165,Electric,Automatic,1,South,46200.0,2026-08-14,29
BMW,X5,2021,40174,Hybrid,Automatic,1,West,43550.0,2026-07-18,34
Toyota,Corolla,2017,85062,Petrol,Automatic,3,West,8400.0,2026-04-04,34
Hyundai,Elantra,2021,61979,Hybrid,Manual,2,Metro,15150.0,2026-02-17,38
Honda,CR-V,2022,21228,Petrol,Automatic,1,East,23550.0,2026-07-20,7
Tesla,Model Y,2023,19379,Electric,Automatic,1,West,43800.0,2026-08-07,15
Volkswagen,Jetta,2017,59528,Diesel,Automatic,3,North,5950.0,2025-12-05,25
Audi,Q5,2021,23996,Petrol,Manual,1,Metro,30750.0,2026-04-30,36
Mercedes-Benz,C-Class,2019,59415,Petrol,Automatic,3,West,19550.0,2025-12-01,43
Mercedes-Benz,GLC,2024,3000,Petrol,Automatic,1,South,50550.0,2026-08-05,8
Subaru,Forester,2019,74959,Petrol,Automatic,2,South,12750.0,2026-09-01,37
Ford,F-150,2017,64523,Hybrid,Manual,3,North,12100.0,2026-06-04,30
BMW,X5,2020,30811,Hybrid,Automatic,2,West,30800.0,2026-03-25,15
Volkswagen,Golf,2017,86787,Diesel,Automatic,2,South,7400.0,2026-06-19,82
Audi,A4,2024,3000,Petrol,Automatic,2,North,43400.0,2026-01-24,44
Nissan,Pathfinder,2022,32757,Petrol,Automatic,1,North,27350.0,2025-11-13,44
BMW,X3,2022,30304,Petrol,Automatic,2,South,34600.0,2025-09-19,11
Honda,Civic,2019,73077,Petrol,Automatic,1,West,13500.0,2026-05-07,27
Honda,Pilot,2022,19830,Petrol,Automatic,1,Central,29750.0,2025-11-28,51
Audi,Q5,2013,183303,Diesel,Automatic,2,West,5650.0,2026-06-18,140
Nissan,Altima,2020,41961,Petrol,Automatic,1,Central,13800.0,2026-06-29,33
Volkswagen,Passat,2019,101317,Petrol,Automatic,1,West,12800.0,2026-03-11,19
BMW,3 Series,2024,3000,Petrol,Manual,1,East,42400.0,2025-10-21,10
Audi,A6,2023,7577,Petrol,Automatic,1,East,49400.0,2025-11-07,17
Toyota,RAV4,2022,40503,Hybrid,Automatic,1,West,24500.0,2025-12-30,37
Hyundai,Santa Fe,2015,133535,Petrol,Automatic,2,Metro,7950.0,2026-04-24,20
Audi,A4,2023,19042,Petrol,Automatic,1,North,33450.0,2026-03-12,33
Nissan,Pathfinder,2022,26133,Petrol,Automatic,2,West,25700.0,2025-10-09,11
Toyota,RAV4,2021,34050,Petrol,Automatic,1,West,23200.0,2026-07-02,33
Tesla,Model X,2024,3000,Electric,Automatic,1,West,94200.0,2025-12-21,21
Tesla,Model S,2012,159953,Electric,Automatic,3,Metro,9850.0,2026-05-09,32
Toyota,Camry,2024,3000,Petrol,Automatic,1,North,26900.0,2025-10-16,34
Ford,Explorer,2023,13852,Petrol,Automatic,1,Metro,34700.0,2026-04-09,14
Honda,Civic,2017,88085,Hybrid,Automatic,1,West,9350.0,2025-10-01,33
Ford,Escape,2020,77817,Diesel,Automatic,1,Metro,14850.0,2026-01-25,44
Volkswagen,Tiguan,2016,73248,Petrol,Automatic,1,East,7350.0,2025-12-16,38
Toyota,Highlander,2024,3000,Hybrid,Automatic,1,Central,41150.0,2026-06-30,4
Toyota,RAV4,2024,3000,Hybrid,Manual,1,East,28000.0,2026-05-03,13
BMW,3 Series,2020,52473,Petrol,Automatic,2,Central,21500.0,2025-10-24,16
Volkswagen,Tiguan,2022,27409,Diesel,Automatic,2,Central,20700.0,2026-06-23,20
Toyota,Corolla,2020,57405,Hybrid,Automatic,3,North,12150.0,2026-07-02,28
Chevrolet,Tahoe,2012,182861,Petrol,Automatic,2,South,9500.0,2026-04-05,75
Toyota,Tacoma,2012,151702,Petrol,Automatic,2,Metro,4300.0,2026-04-03,34
Ford,Mustang,2022,22065,Petrol,Automatic,1,North,26200.0,2026-03-15,9
Volkswagen,Tiguan,2024,3000,Petrol,Automatic,1,South,27350.0,2026-04-06,21
Toyota,RAV4,2018,76985,Petrol,Automatic,2,West,13700.0,2025-10-07,37
Hyundai,Tucson,2024,3000,Diesel,Automatic,1,South,27900.0,2025-11-23,16
Audi,A6,2024,3000,Petrol,Automatic,1,South,58150.0,2025-11-12,61
Toyota,Tacoma,2021,38753,Hybrid,Automatic,1,South,23600.0,2026-06-20,15
Chevrolet,Malibu,2024,3000,Diesel,Manual,1,Central,23150.0,2026-01-25,16
Honda,Pilot,2023,4448,Petrol,Automatic,2,East,32950.0,2025-09-19,26
BMW,X5,2021,64186,Diesel,Automatic,2,North,34950.0,2026-03-14,22
Chevrolet,Equinox,2022,32941,Petrol,Automatic,2,North,20700.0,2026-01-02,13
Mazda,CX-9,2013,136162,Petrol,Automatic,4,West,8050.0,2025-12-21,22
BMW,M3,2015,97463,Petrol,Automatic,2,Central,15900.0,2025-11-24,28
Hyundai,Sonata,2018,49807,Petrol,Automatic,3,East,11550.0,2026-07-28,45
Ford,Explorer,2021,68277,Petrol,Automatic,1,West,25150.0,2025-11-08,30
Tesla,Model Y,2023,11298,Electric,Automatic,1,North,44500.0,2026-07-17,13
Ford,Mustang,2015,182413,Petrol,Automatic,4,East,4100.0,2025-10-03,3
Honda,Accord,2013,198410,Petrol,Automatic,1,West,3500.0,2025-12-09,84
Audi,Q7,2022,30194,Diesel,Automatic,1,South,40850.0,2026-03-25,3
Toyota,Tacoma,2022,37527,Petrol,Automatic,1,South,25550.0,2026-09-13,35
Audi,A6,2024,3000,Hybrid,Automatic,2,West,58750.0,2026-08-16,25
Kia,Optima,2021,50245,Petrol,Automatic,2,West,16350.0,2025-10-16,33
Hyundai,Tucson,2013,138268,Petrol,Manual,1,Central,3350.0,2026-09-01,17
Nissan,Pathfinder,2017,108560,Petrol,Manual,3,East,7300.0,2025-12-11,17
BMW,M3,2023,8179,Petrol,Automatic,2,Central,63750.0,2025-10-15,27
BMW,M3,2021,49347,Hybrid,Automatic,2,South,45500.0,2025-11-22,24
Mercedes-Benz,GLE,2024,3000,Hybrid,Automatic,1,Metro,74500.0,2026-03-22,23
BMW,3 Series,2024,3000,Petrol,Manual,2,East,42500.0,2025-09-27,28
Kia,Optima,2021,37122,Petrol,Automatic,1,Central,17150.0,2025-10-06,32
Kia,Optima,2021,36708,Petrol,Automatic,2,Metro,16400.0,2026-04-20,17
Hyundai,Sonata,2019,79715,Petrol,Automatic,1,West,11800.0,2026-01-25,39
Toyota,Camry,2012,221976,Hybrid,Automatic,1,North,3250.0,2025-11-05,140
Chevrolet,Malibu,2024,3000,Hybrid,Manual,1,Metro,26950.0,2025-12-14,14
Ford,Explorer,2020,70439,Petrol,Automatic,1,West,18050.0,2026-03-20,19
BMW,M3,2021,51559,Petrol,Automatic,2,East,44400.0,2025-11-13,52
Mazda,CX-9,2019,98836,Petrol,Automatic,3,Central,16700.0,2026-01-28,33
Tesla,Model Y,2012,107351,Electric,Automatic,3,East,5750.0,2026-06-25,140
Hyundai,Tucson,2014,152226,Petrol,Automatic,2,East,4250.0,2026-04-18,38
Mercedes-Benz,GLE,2021,30369,Electric,Automatic,1,South,45700.0,2025-12-13,38
Ford,F-150,2012,152488,Petrol,Automatic,2,South,4550.0,2026-05-15,89
Audi,Q5,2013,193252,Petrol,Automatic,1,East,5650.0,2026-04-20,140
Mazda,CX-5,2012,132607,Petrol,Manual,1,West,3600.0,2026-07-08,52
BMW,M3,2023,8827,Hybrid,Automatic,1,West,75900.0,2025-10-14,58
Ford,Mustang,2024,3000,Petrol,Automatic,1,Metro,36450.0,2026-07-23,19
Audi,Q7,2015,111239,Petrol,Automatic,3,South,11900.0,2026-08-25,27
Audi,Q7,2015,122547,Petrol,Automatic,3,South,11250.0,2026-01-01,53
Ford,F-150,2012,182014,Petrol,Automatic,2,North,4550.0,2026-05-23,140
Volkswagen,Golf,2018,116985,Petrol,Automatic,2,Metro,9200.0,2025-11-10,8
Toyota,Tacoma,2019,117760,Petrol,Automatic,1,Central,16750.0,2025-10-18,61
Mazda,Mazda6,2017,71269,Petrol,Automatic,2,East,9100.0,2025-10-24,40
Tesla,Model S,2014,254677,Electric,Automatic,3,South,10850.0,2026-03-12,13
Toyota,Tacoma,2019,60445,Hybrid,Automatic,2,Metro,21500.0,2026-03-25,52
Honda,Accord,2018,100476,Petrol,Automatic,3,West,9800.0,2026-02-26,13
Chevrolet,Malibu,2022,18846,Petrol,Manual,1,East,17500.0,2026-05-25,4
Mercedes-Benz,GLE,2021,52629,Petrol,Automatic,1,Central,33600.0,2026-06-02,62
Toyota,Highlander,2018,77085,Diesel,Automatic,1,East,17100.0,2026-01-01,55
Honda,Civic,2016,134261,Petrol,Automatic,3,East,6700.0,2026-01-07,33
Ford,Mustang,2015,78468,Petrol,Automatic,3,Metro,7150.0,2025-11-15,15
Honda,Accord,2024,3000,Petrol,Automatic,1,Metro,31450.0,2026-07-15,17
Mercedes-Benz,GLC,2020,42388,Hybrid,Automatic,1,North,26900.0,2025-12-28,61
Nissan,Sentra,2019,76350,Petrol,Automatic,2,North,6700.0,2026-04-21,32
Honda,Pilot,2013,142394,Petrol,Automatic,2,West,5800.0,2026-06-06,76
Mercedes-Benz,C-Class,2016,86800,Hybrid,Manual,4,Central,11700.0,2025-11-09,50
Audi,Q7,2019,84912,Petrol,Manual,2,North,23700.0,2026-07-24,15
Nissan,Pathfinder,2024,3000,Petrol,Automatic,1,East,38000.0,2026-09-14,11
Porsche,911,2023,16975,Petrol,Automatic,1,Central,107500.0,2026-01-22,26
Mercedes-Benz,E-Class,2021,56265,Diesel,Automatic,1,West,27950.0,2026-04-30,28
Audi,Q5,2018,54989,Diesel,Automatic,1,West,15750.0,2026-06-03,37
BMW,M3,2014,203842,Hybrid,Manual,3,South,9350.0,2026-09-10,20
Mercedes-Benz,E-Class,2014,113759,Hybrid,Automatic,2,Metro,10550.0,2026-09-02,97
Toyota,Tacoma,2022,36073,Hybrid,Manual,1,North,24650.0,2026-07-31,23
Hyundai,Sonata,2012,88877,Hybrid,Manual,3,Central,3100.0,2026-02-08,129
Nissan,Pathfinder,2016,129045,Petrol,Automatic,3,West,9200.0,2026-01-23,26
Toyota,Tacoma,2021,48234,Petrol,Automatic,2,North,23800.0,2026-07-21,16
Toyota,Highlander,2023,10355,Petrol,Manual,1,South,36150.0,2026-06-15,25
Ford,Mustang,2017,105209,Petrol,Automatic,2,South,11900.0,2026-05-11,48
Mercedes-Benz,E-Class,2021,36292,Hybrid,Automatic,2,North,35200.0,2025-09-26,23
Ford,Explorer,2021,57534,Diesel,Automatic,2,West,26050.0,2026-01-28,63
Audi,A4,2024,3000,Diesel,Automatic,1,West,42000.0,2025-09-19,16
Ford,Escape,2021,32491,Hybrid,Automatic,2,West,19900.0,2026-02-19,70
Porsche,Panamera,2014,213327,Petrol,Automatic,1,East,38400.0,2025-12-17,25
Mercedes-Benz,C-Class,2012,140236,Petrol,Automatic,3,South,5650.0,2026-05-16,140
Toyota,Corolla,2017,104131,Petrol,Automatic,3,Metro,8900.0,2026-01-24,92
Volkswagen,Passat,2023,8318,Petrol,Automatic,1,North,24450.0,2025-10-16,23
Kia,Optima,2015,147563,Hybrid,Automatic,1,North,5800.0,2026-06-13,100
Nissan,Pathfinder,2017,76432,Petrol,Manual,2,West,8300.0,2026-06-02,23
Toyota,Tacoma,2018,108506,Petrol,Automatic,2,East,14400.0,2026-06-29,30
Toyota,Highlander,2022,49331,Hybrid,Automatic,1,West,33850.0,2025-10-22,35
Ford,Mustang,2023,14223,Petrol,Automatic,2,East,29350.0,2026-06-04,67
Mercedes-Benz,E-Class,2020,36242,Electric,Automatic,1,Metro,28300.0,2026-01-01,36
Ford,F-150,2017,54955,Petrol,Manual,2,South,12050.0,2026-03-19,55
Hyundai,Tucson,2023,19739,Petrol,Automatic,2,Central,22350.0,2025-11-22,21
Mercedes-Benz,C-Class,2020,67426,Petrol,Automatic,2,South,20300.0,2026-04-22,39
Tesla,Model Y,2021,33798,Electric,Automatic,1,North,30350.0,2026-01-04,46
Audi,Q5,2020,45778,Petrol,Automatic,1,West,23350.0,2026-04-26,37
Tesla,Model S,2024,3000,Electric,Automatic,2,Central,80050.0,2026-01-15,20
Honda,Civic,2022,18273,Petrol,Automatic,2,Central,17550.0,2026-08-05,10
Mercedes-Benz,GLC,2018,67922,Diesel,Automatic,1,Metro,18050.0,2026-06-04,33
Ford,Explorer,2024,3000,Petrol,Automatic,1,Metro,40700.0,2026-06-16,22
Audi,Q7,2015,101243,Diesel,Automatic,3,North,11350.0,2025-10-19,33
Honda,CR-V,2020,60470,Petrol,Automatic,2,West,18200.0,2025-10-05,51
Kia,Forte,2018,84622,Petrol,Manual,2,South,6250.0,2026-04-12,52
Audi,A4,2022,24160,Hybrid,Automatic,1,West,35000.0,2026-06-20,19
Toyota,RAV4,2012,183289,Hybrid,Automatic,2,Metro,4950.0,2026-05-10,79
Honda,CR-V,2013,144796,Hybrid,Automatic,1,East,6700.0,2026-09-14,63
Ford,Mustang,2017,73520,Electric,Manual,2,Central,9500.0,2025-12-27,12
Ford,Mustang,2015,151402,Petrol,Automatic,2,North,4100.0,2026-04-15,18
Mercedes-Benz,C-Class,2017,93287,Hybrid,Automatic,3,South,9300.0,2026-08-19,33
Honda,Accord,2021,67168,Petrol,Automatic,1,Metro,22000.0,2025-11-20,24
Toyota,RAV4,2017,113595,Petrol,Automatic,2,Metro,12800.0,2025-12-25,18
Audi,Q7,2022,19353,Petrol,Automatic,1,Central,44450.0,2025-11-09,63
Volkswagen,Jetta,2018,60812,Petrol,Automatic,2,West,9550.0,2025-10-31,34
Chevrolet,Tahoe,2015,103741,Petrol,Manual,3,North,11350.0,2025-09-16,15
Ford,F-150,2012,129442,Petrol,Automatic,3,South,5150.0,2026-09-08,140
Chevrolet,Malibu,2021,69896,Petrol,Manual,1,Central,13050.0,2026-07-19,15
Nissan,Rogue,2020,51026,Petrol,Automatic,1,Metro,12550.0,2026-04-28,19
Ford,Explorer,2020,47399,Hybrid,Automatic,1,South,21500.0,2025-11-21,35
Ford,Explorer,2016,171318,Petrol,Automatic,1,South,8500.0,2025-12-01,36
Ford,Mustang,2013,132006,Petrol,Manual,3,North,4100.0,2026-08-29,23
Honda,Civic,2016,69347,Diesel,Automatic,2,South,8050.0,2026-08-04,15
Audi,Q5,2020,27105,Electric,Automatic,2,North,23000.0,2026-07-31,30
Hyundai,Sonata,2020,50666,Petrol,Manual,1,North,13300.0,2025-09-21,63
Chevrolet,Equinox,2021,37496,Petrol,Manual,1,South,16600.0,2026-03-18,14
Honda,Pilot,2017,84699,Petrol,Automatic,2,West,16650.0,2026-03-03,31
Audi,A6,2016,109098,Petrol,Manual,3,North,11600.0,2025-11-30,51
Toyota,Highlander,2021,73300,Petrol,Automatic,2,East,26750.0,2025-12-08,3
Honda,Civic,2020,58445,Petrol,Manual,1,West,14800.0,2025-09-29,21
Audi,Q5,2019,62921,Petrol,Manual,1,West,21600.0,2025-10-27,31
Hyundai,Santa Fe,2020,46960,Diesel,Automatic,1,South,17700.0,2025-11-30,19
Mazda,CX-5,2023,23335,Petrol,Automatic,2,South,24250.0,2026-06-26,25
Nissan,Pathfinder,2012,153820,Petrol,Automatic,3,Metro,4450.0,2026-02-25,108
Ford,F-150,2019,69705,Petrol,Automatic,2,North,16500.0,2026-09-07,25
Mercedes-Benz,GLC,2016,106250,Petrol,Automatic,3,West,9450.0,2025-10-10,42
Toyota,Tacoma,2012,255099,Hybrid,Automatic,2,East,3950.0,2026-04-26,89
Hyundai,Sonata,2024,3000,Petrol,Automatic,1,West,27800.0,2025-11-08,6
Chevrolet,Tahoe,2024,3000,Petrol,Automatic,1,South,60250.0,2026-08-09,27
Ford,Escape,2018,108107,Petrol,Automatic,4,East,8850.0,2025-10-25,82
BMW,X5,2012,159186,Diesel,Automatic,1,Central,8050.0,2025-11-17,140
Mercedes-Benz,GLC,2013,227424,Petrol,Automatic,1,South,6000.0,2026-04-22,140
Toyota,Highlander,2018,84251,Petrol,Automatic,3,East,16450.0,2026-07-20,28
Tesla,Model 3,2022,67282,Electric,Automatic,1,North,30900.0,2026-07-01,61
Mercedes-Benz,C-Class,2020,61364,Hybrid,Automatic,1,West,23850.0,2026-03-09,45
Toyota,Corolla,2014,84418,Petrol,Automatic,2,West,5900.0,2026-04-04,50
Kia,Forte,2023,18265,Petrol,Manual,1,Central,16400.0,2025-12-15,13
Chevrolet,Tahoe,2023,9523,Diesel,Automatic,1,East,50700.0,2026-02-02,31
Toyota,Corolla,2023,17738,Hybrid,Automatic,1,Central,19900.0,2025-10-13,44
